OFF
8000 15996 0
-0.1535581 0.4904184 -0.5662285 
-0.1479966 0.4919555 -0.4969925 
-0.1463492 0.5081931 -0.5657213 
-0.1556977 0.515 -0.5654714 
-0.1486059 0.5373712 -0.563724 
-0.1516296 0.5362051 -0.5085577 
-0.149601 0.5528418 -0.5174049 
-0.1487357 0.5541911 -0.5547677 
-0.1461687 0.5677928 -0.5323598 
-0.1391481 0.5338072 -0.4873877 
-0.1315625 0.5457206 -0.5634142 
-0.135 0.5670426 -0.5568225 
-0.1359664 0.5690677 -0.4952344 
-0.1363567 0.5761686 -0.5371952 
-0.1275844 0.495625 -0.5641029 
-0.1240259 0.482119 -0.4783469 
-0.1301712 0.5113904 -0.4726056 
-0.115625 0.5734782 -0.5542438 
-0.125 0.5817369 -0.545 
-0.1256787 0.5854421 -0.5352133 
-0.1262051 0.5856867 -0.5051562 
-0.124195 0.5985564 -0.4650249 
-0.1085686 0.4908637 -0.5630833 
-0.109375 0.54375 -0.5627772 
-0.11 0.5844532 -0.5440466 
-0.11 0.5890986 -0.53 
-0.1123387 0.5939732 -0.5096692 
-0.1162882 0.6010508 -0.4897189 
-0.1159056 0.6083084 -0.46625 
-0.09937673 0.6009181 -0.5024009 
-0.105 0.6104771 -0.48 
-0.09825812 0.5096875 -0.5631736 
-0.1001915 0.4869288 -0.4725676 
-0.09 0.565 -0.5580149 
-0.08998778 0.5792147 -0.5466284 
-0.08964013 0.5888873 -0.525 
-0.09658778 0.5948892 -0.5147364 
-0.09399874 0.6117967 -0.4769779 
-0.07875 0.4921875 -0.5666934 
-0.0844793 0.5990714 -0.4979162 
-0.085 0.6112793 -0.47 
-0.07575795 0.4983185 -0.4858589 
-0.0799184 0.5321805 -0.5642909 
-0.075 0.555 -0.5600861 
-0.07417981 0.5757048 -0.546891 
-0.07532091 0.5813059 -0.5268776 
-0.07351299 0.5940423 -0.4767333 
-0.06408481 0.4897061 -0.5653992 
-0.06309777 0.480625 -0.5028961 
-0.06393365 0.5138496 -0.5650287 
-0.06685925 0.51125 -0.4972317 
-0.06704163 0.5398279 -0.4860641 
-0.06433936 0.5514427 -0.5023521 
-0.06696756 0.560625 -0.4721875 
-0.06414501 0.5659676 -0.5470316 
-0.0645891 0.5654194 -0.5140901 
-0.06485536 0.5701667 -0.53 
-0.06931064 0.575 -0.51 
-0.06926498 0.575 -0.495 
-0.055 0.4825 -0.5602145 
-0.05207206 0.51125 -0.5580124 
-0.05655432 0.5125 -0.5065451 
-0.055 0.53 -0.5583531 
-0.06235388 0.5496354 -0.554577 
-0.05395754 0.5489928 -0.545 
-0.05401426 0.5492697 -0.535 
-0.04921968 0.4847266 -0.5470703 
-0.05121407 0.5025 -0.515 
-0.04827401 0.51875 -0.5315625 
-0.04940513 0.535 -0.545 
-0.05177158 0.535 -0.525 
0.02557908 -0.4776216 0.007679628 
0.03299257 -0.4730428 0.02137864 
0.04062561 -0.4376759 0.01402677 
0.04891542 -0.4701452 0.03722123 
0.05598589 -0.4471348 0.03220121 
0.05734646 -0.4180149 0.01880222 
0.06110691 -0.3667048 0.008767376 
0.06733993 -0.4640745 0.04317337 
0.07292917 -0.3915008 0.02147897 
0.08296707 -0.4254965 0.03834517 
0.07320087 -0.338842 0.003329363 
0.08878803 -0.4480162 0.04589377 
0.0967818 -0.4074737 0.03840576 
0.085 -0.345 0.009707261 
0.1036004 -0.3814018 0.02820998 
0.09999999 -0.3619877 0.01667121 
0.105 -0.3499341 0.007563647 
0.1085418 -0.4271084 0.0485627 
0.129031 -0.4034818 0.05539666 
0.124146 -0.38461 0.0380285 
0.1184551 -0.3630636 0.01529251 
0.1321029 -0.449349 0.07795217 
0.1329262 -0.4250371 0.06315844 
0.1367498 -0.3456442 0.01217088 
0.1413644 -0.4744067 0.1024822 
0.1343532 -0.3805379 0.04667804 
0.1427631 -0.3561381 0.02916492 
0.1335756 -0.3313015 -0.003121246 
0.1507508 -0.4158003 0.07755471 
0.1469628 -0.3803116 0.05695016 
0.1462964 -0.3661961 0.04450251 
0.1626956 -0.4413592 0.105529 
0.1666045 -0.371829 0.0591868 
0.1711353 -0.3291261 0.02172425 
0.05462562 0.7611111 -0.5398995 
0.05669267 0.7591116 -0.5051562 
0.05473507 0.7789236 -0.5408745 
0.05166576 0.7775 -0.49125 
0.05435894 0.7873148 -0.5244472 
0.05388434 0.7902341 -0.4748346 
0.05409953 0.796676 -0.49375 
0.06413268 0.7436292 -0.5320051 
0.06425935 0.744705 -0.513091 
0.0583301 0.755 -0.53 
0.06025518 0.7570794 -0.4802276 
0.06237721 0.765 -0.5595419 
0.06615414 0.775 -0.5639315 
0.06570598 0.7936438 -0.544156 
0.06339283 0.7968529 -0.535 
0.06389385 0.8060716 -0.4978366 
0.06319448 0.8072032 -0.475 
0.07720132 0.7332329 -0.5299214 
0.06950204 0.747128 -0.5571705 
0.07485405 0.7377587 -0.5021875 
0.07505116 0.7567493 -0.5749277 
0.07994685 0.770321 -0.5799566 
0.0711611 0.787461 -0.5593591 
0.08 0.7987175 -0.55 
0.07938968 0.805423 -0.526485 
0.08422554 0.7188765 -0.4546543 
0.08524472 0.7328621 -0.5472398 
0.08546761 0.7291971 -0.50625 
0.08410916 0.7428068 -0.5740677 
0.08429477 0.7518845 -0.5857952 
0.08767424 0.7877093 -0.5798541 
0.1038035 0.7245256 -0.5129613 
0.095 0.7311791 -0.5494503 
0.09354545 0.7437638 -0.5825614 
0.100625 0.763125 -0.5898623 
0.1074603 0.8016273 -0.5560048 
0.105019 0.71573 -0.4876348 
0.105 0.7408102 -0.5710257 
0.1075 0.7526476 -0.586865 
0.1075 0.7897081 -0.5842894 
0.1173364 0.714555 -0.4665462 
0.1205817 0.7312754 -0.5392733 
0.115 0.7406191 -0.5720572 
0.1201071 0.7942333 -0.5722929 
0.1324369 0.7331851 -0.5195318 
0.1253292 0.7417762 -0.5702948 
0.1321175 0.754562 -0.5801572 
0.125 0.76 -0.5897553 
0.1268754 0.7773177 -0.585959 
0.1300163 0.8042721 -0.54624 
0.1361396 0.7414163 -0.4790507 
0.1346358 0.7483633 -0.5613289 
0.136651 0.7792668 -0.5738763 
0.1350319 0.7950528 -0.5550374 
0.147324 0.7590766 -0.5431791 
0.1438271 0.7464984 -0.51875 
0.1395767 0.765 -0.57 
0.1446728 0.7656865 -0.5548047 
0.1431338 0.775 -0.5605103 
0.1500258 0.7851038 -0.550032 
0.1491688 0.7971792 -0.54292 
0.1488649 0.77 -0.475 
0.1540776 0.7736219 -0.497855 
0.151509 0.7901561 -0.4747308 
0.1550347 0.801275 -0.515625 
0.1539564 0.8020712 -0.49 
0.149565 0.805 -0.475 
0.1571446 0.78 -0.5275 
0.1579177 0.785 -0.5 
0.05694959 0.678769 -0.1466378 
0.05508179 0.6977177 -0.156525 
0.06224575 0.6517425 -0.1562534 
0.06049385 0.66125 -0.1221875 
0.064192 0.6409633 -0.08764474 
0.06482698 0.6733282 -0.1082043 
0.06460477 0.7 -0.1236779 
0.06619777 0.7111706 -0.1173283 
0.05912102 0.7434375 -0.15125 
0.06664044 0.7336096 -0.1224764 
0.06256694 0.7669118 -0.158843 
0.06931164 0.6599556 -0.07711192 
0.0733729 0.6728632 -0.07223494 
0.06882524 0.685 -0.095 
0.075 0.682169 -0.07818316 
0.06908519 0.69625 -0.10875 
0.07482548 0.7026266 -0.09338424 
0.07802989 0.7197282 -0.1017186 
0.07425299 0.7444582 -0.1194893 
0.0745466 0.7762817 -0.1445711 
0.07528906 0.7848172 -0.1594893 
0.08505815 0.6575484 -0.04705463 
0.08598061 0.6797873 -0.07044709 
0.085 0.6988823 -0.0839223 
0.085 0.735 -0.1085113 
0.085 0.759434 -0.1227759 
0.08700072 0.7809049 -0.1391532 
0.07937074 0.785 -0.145 
0.09005176 0.7931206 -0.1549766 
0.09893335 0.6635337 -0.04711272 
0.095 0.6751383 -0.06485955 
0.0971097 0.6919705 -0.07628859 
0.0925 0.7259417 -0.1008142 
0.10112 0.7435737 -0.1137645 
0.095 0.7594907 -0.1230149 
0.09643707 0.7753398 -0.134676 
0.1141684 0.6517358 -0.03182712 
0.105 0.6835644 -0.06577736 
0.105 0.7139298 -0.09123021 
0.1113476 0.7560966 -0.1297723 
0.1062151 0.7826259 -0.1486303 
0.115 0.6637574 -0.04884237 
0.1158478 0.6788344 -0.065235 
0.1167805 0.7005437 -0.08590209 
0.117548 0.7704801 -0.1494204 
0.1269346 0.645649 -0.02395348 
0.1244332 0.7372566 -0.1305851 
0.1239563 0.7593699 -0.156569 
0.1289705 0.6741256 -0.07165497 
0.1354097 0.6907165 -0.0984629 
0.1340147 0.7081583 -0.1289089 
0.1326769 0.7298855 -0.1569308 
0.1437097 0.6742356 -0.09810684 
0.1441427 0.6933301 -0.1381958 
0.138918 0.705 -0.145 
0.1541979 0.6567591 -0.09884841 
0.1552541 0.675343 -0.1340717 
0.1554998 0.6794264 -0.146232 
0.1491242 0.695 -0.155 
0.1621773 0.6512371 -0.1477939 
0.1657908 0.6479337 -0.1285991 
0.1587457 0.665 -0.135 
0.01295979 0.3245825 0.08637706 
0.005 0.335 0.08928645 
0.0225 0.35375 0.07878539 
0.015 0.355 0.07680245 
0.003892735 0.3625 0.08379492 
0.01375 0.3725 0.08013648 
0.0157276 0.4095917 0.07605217 
0.006060462 0.4446446 0.0740004 
0.01604657 0.4540625 0.07450409 
0.01120492 0.486875 0.07227354 
0.031875 0.3251612 0.07969949 
0.025 0.385 0.07954565 
0.02952394 0.4351917 0.06755459 
0.025 0.4491277 0.07372759 
0.025 0.4725 0.07778787 
0.03736484 0.3534914 0.07699885 
0.035 0.3800618 0.0756426 
0.03656303 0.4 0.07382691 
0.035 0.445 0.06964502 
0.03468842 0.4639217 0.07714243 
0.05063091 0.3211872 0.07925508 
0.045 0.37 0.07600789 
0.045 0.385 0.07787825 
0.04799233 0.395 0.08264924 
0.04474804 0.4103718 0.07793877 
0.03857816 0.425 0.065 
0.045 0.425 0.07226398 
0.03704087 0.435 0.065 
0.045 0.435 0.07136895 
0.04529579 0.4470536 0.06645592 
0.04059865 0.4701924 0.06885263 
0.04242618 0.492067 0.05679649 
0.0602079 0.3494649 0.07426523 
0.055 0.3675603 0.08296938 
0.05237625 0.38 0.08603193 
0.05503463 0.3899665 0.09362392 
0.055 0.404856 0.08490014 
0.05608704 0.4107713 0.0697104 
0.05479653 0.424641 0.05321713 
0.04908678 0.43625 0.059375 
0.05458656 0.4330571 0.04287688 
0.05383378 0.4688025 0.01855897 
0.05230365 0.46125 0.0375 
0.04832495 0.4875 0.0375 
0.06577516 0.3648243 0.08528338 
0.065 0.38 0.08986025 
0.06471626 0.3947347 0.084254 
0.06294893 0.4233377 0.03298938 
0.06019237 0.4394109 0.02442468 
0.065 0.4511511 0.004207388 
0.05905835 0.4725 0.005 
0.0863976 0.3332885 0.07245047 
0.07625512 0.3528299 0.07121213 
0.07328741 0.376022 0.0810506 
0.069793 0.385 0.085 
0.07178371 0.3952295 0.06709507 
0.07054701 0.4079245 0.04428886 
0.07491545 0.4147435 0.02474864 
0.06997397 0.425 0.025 
0.07539581 0.4289284 0.01081791 
0.08482097 0.3646197 0.04471131 
0.08472076 0.3647956 0.0572249 
0.08475734 0.3773076 0.04440987 
0.08169381 0.375 0.065 
0.09048709 0.4000512 0.01238046 
0.08139078 0.415 0.005 
0.08300892 0.425 0.00200387 
0.1078016 0.3338466 0.0600538 
0.09601742 0.3473931 0.05640154 
0.09651352 0.3610161 0.03988221 
0.0947625 0.3765609 0.02472528 
0.09057784 0.3851558 0.03781625 
0.09733817 0.4061532 0.006235751 
0.105 0.3473647 0.04701082 
0.1047916 0.3548223 0.03464878 
0.105 0.3711803 0.02424521 
0.1053736 0.3840634 0.01122983 
0.1236595 0.3460072 0.03952168 
0.1148076 0.3560167 0.03142756 
0.1145501 0.378565 0.0079211 
0.1301113 0.3256921 0.06619367 
0.1232497 0.3546764 0.0246058 
0.1331137 0.370585 0.01116731 
0.1405601 0.3448188 0.03479392 
0.1370019 0.354739 0.02470395 
0.145 0.3336161 0.05320763 
0.1505419 0.3242467 0.06378646 
0.145 0.3565143 0.02624176 
0.1598016 0.3347832 0.05490074 
0.1657339 0.3495934 0.04160914 
0.155 0.3669583 0.01743371 
0.1583957 0.381133 0.001217945 
0.1662786 0.3334398 0.065 
0.1655312 0.324147 0.07418597 
0.007416354 -0.6500413 0.1390924 
0.004578821 -0.6552529 0.1704912 
0.009513452 -0.6376307 0.1161234 
0.01392327 -0.6306038 0.1414479 
0.006357802 -0.5265052 -0.002762592 
0.01454621 -0.5126833 0.009800622 
0.01578944 -0.4952985 -0.005 
0.01247026 -0.4805545 -0.02710507 
0.002348604 -0.4810428 -0.03394081 
0.0176904 -0.495 0.005 
0.01949024 -0.4775 -0.015 
-0.0958575 -0.7949996 0.4729446 
-0.08660664 -0.8205981 0.4778674 
-0.0867491 -0.7944859 0.4468609 
-0.0750477 -0.8700446 0.4875963 
-0.07629234 -0.8422347 0.4768641 
-0.0750398 -0.805019 0.4449754 
-0.05690044 -0.8375759 0.4660118 
-0.05647574 -0.8598903 0.478029 
-0.0388463 -0.8302457 0.4589533 
-0.04988868 -0.8169625 0.4474036 
-0.01742122 -0.8522927 0.4681011 
-0.02090481 -0.8022359 0.4163519 
-0.01741834 -0.8299577 0.4580041 
-0.006454337 -0.8832989 0.4829357 
-0.015 -0.8471522 0.4639075 
-0.0025 -0.8379339 0.4589434 
-0.00953125 -0.8154715 0.4429722 
0.001247808 -0.8001181 0.4048449 
-0.1823164 -0.6500574 0.4242792 
-0.1850965 -0.6392116 0.3815625 
-0.1856425 -0.6393783 0.415 
-0.1677302 -0.6766295 0.4563791 
-0.172819 -0.6601452 0.3955838 
-0.1710628 -0.6652808 0.4165648 
-0.1823603 -0.6453864 0.4438987 
-0.1756491 -0.6588522 0.465 
-0.1733786 -0.6644073 0.4815556 
-0.1789709 -0.6452894 0.3597122 
-0.1845479 -0.6280449 0.4602273 
-0.160339 -0.6925051 0.4717312 
-0.1633572 -0.6811296 0.435 
-0.1712507 -0.6605238 0.3767483 
-0.170821 -0.6495716 0.3321415 
-0.1550844 -0.7051532 0.4724386 
-0.1555532 -0.6979681 0.4515882 
-0.1573573 -0.6855045 0.3924282 
-0.1597984 -0.685 0.445 
-0.1549274 -0.6800714 0.361392 
-0.08522759 -1.072501 0.5127268 
-0.08294834 -1.079087 0.5341581 
-0.08730213 -1.03949 0.5233893 
-0.08312447 -1.0275 0.5064566 
-0.08716189 -1.019369 0.5360848 
-0.08480447 -0.9997028 0.5129024 
-0.08942781 -1 0.52875 
-0.08217962 -1.011582 0.5664023 
-0.08439711 -1.001918 0.5741485 
-0.08822654 -0.9862571 0.5430737 
-0.08494374 -0.995 0.5648559 
-0.08133284 -0.997524 0.6349571 
-0.08499467 -0.9803969 0.6349044 
-0.08436272 -0.972787 0.5237271 
-0.08528612 -0.9499805 0.561825 
-0.08564999 -0.9625 0.6426795 
-0.08674717 -0.944649 0.5398957 
-0.07514956 -1.114372 0.5158341 
-0.08148166 -1.110781 0.5279688 
-0.07768747 -1.110114 0.5612012 
-0.07371297 -1.088651 0.5887798 
-0.0773818 -1.075522 0.5561162 
-0.07583644 -1.066088 0.5049008 
-0.07378846 -1.067684 0.5982205 
-0.06875 -1.03625 0.5006674 
-0.07860538 -1.045 0.6 
-0.07767857 -1.04 0.6125 
-0.07519529 -1.044706 0.6265364 
-0.08089537 -1.033125 0.5617188 
-0.07692453 -1.024739 0.5931163 
-0.07448095 -1.026043 0.615 
-0.06806798 -1.017386 0.4965757 
-0.07323613 -1.008306 0.6114239 
-0.07851673 -1.010646 0.646127 
-0.07980936 -1.005 0.585 
-0.07691965 -0.982026 0.5098308 
-0.0813638 -0.995 0.585 
-0.07800149 -0.9875 0.5925 
-0.0798884 -0.96875 0.57625 
-0.07709064 -0.9773892 0.6225511 
-0.07673045 -0.96875 0.60875 
-0.08272845 -0.9575527 0.6344657 
-0.07764112 -0.955 0.59 
-0.08419807 -0.9497465 0.6078019 
-0.08009073 -0.955 0.625 
-0.0575 -1.108125 0.5110988 
-0.07178561 -1.106719 0.605 
-0.0625 -1.06658 0.5038508 
-0.07029441 -1.036875 0.644375 
-0.07374917 -0.995 0.615 
-0.06504314 -0.9848802 0.4949755 
-0.06414489 -0.9495848 0.5057645 
-0.06020369 -1.115625 0.6488547 
-0.05497069 -1.040045 0.4968584 
-0.04808275 -1.01375 0.4932782 
-0.04949272 -0.989488 0.493641 
-0.05 -0.9752175 0.4959986 
-0.04716073 -0.9617969 0.4998123 
-0.04049305 -1.083825 0.5074518 
-0.03480888 -1.052765 0.502323 
-0.03609108 -1.026812 0.4977092 
-0.02400391 -1.110293 0.5116621 
-0.0075 -1.074375 0.5110441 
-0.02657185 -0.9854842 0.4999841 
-0.005308592 -1.023138 0.5048628 
0.0007575057 -0.9525703 0.5054908 
0.01009811 -1.067077 0.5093949 
0.00516117 -1.034951 0.5055026 
-0.2557416 -0.6678433 0.6298454 
-0.2609945 -0.6625 0.65 
-0.2562989 -0.655 0.6234392 
-0.2561672 -0.6431151 0.6297065 
-0.243571 -0.6894391 0.6000099 
-0.2475836 -0.6696607 0.5996284 
-0.2450162 -0.6547548 0.6068327 
-0.2461203 -0.6482816 0.6219184 
-0.234385 -0.7181073 0.6111555 
-0.239935 -0.7143192 0.6458888 
-0.2339759 -0.700474 0.5745796 
-0.236435 -0.6829875 0.5747149 
-0.2421392 -0.675 0.585 
-0.2353198 -0.6676209 0.5901994 
-0.2323646 -0.6626959 0.61 
-0.2310841 -0.6613716 0.625 
-0.2353006 -0.6560852 0.6536802 
-0.2270531 -0.7419189 0.6322752 
-0.227626 -0.7257449 0.587525 
-0.2288043 -0.71 0.5667681 
-0.225 -0.705 0.5571334 
-0.2254935 -0.6947931 0.5648474 
-0.2252467 -0.683921 0.5790534 
-0.2279286 -0.675 0.585 
-0.2227549 -0.6728098 0.61125 
-0.2261955 -0.6673236 0.6425 
-0.212858 -0.7414988 0.5515333 
-0.220204 -0.725 0.555 
-0.215 -0.725 0.5496719 
-0.2214912 -0.715 0.555 
-0.2129433 -0.7141438 0.5544106 
-0.2152734 -0.7052782 0.5665208 
-0.213918 -0.6930698 0.5806454 
-0.2163983 -0.6868164 0.6490552 
-0.2139978 -0.6845209 0.6025 
-0.2151731 -0.6809008 0.621875 
-0.2046635 -0.7857274 0.630157 
-0.2023438 -0.7747728 0.5828831 
-0.206886 -0.745 0.543928 
-0.2062088 -0.7346836 0.5448058 
-0.2044458 -0.724793 0.5548598 
-0.2037037 -0.7137253 0.570781 
-0.2051847 -0.7075871 0.6421378 
-0.2033625 -0.7011619 0.5873719 
-0.2049066 -0.6946733 0.6120386 
-0.2114715 -0.695 0.635 
-0.205 -0.695 0.6253037 
-0.1997014 -0.765 0.545 
-0.195 -0.765 0.5410225 
-0.195 -0.755 0.5407795 
-0.1951995 -0.7450621 0.5450994 
-0.1954749 -0.7302803 0.5605192 
-0.1942639 -0.7302695 0.6561234 
-0.1968222 -0.7159286 0.632694 
-0.1966055 -0.7080134 0.6025 
-0.2020188 -0.705 0.625 
-0.1851691 -0.7851685 0.5447235 
-0.185 -0.775 0.538612 
-0.1831377 -0.7627099 0.545302 
-0.1848688 -0.7399346 0.5599246 
-0.1831462 -0.7400725 0.608195 
-0.1872677 -0.7393206 0.635 
-0.1868445 -0.7426878 0.6557458 
-0.1838746 -0.7324393 0.58 
-0.1902153 -0.72 0.595 
-0.1917849 -0.725 0.61 
-0.1931401 -0.725 0.625 
-0.175 -0.7936902 0.5458049 
-0.1742028 -0.7826441 0.544396 
-0.1759084 -0.7555643 0.5556703 
-0.176044 -0.756866 0.6401083 
-0.1732751 -0.7504885 0.5668636 
-0.175208 -0.7496189 0.591904 
-0.1761797 -0.7509464 0.623125 
-0.1736937 -0.6470367 0.5005784 
-0.1645138 -0.7964145 0.5525956 
-0.163003 -0.7703764 0.565361 
-0.1657658 -0.766864 0.6304795 
-0.1675635 -0.7662463 0.645 
-0.1640195 -0.7607023 0.575 
-0.1644764 -0.7641773 0.5925 
-0.1647524 -0.7645519 0.615 
-0.1637895 -0.6906172 0.4963411 
-0.165455 -0.6736072 0.5078161 
-0.1636128 -0.6463736 0.5462385 
-0.1694586 -0.6325 0.5220049 
-0.1526039 -0.7947408 0.5672987 
-0.1531302 -0.7827423 0.5903125 
-0.1551469 -0.775148 0.605 
-0.1514806 -0.780799 0.6194097 
-0.1556304 -0.7742538 0.6503723 
-0.1570177 -0.7042636 0.505 
-0.1572812 -0.6979185 0.52625 
-0.1511819 -0.7166845 0.5458904 
-0.1531026 -0.7008015 0.6174239 
-0.1577965 -0.685 0.555 
-0.1540889 -0.6857525 0.589636 
-0.1563817 -0.685 0.6312147 
-0.1607542 -0.6675 0.5340625 
-0.1539894 -0.6808945 0.575 
-0.153539 -0.6777347 0.6503307 
-0.154978 -0.6740112 0.6400557 
-0.158237 -0.6621875 0.5715625 
-0.1577051 -0.6577474 0.5975 
-0.1564479 -0.6518888 0.605 
-0.1566198 -0.645 0.5890554 
-0.1612545 -0.6334375 0.5628125 
0.03966026 -0.08064932 0.4858399 
0.05533616 -0.1038274 0.4855874 
0.05475277 -0.08948631 0.4743134 
0.04887498 -0.04877922 0.4839393 
0.04081206 0.01014382 0.4896514 
0.06688958 -0.1457896 0.4731864 
0.05554893 -0.1225 0.4865874 
0.06037483 -0.1025 0.4686394 
0.05740503 -0.115 0.485 
0.06968343 -0.07578745 0.4535838 
0.05864296 -0.0611879 0.4691467 
0.06439204 -0.02583001 0.4645157 
0.07484741 -0.1466752 0.4605107 
0.07223638 -0.1352854 0.4497619 
0.07027454 -0.11875 0.4488266 
0.07456014 -0.105 0.4409472 
0.07474186 -0.09327974 0.4436132 
0.07661183 -0.01523261 0.4567968 
0.08338632 -0.155751 0.4541155 
0.085 -0.1438164 0.4461181 
0.08749776 -0.1263789 0.4406466 
0.08403327 -0.08625 0.4339115 
0.085 -0.07263215 0.433725 
0.08825632 -0.05086719 0.4370029 
0.08630393 -0.02625 0.4464112 
0.09999999 -0.1518117 0.4526195 
0.1033975 -0.1222075 0.4405453 
0.1000573 -0.1029101 0.4353228 
0.1125439 -0.08062378 0.428124 
0.1015107 -0.05976257 0.4287553 
0.095 -0.045 0.42912 
0.10171 -0.0075699 0.4359713 
0.09961042 0.01013923 0.4450093 
0.1071261 -0.03736716 0.4269939 
0.1211627 -0.1482182 0.4478176 
0.115 -0.135 0.4403346 
0.1230421 -0.0975 0.4266448 
0.1221631 -0.04875 0.4203379 
0.1159721 -0.018125 0.4262739 
0.1176793 0.005 0.4264692 
0.1252352 -0.1302214 0.435633 
0.1330095 -0.0090625 0.4172096 
0.1346644 -0.1351159 0.4347371 
0.1344193 -0.1258157 0.4238549 
0.135 -0.115 0.4177512 
0.135 -0.0975 0.4195074 
0.1412087 -0.07234345 0.4189226 
0.1362591 -0.03 0.4154954 
0.1428121 -0.1461248 0.4331972 
0.1485033 -0.1182206 0.4168222 
0.1470052 -0.09 0.4177248 
0.15125 -0.050625 0.4117334 
0.1490063 -0.01451007 0.4141364 
0.1525 -0.0006249999 0.4125541 
0.1537987 -0.1578224 0.4290998 
0.155 -0.105 0.4114594 
0.1538117 -0.085 0.4140953 
0.1550242 -0.03002756 0.4136253 
0.1733553 -0.1243914 0.4049276 
0.1655623 -0.09 0.4058983 
0.165 -0.07 0.4082652 
0.1703455 -0.0477177 0.4080123 
0.1662884 -0.018125 0.4084499 
0.01251491 -0.4415492 -0.0398635 
0.002338094 -0.402534 -0.05545239 
0.006905552 -0.3485136 -0.0613315 
0.02438293 -0.454686 -0.009937238 
0.02509909 -0.4551752 -0.02380298 
0.02550853 -0.43625 -0.02825997 
0.02317697 -0.425 -0.035 
0.01839079 -0.3390625 -0.04557737 
0.02818691 -0.4375 -0.005 
0.02692236 -0.42 -0.025 
0.02906651 -0.4093125 -0.0172388 
0.03367634 -0.4125388 -0.004272751 
0.02761907 -0.385 -0.035 
0.03501183 -0.3850455 -0.02435542 
0.03081015 -0.3624468 -0.03077587 
0.03900306 -0.3425117 -0.01874751 
0.03983926 -0.3230164 -0.01989667 
0.04272045 -0.368748 -0.005611632 
0.03689694 -0.37 -0.015 
0.05596266 -0.31 -0.005551727 
0.07 -0.32 -2.483165e-05 
0.085 -0.315 0.00259449 
0.09927163 -0.3253324 -0.002918242 
0.1094426 -0.3161644 -0.0120698 
0.1147009 -0.3400818 -0.001682634 
0.1099343 -0.3075249 -0.01926086 
0.125 -0.3110002 -0.02327286 
0.1408683 -0.3160194 -0.01143228 
0.01845605 -0.1454323 -0.03950117 
0.0003716951 -0.1445623 -0.04866154 
0.01379096 -0.1071585 -0.03042922 
0.00375 -0.08221067 -0.02569083 
0.0075 -0.06732358 -0.01882409 
0.02380163 -0.04676739 -0.006982067 
0.01211116 -0.02820197 0.001325111 
0.03646757 -0.1475 -0.02599281 
0.04150252 -0.0876813 -0.02065657 
0.0381428 -0.06076963 -0.01229633 
0.03979755 -0.02821569 0.007201445 
0.0501166 -0.1511161 -0.01541677 
0.045 -0.135 -0.01886165 
0.04442258 -0.1200676 -0.02463935 
0.05363163 -0.1468527 -0.1622656 
0.05532923 -0.1541734 -0.108238 
0.055 -0.155 -0.009964627 
0.05462435 -0.1341092 -0.1481213 
0.055 -0.1275 -0.01765321 
0.06114424 -0.07166523 -0.007144763 
0.06131269 -0.1545909 -0.038125 
0.06408609 -0.1402372 -0.02489158 
0.06314887 -0.1282803 -0.07203472 
0.06250892 -0.1130197 -0.1464884 
0.065 -0.1175 -0.01991013 
0.065 -0.0911198 -0.01566163 
0.06529045 -0.0590295 0.001384295 
0.06995517 -0.13 -0.035 
0.06851042 -0.1146875 -0.07359375 
0.07041572 -0.125 -0.025 
0.07281411 -0.1085509 -0.04131262 
0.07163843 -0.1075442 -0.02495696 
0.06949634 -0.095 -0.1175 
0.07143649 -0.095 -0.0875 
0.07406709 -0.09314328 -0.065 
0.07204516 -0.08055741 -0.1541602 
0.07411899 -0.08385506 -0.1181979 
0.0740127 -0.08479799 -0.01528203 
0.07703738 -0.07568096 -0.002245339 
0.07493302 -0.0652765 0.005064397 
0.07714087 -0.095 -0.04 
0.08157967 -0.08006667 -0.06125 
0.07966864 -0.085 -0.03 
0.08254796 -0.07406978 -0.1079448 
0.08437286 -0.07455109 -0.02 
0.09619667 -0.0683947 -0.1340625 
0.08487628 -0.06401861 0.008635188 
0.1038377 -0.06624425 -0.007699582 
0.09993403 -0.06442793 0.009854358 
0.1009085 -0.06557019 -0.05800781 
0.1214038 -0.06783811 -0.1396179 
0.1225909 -0.06636674 0.002449078 
0.115 -0.06286719 -0.09625 
0.115 -0.06124911 -0.048125 
0.1255174 -0.06228724 -0.069375 
0.1289839 -0.06306092 -0.0431899 
0.1364549 -0.06439098 -0.0175 
0.146642 -0.08303027 -0.14875 
0.1394976 -0.07370966 -0.1069531 
0.151779 -0.07894505 -0.02359375 
0.1458917 -0.07424376 0 
0.1523828 -0.09747426 -0.1572937 
0.1524606 -0.08767798 -0.1252439 
0.1507645 -0.07877 -0.06014204 
0.1516614 -0.08078924 0.0130594 
0.1628326 -0.14625 -0.1582556 
0.1625727 -0.1274847 -0.1526432 
0.1653483 -0.1113667 -0.1105582 
0.1631759 -0.09904147 -0.085625 
0.1643076 -0.0939003 -0.0226147 
-0.1915908 -0.803837 0.8501464 
-0.2019221 -0.7930082 0.8327826 
-0.1848582 -0.8400052 0.8025 
-0.1872551 -0.8280859 0.8313636 
-0.1859921 -0.8163316 0.8569623 
-0.185679 -0.7844867 0.8657454 
-0.1752906 -0.8535264 0.810041 
-0.1768457 -0.8481845 0.8375 
-0.1735649 -0.849793 0.8559756 
-0.1749988 -0.8332007 0.8678166 
-0.1726021 -0.81125 0.8741407 
-0.1710301 -0.7870098 0.8741302 
-0.1653804 -0.8667648 0.8388878 
-0.1644333 -0.8657369 0.8587012 
-0.165 -0.8574749 0.8075 
-0.1726642 -0.855 0.825 
-0.1553394 -0.8451658 0.8774901 
-0.165 -0.82 0.8791578 
-0.1567156 -0.8020329 0.8818659 
-0.155 -0.8727893 0.8370989 
-0.154786 -0.8699403 0.7954687 
-0.1567701 -0.8657079 0.825 
-0.1542315 -0.8692399 0.8675144 
-0.1467553 -0.814375 0.885843 
-0.1420969 -0.6702006 0.3060945 
-0.1522478 -0.6493795 0.2670788 
-0.1536997 -0.6334985 0.21 
-0.1357359 -0.6903821 0.3287875 
-0.1302319 -0.6775805 0.2887162 
-0.135976 -0.6406488 0.1676171 
-0.1324336 -0.6592751 0.220746 
-0.1226587 -0.6998067 0.3197878 
-0.1260825 -0.6763381 0.2722636 
-0.109085 -0.6991899 0.3043782 
-0.1093762 -0.692731 0.2918231 
-0.1091426 -0.6788759 0.2279058 
-0.1154255 -0.6772296 0.2525 
-0.09794924 -0.7158887 0.3174463 
-0.102033 -0.6872078 0.2773747 
-0.1073664 -0.6734431 0.1878626 
-0.08557665 -0.6909711 0.2325214 
-0.08753628 -0.6920233 0.1998844 
-0.08 -0.689509 0.255 
-0.06137158 -0.7385197 0.3217806 
-0.08050295 -0.7095191 0.2952613 
-0.06335305 -0.7015535 0.2759155 
-0.06379318 -0.7137513 0.2956434 
-0.05072046 -0.7060461 0.1904687 
-0.05 -0.6998321 0.1684598 
-0.0496615 -0.7025285 0.228125 
-0.045 -0.6980291 0.26 
-0.04733446 -0.7053422 0.1744476 
-0.03061086 -0.7350439 0.2978439 
-0.03435995 -0.7057527 0.1829195 
-0.03468505 -0.7052181 0.2068122 
-0.03022314 -0.6953018 0.1634777 
-0.035 -0.7012329 0.22375 
-0.03058174 -0.6959833 0.2551459 
-0.03685452 -0.7148948 0.2816831 
-0.02345563 -0.6953695 0.1825 
-0.0210757 -0.6898091 0.2201812 
-0.02020149 -0.6883513 0.2354471 
-0.025 -0.6909528 0.245 
-0.01 -0.7565442 0.3207386 
-0.006882214 -0.7465267 0.3026752 
-0.015 -0.7369731 0.2908068 
-0.010625 -0.7038881 0.2595629 
-0.00875 -0.6875306 0.2428107 
0.002628013 -0.7266723 0.2812642 
-0.009076642 -0.6768104 0.1664984 
-0.001849725 -0.6669384 0.2075138 
-0.004801967 -0.6752435 0.2243283 
0.01729845 -0.752481 0.3217621 
0.0125 -0.6764954 0.2333727 
0.001729632 -0.6625 0.19 
0.004198839 -0.66646 0.220511 
-0.1400199 0.5727211 -0.07142534 
-0.1587823 0.5434467 0.03309318 
-0.1481074 0.5820138 -0.1582789 
-0.146098 0.5763603 -0.13 
-0.1458315 0.5781634 -0.1119536 
-0.1382304 0.5702817 -0.04860807 
-0.1268916 0.5719145 -0.02347842 
-0.1380505 0.5869665 -0.14 
-0.121527 0.5829675 -0.07455366 
-0.132477 0.6019368 -0.1488125 
-0.1297598 0.6002436 -0.1174098 
-0.1163106 0.5701886 0.03117136 
-0.1175 0.5772879 -0.0325 
-0.124594 0.6000784 -0.1069414 
-0.115 0.5905036 -0.085 
-0.1101795 0.6071215 -0.1068187 
-0.1196623 0.63 -0.155 
-0.1080234 0.6245633 -0.1304435 
-0.1066988 0.6336637 -0.1416753 
-0.1047602 0.5815828 -0.05817563 
-0.105 0.5772676 -0.01 
-0.1052805 0.6505541 -0.1596621 
-0.09508313 0.5799381 -0.06597022 
-0.09025176 0.5966014 -0.09475736 
-0.095 0.6115668 -0.1080599 
-0.09056595 0.6459832 -0.1488241 
-0.08118431 0.5618273 -0.02922221 
-0.08547714 0.5731223 -0.06263303 
-0.07452269 0.5026337 -0.1622971 
-0.08193698 0.5639678 0.005584118 
-0.08085971 0.5753911 -0.0737083 
-0.07264937 0.6010489 -0.1151757 
-0.06689338 0.5151672 -0.1587225 
-0.06375229 0.5090263 -0.1101938 
-0.06770504 0.4910462 -0.084375 
-0.0644929 0.4949521 -0.05759179 
-0.06296474 0.5396959 -0.03768437 
-0.06509181 0.5556134 -0.07604145 
-0.06258676 0.5472121 -0.006235721 
-0.06220132 0.5677339 -0.1297835 
-0.06937302 0.58 -0.09999999 
-0.06483895 0.6073737 -0.1340988 
-0.06493565 0.625055 -0.1449475 
-0.06521144 0.6340598 -0.1552551 
-0.0528966 0.494375 -0.009904917 
-0.06124803 0.51 -0.07375 
-0.05701139 0.5075 -0.02994208 
-0.05923469 0.534375 -0.156875 
-0.05900091 0.52625 -0.0771875 
-0.05526739 0.5226673 -0.01588179 
-0.05877724 0.5442188 -0.1457031 
-0.0594631 0.545 -0.08875 
-0.06310032 0.601875 -0.15625 
-0.06180632 0.623125 -0.16 
0.1701051 0.1764714 0.1885063 
0.1648397 0.1959387 0.1853025 
0.1708095 0.2095317 0.1747619 
0.16964 0.205 0.185 
0.1738832 0.2099792 0.1973808 
0.1626416 0.22125 0.1673201 
0.1756297 0.2134086 0.185 
0.1740906 0.2297951 0.1758375 
0.165 0.2491147 0.1747011 
0.175 0.245 0.1767774 
0.1763413 0.2406976 0.3213038 
0.177704 0.255 0.1837661 
0.1749504 0.2493052 0.2939536 
0.1743139 0.2600384 0.3050047 
0.171205 0.255 0.315 
0.17205 0.2606027 0.3272183 
0.1716054 0.2629394 0.1787352 
0.1740034 0.265 0.2833139 
0.1703008 0.265 0.295 
0.1718413 0.265 0.315 
0.1814114 0.2803221 0.1660382 
0.1756391 0.2756597 0.2836849 
0.1750469 0.2793348 0.3025 
0.171634 0.27625 0.3225705 
0.175007 0.2848387 0.3137493 
0.1827587 0.2024381 0.3297276 
0.1831076 0.205 0.2165136 
0.1874714 0.2114793 0.2951505 
0.1810745 0.2158735 0.2104876 
0.1815514 0.2256685 0.1924739 
0.1852654 0.2335626 0.184621 
0.1850133 0.2325361 0.2881955 
0.1850815 0.2457916 0.1849172 
0.1845135 0.2471413 0.2738732 
0.1867167 0.26 0.1917555 
0.1847793 0.2755685 0.1852134 
0.1816716 0.2865596 0.2808584 
0.1812913 0.2982621 0.3023109 
0.1817532 0.2999589 0.3249447 
0.183791 0.306637 0.315 
0.1936266 0.1657699 0.2195502 
0.1924839 0.1620492 0.2788572 
0.1899043 0.19 0.2928546 
0.1948864 0.1971173 0.225192 
0.1953957 0.21 0.2246215 
0.1952379 0.225 0.2247099 
0.1880301 0.24 0.1975 
0.1939976 0.2422075 0.2129234 
0.1961295 0.2297482 0.2621938 
0.195283 0.2514454 0.2556638 
0.1947652 0.2711821 0.2012064 
0.197913 0.2765937 0.2497605 
0.1921343 0.285 0.185 
0.1874925 0.285 0.265 
0.1948582 0.294727 0.1605548 
0.1951943 0.2947817 0.2651977 
0.1947065 0.3001638 0.2768835 
0.1954651 0.315636 0.3016427 
0.1928999 0.316528 0.315 
0.2007037 0.3194021 0.3252428 
0.2038445 0.1713118 0.2347753 
0.2044733 0.1673651 0.2424926 
0.2005849 0.185 0.24 
0.199221 0.1875 0.25125 
0.1996873 0.195 0.235 
0.1975182 0.195 0.265 
0.2000792 0.205 0.225 
0.203689 0.205 0.235 
0.20171 0.205 0.245 
0.2033779 0.205 0.255 
0.2018233 0.205 0.265 
0.2003905 0.2226953 0.2428125 
0.2024923 0.215 0.265 
0.1988805 0.25375 0.225 
0.1996724 0.255 0.215 
0.2043402 0.265 0.215 
0.1996973 0.275 0.205 
0.202093 0.28375 0.2146875 
0.2046143 0.2927279 0.2320392 
0.2023305 0.3045717 0.1750118 
0.2058343 0.2946386 0.2556168 
0.2049846 0.3053248 0.209128 
0.2131278 0.3228911 0.2898948 
0.2045517 0.3251385 0.3102524 
0.2104574 0.295 0.245 
0.2154516 0.309547 0.2340625 
0.2150558 0.3049703 0.2542763 
0.2147144 0.3174489 0.1833896 
0.215 0.3101214 0.22 
0.2164381 0.3125868 0.265 
0.2109025 0.3282525 0.1584305 
0.2274996 0.3173293 0.215 
0.2248017 0.315069 0.2247695 
0.2244048 0.3235333 0.2532459 
0.226556 0.3236191 0.1888354 
0.2257274 0.3238314 0.265 
0.2257116 0.3303696 0.2797008 
0.2348353 0.3299745 0.201875 
0.2340452 0.3321451 0.2299062 
0.178516 0.3367 0.08378717 
0.1742614 0.3777272 0.01642316 
0.1842701 0.3375533 0.09718728 
0.1813376 0.3278966 0.105 
0.1881291 0.3284818 0.1194937 
0.1839638 0.3473201 0.07719049 
0.1840511 0.3515067 0.06033584 
0.1844854 0.3653241 0.03538494 
0.1858001 0.3941509 0.006074799 
0.1989453 0.354227 0.09178961 
0.2003751 0.3980567 0.01822385 
0.2050253 0.3449884 0.1151544 
0.2039399 0.3462309 0.127152 
0.2069511 0.353989 0.105 
0.212983 0.3399157 0.144906 
0.2138237 0.3494367 0.1338861 
0.2147047 0.3552492 0.115 
0.212667 0.355 0.125 
0.2184598 0.3666941 0.102998 
0.2182119 0.3829249 0.07374045 
0.2139448 0.4311666 0.000496854 
0.232107 0.354868 0.1596248 
0.2291384 0.3661445 0.1329508 
0.2314339 0.4259191 0.03964154 
0.2196221 0.446875 0.001290142 
0.2240995 0.481875 0.006905346 
0.2373587 0.3809068 0.1248322 
0.2328266 0.3850185 0.1001521 
0.2381187 0.47375 0.04191623 
0.2330898 0.4913383 0.03639992 
0.2455738 0.3839532 0.1342121 
0.2418683 0.4098973 0.07476435 
0.2400382 0.4275 0.06048739 
0.2460955 0.425 0.07294001 
0.2389144 0.4525 0.045 
0.2434794 0.4848004 0.06462188 
0.2511407 0.3844531 0.1634766 
0.2533236 0.3987666 0.12 
0.2546589 0.3959556 0.135 
0.2479321 0.395 0.145 
0.2486569 0.4004688 0.171875 
0.2523443 0.4088137 0.09932247 
0.2546192 0.4069307 0.1407384 
0.2549134 0.4058579 0.155 
0.2462371 0.4536735 0.06812673 
0.2538208 0.4567315 0.09125126 
0.2529563 0.481947 0.10875 
0.2476663 0.4913346 0.1522277 
0.2578468 0.421875 0.1075 
0.2584808 0.42625 0.1175 
0.2564576 0.4252304 0.1538936 
0.2587878 0.46 0.10875 
0.2587182 0.4544922 0.141875 
0.1725093 0.3411266 0.4329793 
0.1665155 0.3645658 0.4369296 
0.1676702 0.4026608 0.4404959 
0.1665608 0.4232536 0.4441902 
0.1726387 0.4439571 0.4351687 
0.1804242 0.4639021 0.4197428 
0.1838677 0.34 0.4234359 
0.1858435 0.3659998 0.4245627 
0.185408 0.4453621 0.4252203 
0.1862275 0.4870616 0.4056311 
0.1954011 0.3630493 0.4154543 
0.1963315 0.38875 0.4164558 
0.1908906 0.425 0.4226591 
0.1940571 0.4403425 0.4127001 
0.1934773 0.4655751 0.4003067 
0.1922501 0.4902037 0.3928478 
0.2008003 0.3253883 0.3790705 
0.2058552 0.3340145 0.3858131 
0.1978375 0.3345931 0.3984723 
0.2013017 0.3509375 0.4031013 
0.2019403 0.373125 0.4044769 
0.2005161 0.4019692 0.4088706 
0.204444 0.4200212 0.3834423 
0.2037414 0.4459617 0.370659 
0.1983219 0.435 0.405 
0.1974712 0.4786841 0.3804809 
0.2163984 0.337768 0.3277693 
0.209287 0.3304013 0.3414063 
0.2124142 0.3394331 0.3727887 
0.2135747 0.3539563 0.3806818 
0.2091667 0.3784375 0.3875 
0.2142637 0.399664 0.3536768 
0.2132239 0.4312983 0.3450585 
0.2122196 0.4621714 0.328794 
0.2186778 0.3525 0.3325 
0.2168943 0.3539062 0.3554688 
0.2175169 0.38625 0.34 
0.2224007 0.3887256 0.32279 
0.2251686 0.413168 0.319539 
0.2204507 0.3341913 0.3009634 
0.225 0.3321485 0.175 
0.2244014 0.3509375 0.3026702 
0.2264778 0.3818166 0.3021973 
0.2345302 0.3353666 0.1853819 
0.2312516 0.3432722 0.2736546 
0.2344057 0.3457568 0.1766483 
0.2330948 0.3915625 0.2842835 
0.234508 0.4218107 0.2749534 
0.2332305 0.4418677 0.2760189 
0.2287808 0.4620724 0.2874671 
0.2339047 0.4775 0.2717396 
0.2419568 0.3526711 0.1910236 
0.2386581 0.356875 0.2434375 
0.241736 0.3584601 0.20125 
0.2433467 0.3694619 0.2153071 
0.2418037 0.3821447 0.2306613 
0.2384847 0.39125 0.26 
0.2434149 0.4105355 0.2314172 
0.2438303 0.4377744 0.2412738 
0.2404681 0.454375 0.2578644 
0.240806 0.475277 0.2581655 
0.2456096 0.4799206 0.2385284 
0.2474137 0.385 0.215 
0.2487939 0.4125 0.18 
0.2498054 0.41 0.2075 
0.2451475 0.4236657 0.2244664 
0.252003 0.4318735 0.1973157 
0.2499967 0.4497522 0.2280423 
0.2497719 0.465 0.2325 
0.2502252 0.4834347 0.2079781 
0.2582656 0.465 0.1925 
-0.1140927 0.331698 0.01053169 
-0.09886479 0.3438907 0.009817127 
-0.09369121 0.3258299 0.04182076 
-0.07875128 0.3403684 0.0450569 
-0.08482555 0.3649275 0.004920714 
-0.0834463 0.3234991 0.07497963 
-0.07909772 0.3211641 0.08789529 
-0.06526664 0.3352717 0.09542014 
-0.065 0.325 0.1031553 
-0.06844813 0.3528484 0.04480559 
-0.06614433 0.3490337 0.065 
-0.06381152 0.3444615 0.085 
-0.06694861 0.3700667 0.02499375 
-0.06947348 0.375 0.015 
-0.07044169 0.39 0.0021875 
-0.06399403 0.3795882 0.04190205 
-0.0676304 0.4052651 0.03273487 
-0.07209346 0.41 0.00625 
-0.06588406 0.4205909 0.03370695 
-0.06854776 0.4307671 0.005 
-0.06638534 0.4299866 0.01496589 
-0.05437491 0.3302299 0.09575897 
-0.055 0.3537518 0.08342091 
-0.05894832 0.3626453 0.0750354 
-0.06164481 0.365 0.0525 
-0.05990947 0.3930661 0.05880206 
-0.055 0.385 0.07325612 
-0.05739904 0.4225889 0.04825783 
-0.05769111 0.4404975 0.02999061 
-0.06175221 0.4475 0 
-0.05893618 0.4615326 0.0008596689 
-0.04163992 0.3246608 0.0849258 
-0.04478917 0.3616006 0.07809811 
-0.0425 0.3962072 0.07240705 
-0.05069554 0.4225 0.065 
-0.05044642 0.4325 0.05375 
-0.04627155 0.445 0.065 
-0.04872019 0.4613103 0.05017857 
-0.04404487 0.455 0.06488188 
-0.04645119 0.4833746 0.02088532 
-0.035 0.325 0.08256408 
-0.0337539 0.3649963 0.07379742 
-0.0353386 0.4349042 0.07467858 
-0.035 0.455 0.06625257 
-0.03603584 0.4699417 0.06717946 
-0.03958836 0.4812959 0.05599746 
-0.04168041 0.4925 0.04 
-0.02078667 0.3368086 0.08336195 
-0.02013172 0.36975 0.07328945 
-0.01977173 0.408809 0.07169976 
-0.025 0.425 0.07172199 
-0.02561607 0.435 0.07489219 
-0.02438489 0.4461374 0.075 
-0.02698009 0.455 0.07773314 
-0.01922144 0.4702964 0.07819011 
-0.03060548 0.48375 0.07375 
-0.015 0.33 0.0912887 
-0.007658029 0.3601409 0.08419159 
-0.009969652 0.3925 0.0741971 
-0.015 0.425 0.07739552 
-0.015 0.435 0.08113948 
-0.015 0.45 0.08029023 
-0.015 0.485 0.06769624 
-0.005 0.3296168 0.09298753 
-0.005 0.345 0.08899805 
-0.005 0.38 0.08054896 
-0.005 0.41 0.0788415 
-0.005 0.43 0.08036929 
-0.00462887 0.4485418 0.07585055 
-0.005 0.47 0.07202887 
-0.004592588 0.4887857 0.06633528 
-0.1497826 0.5495189 0.09567044 
-0.154981 0.5488892 0.1325333 
-0.1555167 0.5452984 0.05125 
-0.1509941 0.5507953 0.07250001 
-0.1453723 0.5554409 0.11 
-0.1326166 0.5640205 0.04203125 
-0.132965 0.5625375 0.089375 
-0.1352466 0.5669131 0.1221877 
-0.1233203 0.57797 0.1552985 
-0.120625 0.5706559 0.1225 
-0.09193336 0.5786833 0.1327353 
-0.08721191 0.5692887 0.05 
-0.0984375 0.5692846 0.09125 
-0.08762773 0.5864808 0.1559847 
-0.07404336 0.5655625 0.04 
-0.06828125 0.573676 0.1046987 
-0.07 0.5844667 0.1355323 
-0.06355397 0.5574987 0.023125 
-0.06483683 0.560073 0.06361711 
-0.05110789 0.5857533 0.1495292 
-0.05514437 0.5515421 0.05 
-0.05503026 0.5581774 0.07312656 
-0.04623538 0.5684412 0.09501401 
-0.05556683 0.593648 0.1703749 
-0.04557668 0.505 0.01733052 
-0.05066846 0.5407122 0.03317574 
-0.04314968 0.5547938 0.07628443 
-0.03749455 0.5648339 0.08527462 
-0.03707016 0.5739906 0.1102241 
-0.03708536 0.581875 0.1330993 
-0.045 0.5892217 0.155 
-0.03525922 0.505 0.05542015 
-0.04387084 0.515 0.04 
-0.04031311 0.52 0.055 
-0.03535667 0.521051 0.06516611 
-0.03675388 0.5375 0.0677627 
-0.03515881 0.6020638 0.1693791 
-0.02694548 0.505 0.0680976 
-0.02560642 0.5131108 0.06505543 
-0.02462884 0.54 0.06526224 
-0.01547663 0.558151 0.07170779 
-0.01723286 0.5846273 0.108479 
-0.02536772 0.5886309 0.1280983 
-0.0278953 0.5957167 0.1433453 
-0.01448866 0.4953031 0.06544124 
-0.009467839 0.513125 0.06159222 
-0.015 0.5484036 0.06365894 
-0.015 0.5734184 0.08656009 
-0.00507986 0.5977209 0.143961 
-0.003847316 0.5398495 0.06437322 
0.002722895 0.5771134 0.08660619 
0.001988284 0.5948308 0.1197758 
0.004207047 0.50375 0.06750848 
0.003534195 0.525 0.06621066 
0.01308766 0.5415155 0.07124883 
0.005283835 0.5870621 0.1002218 
0.01125 0.5991008 0.14625 
0.01054563 0.649836 0.7242515 
0.01509758 0.6548092 0.7353006 
0.005 0.6589537 0.735 
0.01381595 0.6688554 0.7516305 
0.005 0.673604 0.7569162 
0.0208803 0.683074 0.7698302 
0.02125364 0.6934254 0.7878902 
0.01305648 0.7030593 0.8028229 
0.01523381 0.719203 0.6399886 
0.007744884 0.7528257 0.681934 
0.01046227 0.7826466 0.7123749 
0.003787004 0.8289514 0.761913 
0.03006129 0.6741144 0.7561142 
0.03239805 0.7326642 0.6615312 
0.0295891 0.7442793 0.6757795 
0.03166099 0.7638572 0.6950731 
0.03296965 0.8030083 0.7340865 
0.04054659 0.6663907 0.7405498 
0.0425 0.7123795 0.809038 
0.0370311 0.7219412 0.6502277 
0.035 0.7730694 0.7067995 
0.04903948 0.6515108 0.7087328 
0.04615274 0.6841348 0.7681562 
0.045 0.7557603 0.6886941 
0.04274128 0.7802923 0.7143645 
0.04912173 0.6521875 0.65375 
0.04987445 0.6416036 0.6785535 
0.055359 0.6641535 0.715 
0.0550643 0.664952 0.7250589 
0.05602273 0.6742723 0.7362857 
0.055 0.6809143 0.755 
0.04957814 0.6964844 0.6457031 
0.05272919 0.70375 0.6721875 
0.05718216 0.6986457 0.7803499 
0.05408524 0.72375 0.6860455 
0.06130323 0.7194856 0.8068655 
0.05010337 0.735 0.675 
0.05682788 0.7425 0.6915732 
0.05586927 0.7555096 0.6945024 
0.05766967 0.6775 0.71375 
0.06027557 0.6925 0.7375 
0.06051969 0.691875 0.750625 
0.05656882 0.695 0.69 
0.0589676 0.6979687 0.7179688 
0.06317088 0.6999146 0.7641586 
0.06365634 0.7144729 0.743297 
0.06456467 0.7083875 0.78 
0.06164686 0.73 0.71 
0.06791107 0.7265161 0.80625 
0.06493931 0.7390246 0.7299729 
0.06707827 0.7426184 0.7535788 
0.06128676 0.755 0.71 
0.06374204 0.76 0.7235845 
0.06440239 0.7840999 0.7353489 
0.05904656 0.795 0.735 
0.06654701 0.8103122 0.7569098 
0.0687966 0.7284375 0.76875 
0.07296537 0.7449613 0.7829431 
0.07468231 0.7496105 0.7947865 
0.06807085 0.7584375 0.758125 
0.07567453 0.765 0.7830596 
0.07069736 0.781875 0.759375 
0.07249974 0.8115507 0.776929 
0.07776216 0.7740625 0.8 
0.07815301 0.8311328 0.8148438 
0.01701128 0.7843717 1.126389 
0.01872681 0.8 1.131333 
0.005 0.8 1.130557 
0.02633234 0.8108315 1.126076 
-0.1479721 -0.8561605 0.649999 
-0.145955 -0.8462703 0.6060867 
-0.1562244 -0.8469369 0.6223704 
-0.144464 -0.8513168 0.63 
-0.155 -0.8508722 0.635 
-0.1476594 -0.8354026 0.5822914 
-0.1401746 -0.8428804 0.6003649 
-0.1554159 -0.8383782 0.5978761 
-0.145 -0.8312635 0.565 
-0.1552925 -0.8275672 0.5691648 
-0.1429965 -0.825 0.5660197 
-0.1536544 -0.815858 0.5546644 
-0.1453249 -0.8163543 0.565764 
-0.1555783 -0.8067725 0.5558686 
-0.146128 -0.7997319 0.5770149 
-0.1292137 -0.8686809 0.6335402 
-0.1330017 -0.85247 0.615 
-0.1355333 -0.835 0.5959776 
-0.1359055 -0.8200859 0.5878432 
-0.1412105 -0.815 0.575 
-0.1350508 -0.805 0.5850228 
-0.1369291 -0.794832 0.5870476 
-0.1224297 -0.8404807 0.5871924 
-0.1288498 -0.8175 0.5782812 
-0.1292842 -0.7968459 0.5723 
-0.1149293 -0.8952789 0.6093042 
-0.1129323 -0.9083365 0.6488315 
-0.1143135 -0.8868216 0.6207859 
-0.1197409 -0.795 0.555 
-0.1066808 -0.9219946 0.6395181 
-0.1058978 -0.9181435 0.6217951 
-0.1019259 -0.9091154 0.5916236 
-0.114266 -0.905 0.63 
-0.1082348 -0.8937634 0.5867625 
-0.1076408 -0.8716364 0.5774553 
-0.1098038 -0.82625 0.5475 
-0.1068997 -0.8032266 0.5220959 
-0.09548242 -0.9354407 0.6038713 
-0.09354573 -0.9397811 0.6429105 
-0.09074365 -0.9328605 0.5887089 
-0.09586117 -0.9246961 0.6004556 
-0.09839134 -0.925 0.615 
-0.09447698 -0.9344792 0.625 
-0.09516109 -0.9085017 0.5691227 
-0.09564263 -0.895 0.5637464 
-0.09718068 -0.8766314 0.5563638 
-0.0945834 -0.8308483 0.509595 
-0.09973334 -0.8 0.5 
-0.08657528 -0.9274008 0.5562612 
-0.08815109 -0.925 0.565 
-0.08764382 -0.925 0.575 
-0.08376881 -0.9101702 0.5247793 
-0.08858947 -0.9 0.5488643 
-0.09062389 -0.8797663 0.5306003 
-0.08645678 -0.8569432 0.5027567 
-0.07973126 -0.9300578 0.5243765 
-0.07984439 -0.925 0.53 
-0.08296103 -0.915 0.535 
-0.07477675 -0.8997796 0.4981697 
-0.07735103 -0.88625 0.4976847 
-0.06549794 -0.9299042 0.5017998 
-0.065 -0.895 0.4915411 
-0.03502676 -0.9226329 0.4961367 
-0.041875 -0.9075 0.491491 
-0.02 -0.9375 0.5013614 
0.003125 -0.92875 0.5013016 
0.01 -0.945 0.5034831 
0.01480889 0.0158532 0.50093 
0.009714912 0.1250898 0.5086762 
0.005 0.15 0.5139135 
0.01808594 0.1725 0.5091839 
0.005 0.165 0.5148435 
0.03227673 0.0528125 0.4973024 
0.03 0.07 0.4989346 
0.02868407 0.08 0.4989344 
0.0194615 0.1017282 0.5047395 
0.03993636 0.1023688 0.4967965 
0.035 0.135 0.5032435 
0.04020921 0.1619597 0.5046807 
0.04383612 0.03866464 0.4945548 
0.04504689 0.05516711 0.4950436 
0.04795773 0.12125 0.4982815 
0.045 0.135 0.5032976 
0.05 0.1475 0.5006889 
0.05571507 0.03030051 0.485182 
0.05802763 0.05680602 0.4874503 
0.06135128 0.1010772 0.4913804 
0.06191862 0.1321086 0.4954327 
0.06093707 0.1715656 0.5005993 
0.06667189 0.075 0.4856328 
0.07530075 0.08371229 0.4851891 
0.08124536 0.1427204 0.4844688 
0.08558921 0.17 0.4853222 
0.009802106 -0.1405814 0.5052333 
0.0075 -0.10875 0.5001256 
0.009386265 -0.08470221 0.4975603 
0.01271449 -0.05014225 0.4992649 
0.0175 -0.0275 0.4969598 
0.005 -0.02 0.5022745 
0.02521666 -0.1493353 0.5036017 
0.025 -0.0875 0.491936 
0.0425 -0.1575 0.5009082 
0.04125675 -0.1314968 0.4955104 
0.0375 -0.10875 0.4902266 
0.03503578 -0.04759336 0.4919632 
0.045 -0.12 0.4897171 
0.05556445 -0.15875 0.4969539 
0.1179847 -0.4261001 0.4859633 
0.1350154 -0.4149005 0.4627234 
0.1216558 -0.395 0.4814618 
0.1346611 -0.3688289 0.478826 
0.1378266 -0.4592838 0.4677091 
0.133236 -0.4622298 0.4861587 
0.1339016 -0.44125 0.4602998 
0.1290456 -0.435 0.475 
0.1401488 -0.3875859 0.4701995 
0.1331891 -0.3248438 0.4824233 
0.1526299 -0.4816319 0.4770085 
0.1489652 -0.4475 0.445491 
0.1456553 -0.425 0.4462023 
0.1440161 -0.3509375 0.4740562 
0.1438707 -0.3215054 0.4728952 
0.1556033 -0.445 0.4353981 
0.1556371 -0.4326726 0.4355849 
0.1588261 -0.4192301 0.4327868 
0.1566751 -0.4115009 0.4427978 
0.1636643 -0.3878113 0.4431019 
0.1549046 -0.3805717 0.4547468 
0.1524804 -0.3654365 0.4648217 
0.1555441 -0.3149596 0.4653565 
0.1658194 -0.4721676 0.4488415 
0.166028 -0.4451334 0.4309787 
0.1705146 -0.3402217 0.4506956 
0.1656616 -0.32 0.4558068 
0.0025 -0.4340305 0.5777408 
0.01724921 -0.3951313 0.5515481 
0.01624346 -0.3504629 0.5437847 
0.005 -0.32 0.5438337 
0.03697835 -0.4326294 0.5672994 
0.03860809 -0.3127913 0.5335289 
0.05763197 -0.4569604 0.5769722 
0.05536069 -0.4097227 0.5429579 
0.06072077 -0.3910601 0.5309213 
0.05732395 -0.3671877 0.5313954 
0.06543282 -0.4694507 0.5808892 
0.06639463 -0.4542655 0.565784 
0.06514251 -0.4249585 0.5411723 
0.08501104 -0.4812483 0.5634349 
0.08695875 -0.4170568 0.5121925 
0.07741121 -0.3625744 0.5165852 
0.07924701 -0.3304687 0.5151646 
0.09089668 -0.4447061 0.5236233 
0.08962812 -0.3913828 0.5061161 
0.085 -0.375 0.5094963 
0.08547341 -0.3425122 0.5153515 
0.085 -0.3175 0.5114098 
0.09637219 -0.3582031 0.5064632 
0.1060996 -0.4445037 0.5055672 
0.1093995 -0.4349318 0.4960901 
0.1091166 -0.325 0.5006962 
0.1108962 -0.3789341 0.495387 
0.1167499 -0.3088874 0.495445 
0.1259042 -0.4637752 0.4994668 
0.1731398 0.1687282 0.4225931 
0.1701627 0.1913018 0.4245899 
0.1747901 0.2054322 0.4110068 
0.1676182 0.215625 0.4261577 
0.1733485 0.225716 0.4033524 
0.1674222 0.25 0.405 
0.165109 0.2595946 0.4223826 
0.1668626 0.2750003 0.4124385 
0.1721316 0.2778385 0.4028184 
0.1754997 0.303125 0.4177842 
0.1673086 0.31 0.425281 
0.165 0.315 0.4312784 
0.1823946 0.1696964 0.3606054 
0.1810139 0.174375 0.38125 
0.176435 0.161875 0.3975 
0.1763606 0.175 0.415 
0.183286 0.2 0.385 
0.1826127 0.211875 0.34625 
0.1816141 0.22125 0.37875 
0.1837985 0.2346993 0.3627661 
0.1839191 0.24125 0.3473168 
0.1796061 0.25625 0.38 
0.1852902 0.2517806 0.36 
0.1782853 0.2725 0.34875 
0.1800431 0.27 0.365 
0.177761 0.285 0.3625 
0.1777308 0.29125 0.390625 
0.180117 0.3005798 0.343125 
0.1818124 0.3005052 0.3725 
0.1840188 0.3089697 0.3875 
0.1824748 0.3098859 0.4050561 
0.185 0.3091396 0.35 
0.1931461 0.316025 0.335 
0.1960883 0.3148646 0.3445069 
0.1982933 0.3131241 0.36 
0.1952227 0.314283 0.3753448 
-0.2253086 0.4853766 0.109373 
-0.2262732 0.478833 0.09625 
-0.2162887 0.4956506 0.1117327 
-0.2197485 0.4914229 0.145625 
-0.2196432 0.495 0.1725 
-0.2135175 0.5019366 0.155 
-0.2152505 0.5054097 0.1717489 
-0.2113279 0.4890146 0.07488964 
-0.2033135 0.5001378 0.08980854 
-0.2023674 0.5050041 0.1170636 
-0.2068961 0.5084075 0.125 
-0.2002297 0.513858 0.1340471 
-0.2009526 0.5150249 0.1470472 
-0.2055725 0.5180324 0.1668359 
-0.1962861 0.4938848 0.03345208 
-0.1974918 0.495 0.055 
-0.1944247 0.5044436 0.075 
-0.195 0.5121866 0.125 
-0.190915 0.5258232 0.1505885 
-0.1871247 0.5108463 0.03052709 
-0.1852112 0.5149539 0.04991764 
-0.185326 0.5155291 0.07247677 
-0.172777 0.5253007 0.10375 
-0.177668 0.5232385 0.1194795 
-0.1855423 0.5256556 0.1329641 
-0.1737235 0.5421649 0.1575959 
-0.1784225 0.5213651 0.00578125 
-0.1749351 0.524927 0.05509486 
-0.1753061 0.52514 0.07265762 
-0.1670445 0.533915 0.1297662 
-0.1647026 0.534431 0.08444373 
0.015 -0.3 0.5396231 
0.005 -0.2921875 0.5412427 
0 -0.2625 0.5389002 
0.01604101 -0.2525329 0.5359492 
0.004019266 -0.208103 0.527507 
0.01204025 -0.186105 0.5183181 
0.0270914 -0.2770202 0.5352501 
0.0229715 -0.2097186 0.5225726 
0.03027742 -0.1767908 0.5097473 
0.02352535 -0.2362469 0.5298493 
0.04493043 -0.2696195 0.5289339 
0.04951284 -0.2016583 0.5119708 
0.04989532 -0.1739725 0.5052547 
0.06125 -0.25625 0.5208104 
0.05696729 -0.2199887 0.5153629 
0.07502009 -0.3044141 0.5188559 
0.07420092 -0.2687138 0.518106 
0.06465955 -0.2418582 0.5158724 
0.07282525 -0.24 0.5094541 
0.06652721 -0.1997953 0.5050441 
0.0652311 -0.1844358 0.4960614 
0.06494622 -0.1750824 0.4848657 
0.06020128 -0.17 0.495 
0.07557171 -0.2226643 0.5054218 
0.07881947 -0.215 0.4965139 
0.07570395 -0.1943588 0.4961135 
0.07839344 -0.1905773 0.4833744 
0.09360503 -0.2656431 0.5047914 
0.0855298 -0.204151 0.486194 
0.1016936 -0.2593127 0.4948883 
0.0981727 -0.2285352 0.4860012 
0.105 -0.28 0.5000848 
0.1102488 -0.2588182 0.488557 
0.1250568 -0.2879318 0.4842996 
-0.1426997 -0.1478204 0.4397123 
-0.1519943 -0.1374707 0.4246728 
-0.147606 -0.1128125 0.4186 
-0.142292 -0.09283657 0.417595 
-0.1580486 -0.07968583 0.4140621 
-0.1469052 -0.04468485 0.415713 
-0.155 -0.035 0.4124191 
-0.1468025 -0.0208604 0.4116227 
-0.155 -0.0075 0.4076339 
-0.1496069 0.01277718 0.4127401 
-0.1273508 -0.1192122 0.4285465 
-0.135 -0.085 0.4165442 
-0.13 -0.07 0.4177435 
-0.1263978 -0.05 0.4142844 
-0.135 -0.025 0.4131917 
-0.124924 -0.1499891 0.4468543 
-0.1168475 -0.1306582 0.4357369 
-0.1233341 -0.09106356 0.4215938 
-0.1226386 -0.02875 0.4121374 
-0.1233949 -0.01427844 0.4147176 
-0.12 -0.00125 0.4196978 
-0.1075 -0.1489631 0.4445071 
-0.1129279 -0.064375 0.4239983 
-0.1104041 -0.01270626 0.4221202 
-0.1107413 0.008727372 0.4231059 
-0.09999999 -0.155 0.4487462 
-0.105 -0.09999999 0.4311243 
-0.1039447 -0.0759375 0.4320281 
-0.1052112 -0.035 0.4252522 
-0.1067351 -0.025 0.4269747 
-0.08846118 -0.1305191 0.4390277 
-0.09494057 -0.1004313 0.4336583 
-0.095 -0.08752338 0.4346845 
-0.09682851 -0.0525 0.4377479 
-0.0962169 -0.03 0.4358531 
-0.0950726 -0.01492772 0.4350206 
-0.09347124 -0.005 0.4337857 
-0.09315006 0.01486438 0.4342413 
-0.08256289 -0.1500099 0.4486658 
-0.0840932 -0.09271017 0.4347499 
-0.085 -0.07 0.4359132 
-0.0825 -0.0475 0.4389649 
-0.085 -0.02 0.4397053 
-0.08356567 -0.005 0.4438384 
-0.075 -0.145 0.4498688 
-0.075 -0.115 0.4412983 
-0.0721798 -0.0946875 0.439461 
-0.075 -0.065 0.4404949 
-0.07035506 -0.04198715 0.4432879 
-0.07478229 0.00179185 0.452158 
-0.06481003 -0.1504537 0.4575619 
-0.06493212 -0.1301933 0.445673 
-0.0629769 -0.115 0.4437796 
-0.06194098 -0.06875 0.4442511 
-0.06636398 -0.003538557 0.4602297 
-0.06343557 -0.1568879 0.465 
-0.05494773 -0.1451084 0.4649332 
-0.05962333 -0.147225 0.4742336 
-0.05619834 -0.153125 0.4885693 
-0.05368704 -0.1322872 0.4540949 
-0.055 -0.12 0.4489355 
-0.05528664 -0.1124644 0.4862407 
-0.055 -0.115 0.4792335 
-0.055 -0.100914 0.4533589 
-0.0578647 -0.095 0.455 
-0.05693331 -0.085 0.4592431 
-0.05764202 -0.06593356 0.4570858 
-0.05204848 -0.0642281 0.485362 
-0.05914413 -0.055 0.445 
-0.05965735 -0.0425 0.4619774 
-0.05797765 -0.0200233 0.4697472 
-0.05596822 0.0025 0.4766329 
-0.05268369 -0.12125 0.46625 
-0.05168034 -0.115 0.475 
-0.05167362 -0.098125 0.4675 
-0.04493726 -0.1051902 0.4849387 
-0.03723692 -0.1003264 0.4889378 
-0.04956742 -0.08 0.4806146 
-0.05349559 -0.0575 0.475 
-0.05118507 -0.0375 0.485 
-0.0496924 -0.00625 0.4853111 
-0.01538203 0.805 1.125345 
-0.01521982 0.8160148 1.125237 
0 0.811875 1.130052 
-0.007289763 0.8271132 1.125 
0.005 0.8301952 1.125 
0.05671038 -0.1522423 -0.3898146 
0.05177964 -0.1462731 -0.3663351 
0.05029303 -0.14625 -0.3315625 
0.0503738 -0.134375 -0.305 
0.05744309 -0.1232991 -0.4054027 
0.05447227 -0.1175866 -0.3595333 
0.0531835 -0.1224136 -0.471036 
0.05272929 -0.1022058 -0.4491749 
0.05286767 -0.1037475 -0.3114038 
0.05295477 -0.07910499 -0.4667283 
0.06890035 -0.1524622 -0.4609375 
0.06271105 -0.1497811 -0.42875 
0.05881363 -0.1354688 -0.4196875 
0.06192884 -0.1499729 -0.4049726 
0.05979484 -0.08 -0.425 
0.05907485 -0.091875 -0.379375 
0.05564795 -0.08698608 -0.3450754 
0.06360912 -0.07418618 -0.405 
0.06274452 -0.07022284 -0.3064237 
0.06423497 -0.06451491 -0.4775 
0.06590566 -0.06570545 -0.4392512 
0.06317546 -0.07372783 -0.3728125 
0.06826682 -0.06737751 -0.355089 
0.07431547 -0.0645863 -0.4075 
0.07587399 -0.0654549 -0.3801502 
0.07875 -0.06122789 -0.4478125 
0.08 -0.05974172 -0.3375 
0.09 -0.06060982 -0.4229687 
0.095 -0.06152294 -0.37625 
0.095 -0.05945796 -0.3375 
0.095 -0.05974826 -0.285 
0.1002769 -0.1540938 -0.4580411 
0.108822 -0.1454259 -0.4343392 
0.1048892 -0.06508127 -0.4568952 
0.1047108 -0.065228 -0.4277541 
0.1036234 -0.0660245 -0.3975 
0.103936 -0.06674018 -0.3656745 
0.1060439 -0.06399132 -0.31375 
0.1067358 -0.1568158 -0.4059722 
0.1143089 -0.1431411 -0.4127253 
0.1171584 -0.07850945 -0.4744955 
0.116265 -0.08031591 -0.4260063 
0.1158516 -0.08142672 -0.3751172 
0.1176822 -0.08214137 -0.3115212 
0.1228902 -0.1468266 -0.3508132 
0.1193895 -0.1376563 -0.4003125 
0.115974 -0.1319653 -0.4747137 
0.1178534 -0.125 -0.45 
0.1169874 -0.125 -0.435 
0.1222153 -0.125 -0.39 
0.1201869 -0.11 -0.4209375 
0.1217568 -0.1003125 -0.3765625 
0.1227599 -0.1034749 -0.3465867 
0.1218414 -0.105 -0.46625 
0.1234302 -0.09475217 -0.4778687 
0.1207503 -0.095 -0.41875 
0.1240375 -0.095 -0.325 
0.1307412 -0.1401458 -0.3096211 
0.1279166 -0.1103125 -0.314375 
-0.09120721 0.1918388 0.484149 
-0.07472043 0.2 0.4940591 
-0.07696667 0.2609375 0.4861132 
-0.08262323 0.3137484 0.4856898 
-0.06704427 0.1861095 0.4958099 
-0.0629322 0.2225 0.4935158 
-0.06462369 0.2525 0.4946558 
-0.0633588 0.2825 0.4938717 
-0.06266861 0.3209936 0.5028062 
-0.05046523 0.1623778 0.5023444 
-0.05503694 0.1903146 0.5036106 
-0.04505991 0.2162348 0.5047879 
-0.05018947 0.2351563 0.5016663 
-0.055 0.25375 0.5006798 
-0.05428925 0.29 0.5024308 
-0.055 0.3325 0.5084093 
-0.03342354 0.1842187 0.5074865 
-0.04127616 0.2727148 0.5063672 
-0.039375 0.3125 0.5087448 
-0.03 0.24 0.5083728 
-0.02118334 0.2909618 0.5137804 
-0.02081965 0.32 0.5133865 
-0.015 0.17625 0.5100668 
-0.005656957 0.2340594 0.5151627 
-0.01 0.31375 0.5189433 
-0.005245296 0.1751441 0.5146533 
0.007159972 0.1805024 0.5129221 
0.006332844 0.27125 0.5153674 
0.01172121 0.3156239 0.5168495 
-0.1423623 0.3329728 -0.00656077 
-0.1397474 0.3442191 -0.02292229 
-0.1481809 0.3663886 -0.05656305 
-0.149927 0.3768106 -0.06995705 
-0.1502135 0.3855143 -0.08171307 
-0.1450403 0.414019 -0.1137972 
-0.159906 0.4275959 -0.1182562 
-0.145 0.4516666 -0.1484956 
-0.1578699 0.465393 -0.1511739 
-0.1247705 0.3569873 -0.03464759 
-0.124898 0.3753088 -0.06134906 
-0.1300859 0.4033307 -0.09666115 
-0.130006 0.4261039 -0.1189083 
-0.1321827 0.4453771 -0.1405275 
-0.1225566 0.4690722 -0.1610325 
-0.1130068 0.4016542 -0.08335851 
-0.1099717 0.4306155 -0.1097797 
-0.1002932 0.4531704 -0.1270261 
-0.09736368 0.3640885 -0.01431205 
-0.1031613 0.4189199 -0.09109569 
-0.1054998 0.4747464 -0.1538871 
-0.08928853 0.4211358 -0.07756335 
-0.08442642 0.384457 -0.02632886 
-0.09070059 0.3986564 -0.05148742 
-0.08348145 0.4453253 -0.1011938 
-0.0769688 0.3824805 -0.00925736 
-0.07582489 0.4263632 -0.06300952 
-0.074829 0.4648475 -0.1152383 
-0.07584654 0.475485 -0.1303704 
-0.07208178 0.415 -0.029375 
-0.07256973 0.415 -0.045 
-0.07050233 0.4225 -0.02 
-0.0673006 0.425 -0.015 
-0.06691606 0.4299103 -0.005405931 
-0.07059199 0.44375 -0.056875 
-0.0664781 0.435 -0.015 
-0.0668911 0.4499892 -0.03771935 
-0.07254007 0.47 -0.1025 
-0.06645267 0.4686435 -0.06253874 
-0.06222835 0.4818506 -0.03687942 
-0.05555404 0.475 -0.01127159 
0.01304368 -1.226889 0.6201161 
0.01220825 -1.230073 0.635 
0.009970412 -1.226067 0.6462336 
0.02096345 -1.20891 0.601226 
0.008523514 -1.204895 0.5776026 
0.02521453 -1.191172 0.5572141 
0.01096859 -1.185153 0.5452416 
0.0119219 -1.177634 0.53306 
0.008991942 -1.160809 0.5202005 
0.01351563 -1.134075 0.513626 
0.02764783 -1.203631 0.6493651 
0.02434213 -1.204043 0.6056789 
0.03288956 -1.208764 0.6252 
0.03526933 -1.195671 0.6011106 
0.03898529 -1.188306 0.5825 
0.04 -1.17353 0.5363552 
0.03774925 -1.147074 0.5186424 
0.04915283 -1.188918 0.6176057 
0.04900241 -1.183955 0.6414085 
0.05252139 -1.176191 0.550299 
0.04730736 -1.179211 0.57 
0.05208832 -1.176542 0.5799984 
0.05373808 -1.155364 0.5265774 
0.05556241 -1.175581 0.6004251 
0.05707636 -1.165911 0.5329345 
0.06 -1.137113 0.5194961 
0.05099367 -1.109861 0.5118126 
0.06303453 -1.168911 0.6154166 
0.06091201 -1.166021 0.6361502 
0.06501326 -1.165008 0.5452078 
0.06670827 -1.154916 0.577764 
0.0629447 -1.162781 0.595 
0.05700477 -1.165 0.6472818 
0.05983019 -1.13557 0.6467242 
0.07016274 -1.15 0.54 
0.07031754 -1.147978 0.55875 
0.0710089 -1.142109 0.6034375 
0.07657119 -1.126011 0.5375 
0.07690105 -1.1225 0.523043 
0.07352524 -1.108152 0.5604656 
0.0726274 -1.109375 0.5835937 
0.1790538 0.5147417 0.397049 
0.1793838 0.5362448 0.3764243 
0.1860488 0.5290332 0.3643847 
0.1837923 0.5409275 0.35 
0.1925479 0.5122555 0.351758 
0.2026292 0.4918214 0.3302816 
0.02507674 -0.1545246 -0.5498105 
0.0299955 -0.15 -0.565 
0.039375 -0.1521875 -0.5697958 
0.03244356 -0.1549906 -0.5215446 
0.03620792 -0.1268506 -0.5621838 
0.03051106 -0.127057 -0.555 
0.02994993 -0.1190265 -0.5413098 
0.03472817 -0.12875 -0.5114083 
0.0376796 -0.09332173 -0.5261958 
0.05042238 -0.1315655 -0.5684708 
0.04528001 -0.12 -0.499368 
0.04535595 -0.1032926 -0.5564901 
0.03997149 -0.09999999 -0.505 
0.04517583 -0.1011657 -0.4950801 
0.04431517 -0.09248352 -0.5463836 
0.05316247 -0.1454579 -0.495281 
0.0625 -0.105 -0.5594648 
0.063125 -0.08461627 -0.5477204 
0.05063879 -0.07966624 -0.4975 
0.0548136 -0.07236113 -0.530086 
0.06315854 -0.06631535 -0.5144641 
0.065 -0.1563075 -0.5753106 
0.06808889 -0.1612746 -0.4848146 
0.065 -0.125 -0.5665625 
0.0775 -0.1184468 -0.5621547 
0.06507826 -0.06511485 -0.4939157 
0.08280718 -0.1490541 -0.5705062 
0.07875 -0.06017574 -0.49625 
0.08639731 -0.0896983 -0.550921 
0.09013754 -0.06591487 -0.5171924 
0.1031663 -0.1257526 -0.5646256 
0.1000621 -0.09577065 -0.5545442 
0.1025524 -0.07388657 -0.5365348 
0.095 -0.0612004 -0.49 
0.1070912 -0.06849408 -0.5137584 
0.1143886 -0.1589614 -0.5772068 
0.115 -0.08273885 -0.5472867 
0.1218699 -0.148009 -0.498525 
0.123854 -0.1255634 -0.5659528 
0.1202804 -0.115 -0.485 
0.1242956 -0.100139 -0.5569718 
0.125383 -0.106724 -0.4898337 
0.1306495 -0.08959197 -0.5456045 
0.1224971 -0.08472595 -0.4922472 
0.1239139 -0.07763327 -0.53 
0.1270059 -0.08037203 -0.515 
0.1371044 -0.1497769 -0.5746148 
0.1384414 -0.1122814 -0.5567278 
0.1334561 -0.09743159 -0.5098385 
0.1367869 -0.09200726 -0.5325 
0.1457188 -0.1442815 -0.5654218 
0.1419832 -0.1559998 -0.5254905 
0.1420926 -0.1249005 -0.5212011 
0.1397863 -0.115 -0.515 
0.1418378 -0.105 -0.5375 
0.1496024 -0.1575 -0.553125 
0.149339 -0.136875 -0.54875 
0.1476676 -0.12 -0.5425 
-0.2539072 0.3971413 0.1703745 
-0.2542963 0.4096017 0.1955777 
-0.2565006 0.4408331 0.1751718 
-0.2520934 0.43875 0.2123004 
-0.246681 0.3440906 0.1930759 
-0.2512799 0.3595313 0.1585937 
-0.2526349 0.373125 0.19 
-0.2504211 0.3825 0.20875 
-0.2461898 0.3856613 0.2259039 
-0.2465067 0.43125 0.2371699 
-0.244334 0.4524153 0.2429684 
-0.2453027 0.4591957 0.16625 
-0.2417025 0.4636357 0.196875 
-0.2363692 0.3326796 0.1737385 
-0.2382824 0.3244321 0.2054687 
-0.2421996 0.3532031 0.2339063 
-0.233804 0.3334635 0.2661004 
-0.2375276 0.368125 0.2726971 
-0.2312129 0.3876886 0.291383 
-0.2380156 0.415801 0.2654959 
-0.2310658 0.4529752 0.2760592 
-0.2349866 0.4724479 0.2188677 
-0.238347 0.4662002 0.25 
-0.2298388 0.47991 0.1724593 
-0.2273296 0.4856472 0.1975125 
-0.2353958 0.4755676 0.2324901 
-0.2166395 0.3285991 0.3023973 
-0.2269514 0.35125 0.3003636 
-0.2266592 0.4026549 0.3013766 
-0.228243 0.4243968 0.2931529 
-0.2253502 0.4406165 0.2938855 
-0.2298549 0.4652255 0.2726068 
-0.2225076 0.4819694 0.2632683 
-0.2261665 0.4858516 0.2337961 
-0.2160775 0.3485132 0.3197871 
-0.2183538 0.37 0.32 
-0.2215805 0.39 0.319375 
-0.223032 0.395 0.325 
-0.2196588 0.414439 0.324375 
-0.2173891 0.4313556 0.3303386 
-0.2179055 0.45 0.3070779 
-0.2189211 0.471409 0.2954766 
-0.2111875 0.463125 0.3225 
-0.2074912 0.4907191 0.307789 
0.1692085 0.5782539 0.09189544 
0.1712905 0.5712574 0.1175 
0.1699938 0.5700665 0.1360922 
0.1700605 0.5822785 0.075 
0.1699025 0.592919 0.01357997 
0.1653829 0.6054113 0.006816621 
0.1860912 0.5574361 0.1046094 
0.1781051 0.575 0 
0.1872195 0.5636626 0.0111459 
0.1914819 0.5609453 0.06397852 
0.1947015 0.5548576 0.08613853 
0.2019682 0.548163 0.102218 
0.2001445 0.5472009 0.1716191 
0.2095572 0.5346016 0.04401367 
0.2113449 0.5386027 0.1228298 
0.2060204 0.5460882 0.085 
0.2142612 0.5230211 0.02112421 
0.2167042 0.5366172 0.1432971 
0.2255351 0.5062649 0.02392908 
0.222014 0.522014 0.07661858 
0.2192875 0.5301773 0.1064968 
0.2331614 0.5120832 0.1705602 
0.2365307 0.4977264 0.06405435 
0.2382348 0.5036587 0.1101563 
0.2435495 0.4943799 0.09194697 
0.1721118 0.5522451 0.2828125 
0.1717666 0.5643569 0.1825 
0.1747375 0.5617212 0.2121779 
0.1675694 0.560959 0.3198493 
0.1552574 0.5732098 0.2071193 
0.188377 0.5317364 0.2859668 
0.1991288 0.5137524 0.3059659 
0.2157935 0.5163304 0.2349222 
0.2067212 0.5307407 0.2230298 
0.2105472 0.5332262 0.205 
0.2227189 0.493487 0.2670417 
0.2373554 0.4996035 0.2225364 
0.1777575 -0.6298124 0.3301801 
0.1727903 -0.6343251 0.4507515 
0.1729263 -0.6303033 0.4695107 
0.17083 -0.6313319 0.4871423 
0.1745292 -0.615 0.4729081 
0.1731395 -0.5954814 0.492737 
0.1742488 -0.5190519 0.4699474 
0.1665645 -0.4906335 0.465 
0.1757827 -0.4836473 0.4324062 
0.1730602 -0.4642519 0.4288323 
0.1784769 -0.6380667 0.355429 
0.1835066 -0.6331783 0.3745313 
0.1805348 -0.6389825 0.4151693 
0.1820758 -0.6156223 0.4248748 
0.1764513 -0.615 0.46 
0.1801494 -0.5916184 0.4618046 
0.1838631 -0.5674202 0.4597288 
0.1733418 -0.5697266 0.4965099 
0.1848815 -0.5524893 0.4604873 
0.1824189 -0.5266693 0.4519947 
0.1794083 -0.505 0.45 
0.1826409 -0.4964854 0.4122153 
0.1804123 -0.4764983 0.4036528 
0.1904442 -0.6100144 0.3653172 
0.1917081 -0.6059732 0.3332775 
0.1899815 -0.6021875 0.3940625 
0.1927886 -0.59 0.38875 
0.1929513 -0.5824296 0.3714874 
0.1898316 -0.58375 0.4225 
0.1938419 -0.572719 0.3814887 
0.1916653 -0.5678464 0.4072832 
0.1899263 -0.5492207 0.4287094 
0.1906254 -0.5195673 0.4229722 
0.1921266 -0.5054924 0.382681 
0.1924949 -0.4904025 0.3704908 
0.1951778 -0.486311 0.352427 
0.1874513 -0.4775 0.385 
0.1956128 -0.4657326 0.3511382 
0.1987694 -0.575 0.35 
0.1998994 -0.55375 0.3734375 
0.1996724 -0.519375 0.359375 
0.1978783 -0.530625 0.395625 
0.1972694 -0.509375 0.3223437 
0.196383 -0.4778452 0.3221733 
-0.1517105 -0.7801864 0.7979666 
-0.1544967 -0.7696605 0.7056087 
-0.1503754 -0.7725 0.73 
-0.155 -0.7814043 0.73 
-0.1528626 -0.7739233 0.7573047 
-0.1505621 -0.7586737 0.6399487 
-0.1538664 -0.7598355 0.6772684 
-0.155 -0.7730818 0.685 
-0.1457285 -0.7593822 0.7610352 
-0.1449644 -0.7684605 0.8100556 
-0.1510474 -0.755 0.72 
-0.1463627 -0.7501692 0.73544 
-0.1446474 -0.7561643 0.7825 
-0.1547339 -0.745 0.7140565 
-0.1467094 -0.7403173 0.724741 
-0.1458835 -0.7440886 0.755779 
-0.1517079 -0.7273646 0.64625 
-0.1541709 -0.7284747 0.6728125 
-0.1520678 -0.7275 0.7025 
-0.1535157 -0.735 0.715 
-0.1443468 -0.7325768 0.7453452 
-0.1463446 -0.7132545 0.7154173 
-0.154928 -0.712648 0.6554056 
-0.1546324 -0.715 0.6839393 
-0.145 -0.715 0.7313473 
-0.15469 -0.705 0.645 
-0.152413 -0.7039707 0.6725519 
-0.1510184 -0.689375 0.660625 
-0.1471127 -0.6775647 0.6822422 
-0.1452246 -0.694617 0.7157682 
-0.1499526 -0.6570357 0.6377558 
-0.1393837 -0.755 0.765 
-0.1389981 -0.7510661 0.79 
-0.1359932 -0.7515477 0.8075565 
-0.135 -0.7469294 0.763962 
-0.135 -0.7517664 0.775 
-0.1413255 -0.735 0.735 
-0.1426539 -0.725 0.735 
-0.1387491 -0.7247226 0.7452909 
-0.1346138 -0.7150785 0.7349637 
-0.1267378 -0.6977935 0.728844 
-0.135 -0.695 0.7216394 
-0.1388678 -0.685 0.7120216 
-0.1347117 -0.6680375 0.6904376 
-0.1346784 -0.6751033 0.7064091 
-0.1346245 -0.6746264 0.7172436 
-0.136303 -0.6472289 0.6606343 
-0.1235375 -0.7550757 0.7752155 
-0.1232704 -0.745142 0.7648429 
-0.125 -0.7532616 0.785 
-0.125 -0.7542636 0.795 
-0.1260189 -0.7447087 0.8047563 
-0.1253905 -0.7301761 0.7499086 
-0.1221242 -0.708371 0.736693 
-0.125 -0.685 0.7202325 
-0.1221161 -0.6767206 0.7148338 
-0.1249686 -0.6550385 0.6849739 
-0.126594 -0.6232436 0.66913 
-0.115 -0.7514238 0.775 
-0.115 -0.7440974 0.7658463 
-0.115 -0.7520807 0.785 
-0.1128372 -0.746024 0.795 
-0.115 -0.7447597 0.8035905 
-0.1106997 -0.7326618 0.7620447 
-0.1103975 -0.7137905 0.7529801 
-0.1134268 -0.6656883 0.7042412 
-0.1145095 -0.6564415 0.6943359 
-0.116937 -0.6375 0.688729 
-0.1048501 -0.7458787 0.7748325 
-0.1046486 -0.7463713 0.7860246 
-0.1050612 -0.7311074 0.7962039 
-0.1049316 -0.735 0.7851621 
-0.1024052 -0.7359391 0.8074731 
-0.1052056 -0.7241901 0.7653776 
-0.1024267 -0.6980501 0.7466007 
-0.1050978 -0.6844766 0.7351187 
-0.1040206 -0.6757718 0.7239001 
-0.1046025 -0.6650004 0.7136414 
-0.1064985 -0.655 0.705 
-0.1043775 -0.6392007 0.704231 
-0.103735 -0.6403055 0.7239906 
-0.1036221 -0.6401922 0.7350144 
-0.100977 -0.735 0.775 
-0.1001338 -0.725 0.775 
-0.101418 -0.71625 0.78375 
-0.09889834 -0.7197857 0.8052173 
-0.09942011 -0.7075 0.7625 
-0.09803464 -0.6956135 0.7853487 
-0.08979116 -0.7054729 0.7997559 
-0.09653236 -0.6881714 0.7671497 
-0.100064 -0.685 0.745 
-0.1017105 -0.66125 0.7275 
-0.09950236 -0.660625 0.7516029 
-0.09543561 -0.6403173 0.7512205 
-0.1030514 -0.635 0.715 
-0.08819123 -0.6865625 0.7970546 
-0.09173068 -0.67 0.775 
-0.09485615 -0.665 0.765 
-0.08756703 -0.6635482 0.7956218 
-0.08946343 -0.655 0.775 
-0.09032711 -0.655 0.785 
-0.085 -0.6535732 0.7877225 
-0.08443746 -0.646421 0.7746969 
-0.08552179 -0.634122 0.7654635 
-0.0693852 -0.6774967 0.8081289 
-0.07410576 -0.6602877 0.7967274 
-0.075 -0.6500911 0.785 
-0.07 -0.6453673 0.7815356 
-0.05504632 -0.6479121 0.7977084 
-0.06995789 -0.6364766 0.7728482 
-0.0557931 -0.6548432 0.8052644 
-0.05073459 -0.6453521 0.7843529 
-0.04630342 -0.6341715 0.7727741 
-0.02694531 -0.638806 0.7906078 
0.005 -0.6380347 0.795535 
-0.1454928 -0.3184375 0.4713564 
-0.1482929 -0.2590625 0.4653088 
-0.1529435 -0.2370594 0.4577686 
-0.1479056 -0.2222983 0.4541464 
-0.1502611 -0.2034145 0.450193 
-0.1546648 -0.175177 0.4377802 
-0.1363785 -0.3085069 0.4775069 
-0.1278493 -0.2736029 0.4800234 
-0.1236331 -0.2490216 0.4780292 
-0.1313438 -0.227314 0.4672458 
-0.132057 -0.2043882 0.4627216 
-0.1356923 -0.18035 0.4554535 
-0.135 -0.165 0.451424 
-0.1196216 -0.2323083 0.4729216 
-0.1207481 -0.1735846 0.45857 
-0.09949044 -0.1975166 0.4714587 
-0.10875 -0.188495 0.4674091 
-0.09231893 -0.2197957 0.4837048 
-0.08367735 -0.1757882 0.4641925 
-0.06968687 -0.1753142 0.4780627 
-0.07240024 -0.165 0.462976 
-0.04445223 0.8220403 0.9814463 
-0.04767324 0.8376718 0.9612454 
-0.04494759 0.8331341 1.00919 
-0.04181513 0.8474966 1.00133 
-0.04160345 0.804375 1.000625 
-0.04098213 0.8116915 1.036275 
-0.03513202 0.8119238 1.082866 
-0.0355259 0.7975684 1.084942 
-0.04102305 0.84 1.025 
-0.03424961 0.8759658 0.9489184 
-0.03036524 0.82125 1.08375 
-0.02600714 0.8018497 1.109785 
-0.02257639 0.8334551 1.09446 
-0.03080929 0.8437579 1.058457 
-0.02546072 0.8504407 1.071053 
-0.02868266 0.8648064 1.039228 
-0.0306123 0.875 1 
-0.02432691 0.8738027 1.023257 
-0.0198476 0.8830348 0.9778411 
-0.01797408 0.8188548 1.115 
-0.01380314 0.8437206 1.094152 
-0.003316081 0.8546294 1.081115 
-0.007651397 0.8735845 1.040245 
-0.0075 0.8781047 1.02 
-0.00956543 0.8859895 0.9675 
-0.00339792 0.8354715 1.111692 
-0.005 0.8689222 1.055 
0.01242012 0.8364587 1.116341 
0.009764047 0.8534103 1.095034 
0.0128125 0.8736162 1.050275 
0.01086619 0.8835497 0.9855243 
0.01 0.8802459 1.01125 
0.01375 0.8871642 0.964375 
0.015 0.2 0.5105672 
0.015 0.22375 0.5110546 
0.0225 0.26125 0.5083411 
0.02697846 0.2921822 0.5099899 
0.04210938 0.2488281 0.5072808 
0.04372508 0.32125 0.5062777 
0.045 0.175 0.5024526 
0.04865325 0.1888207 0.5052075 
0.04697959 0.275 0.5055616 
0.05534149 0.2273132 0.505059 
0.06116773 0.2747713 0.4973925 
0.05997327 0.2979406 0.4973126 
0.05560059 0.3091892 0.5049145 
0.05861215 0.329375 0.4958124 
0.06867329 0.2092213 0.4933797 
0.07263397 0.2317242 0.4913941 
0.06474709 0.2518235 0.4947017 
0.07244247 0.18625 0.4941791 
0.07485587 0.2689647 0.4848647 
0.07725661 0.308125 0.4792397 
0.08582305 0.191875 0.4868782 
0.094721 0.193395 0.4810766 
0.2547792 -0.6349065 0.709869 
0.2536869 -0.6347994 0.7271639 
0.2559137 -0.6360871 0.68125 
0.2668027 -0.6344293 0.6777148 
0.2648978 -0.6334473 0.7024578 
0.2620921 -0.6390488 0.725 
-0.1481925 0.5023243 -0.1830739 
-0.1505214 0.5348033 -0.2021991 
-0.1477301 0.5678337 -0.2173148 
-0.1435414 0.6000198 -0.2277887 
-0.1502621 0.591154 -0.1915071 
-0.1416804 0.6046144 -0.1897696 
-0.1339646 0.5154324 -0.2046622 
-0.1347562 0.5366731 -0.2193832 
-0.1378177 0.5559657 -0.2290008 
-0.1413013 0.58 -0.2375 
-0.1382449 0.6011842 -0.2586916 
-0.1393808 0.595 -0.165 
-0.1357656 0.6223885 -0.2077655 
-0.1342625 0.6255795 -0.2578305 
-0.1355806 0.6311082 -0.23 
-0.1205955 0.5066939 -0.1978506 
-0.121437 0.5329901 -0.2222134 
-0.1248538 0.5617042 -0.2496183 
-0.1309929 0.5803636 -0.2742707 
-0.1308916 0.603604 -0.328207 
-0.1312193 0.6163884 -0.2808111 
-0.1288214 0.6224462 -0.1869089 
-0.1283938 0.6424034 -0.252302 
-0.1318011 0.635 -0.24 
-0.1289163 0.6352043 -0.207414 
-0.1263622 0.6536509 -0.2271526 
-0.1157186 0.4861798 -0.1743852 
-0.1154218 0.5548569 -0.2453792 
-0.115 0.5621021 -0.31 
-0.1170672 0.5642515 -0.283125 
-0.1194317 0.63875 -0.18125 
-0.1154983 0.6459361 -0.1699784 
-0.1013642 0.5234129 -0.2027941 
-0.103268 0.5480238 -0.2314644 
-0.09997779 0.5636246 -0.3025896 
-0.1025793 0.5615378 -0.2618454 
-0.0880519 0.4980463 -0.1648153 
-0.0851714 0.5707576 -0.2449241 
-0.08990993 0.5715091 -0.2846026 
-0.08017299 0.5644384 -0.2282866 
-0.08049899 0.5738412 -0.3077068 
-0.07677846 0.5808597 -0.2592253 
-0.07470262 0.5331888 -0.1943432 
-0.06503493 0.5600181 -0.2099729 
-0.06843178 0.5855513 -0.3158594 
-0.06421603 0.5790169 -0.2300744 
-0.06206747 0.6427437 -0.1672684 
-0.058898 0.5626113 -0.1970727 
-0.05593795 0.5852968 -0.1894999 
-0.06049775 0.6023918 -0.3004687 
-0.05693815 0.5997189 -0.2462448 
-0.05619142 0.6141135 -0.2760375 
-0.05803537 0.6218323 -0.187416 
-0.05864489 0.63 -0.31375 
-0.05685123 0.635 -0.295 
-0.05401552 0.6433592 -0.2681005 
-0.05131475 0.59875 -0.2104688 
-0.0500363 0.61 -0.225 
-0.05082262 0.621875 -0.2590625 
-0.04911267 0.645625 -0.21875 
-0.04996914 0.645 -0.235 
-0.1429697 0.5705884 0.1737746 
-0.1521486 0.5659235 0.2907268 
-0.145055 0.571296 0.2109375 
-0.1519093 0.5717726 0.27 
-0.1417858 0.5774602 0.3213511 
-0.1382514 0.578631 0.2436528 
-0.1302538 0.5865365 0.2642187 
-0.1346705 0.5848487 0.2805263 
-0.1186497 0.5876915 0.1879531 
-0.1207988 0.5928891 0.255 
-0.1205618 0.5919001 0.3183421 
-0.1157375 0.5915438 0.2095312 
-0.1058222 0.6036778 0.286875 
-0.09155324 0.5925632 0.1801098 
-0.09936495 0.601802 0.22 
-0.1017959 0.6012449 0.2396507 
-0.1012042 0.6037307 0.31 
-0.1007893 0.6021161 0.3294774 
-0.08717404 0.6018854 0.2026312 
-0.09040115 0.6125216 0.2683151 
-0.08 0.611631 0.223381 
-0.07995202 0.6149526 0.241875 
-0.07710554 0.618827 0.31125 
-0.0688074 0.6250689 0.2774339 
-0.06748088 0.6069058 0.2071686 
-0.05891669 0.6229434 0.2469223 
-0.05914137 0.6224039 0.3245251 
-0.05403471 0.6011826 0.1909394 
-0.04564538 0.6138299 0.2076497 
-0.04600263 0.6302143 0.2994994 
-0.03999752 0.6223154 0.22459 
-0.04229303 0.6247995 0.3334152 
-0.035 0.6316603 0.26 
-0.02875 0.6329617 0.2799585 
-0.03319979 0.6313931 0.3054743 
-0.01584847 0.610218 0.1806892 
-0.01613884 0.6189474 0.2100329 
-0.01983662 0.6256769 0.2238147 
-0.025 0.631663 0.2525 
-0.009373121 0.6255352 0.2427128 
0.0025 0.6117052 0.1986126 
0.002858553 0.6208906 0.3241766 
-0.005 0.625787 0.2775 
-0.1026212 0.6454424 -0.367659 
-0.1010421 0.6541804 -0.3429879 
-0.1032702 0.6605313 -0.3157667 
-0.095 0.6502824 -0.36 
-0.095 0.6603512 -0.33 
-0.07982787 0.6434535 -0.3701511 
-0.08101007 0.6547018 -0.3458002 
-0.085 0.6618648 -0.3295113 
-0.085 0.6686509 -0.31 
-0.06973168 0.6380512 -0.3512859 
-0.07285369 0.6583805 -0.322356 
-0.06407113 0.6443045 -0.320134 
-0.0680278 0.655 -0.315 
0.1774112 0.5078185 -0.08928109 
0.1718595 0.5247369 -0.1092673 
0.1694731 0.5551378 -0.1262664 
0.1739289 0.5925 -0.1335184 
0.1678004 0.604375 -0.1462501 
0.1637741 0.61 -0.1537583 
0.1737676 0.6031187 -0.05606389 
0.1733004 0.6008031 -0.02804136 
0.1740655 0.615 -0.1328345 
0.1764952 0.6099576 -0.06503905 
0.1672603 0.6217402 -0.05859403 
0.1678336 0.6150686 -0.03735447 
0.1706851 0.6286675 -0.0878056 
0.1730726 0.6290107 -0.1186716 
0.1658347 0.6362437 -0.07941328 
0.1837706 0.5333582 -0.09982403 
0.1819596 0.55 -0.113062 
0.1801282 0.583125 -0.1218465 
0.1799425 0.58 -0.02 
0.1841463 0.5885343 -0.06494045 
0.1852715 0.5748975 -0.03788365 
0.1828642 0.6021115 -0.1042119 
0.1918548 0.48625 -0.05942088 
0.1906417 0.5075241 -0.06623643 
0.1970367 0.5225 -0.0550658 
0.1923167 0.5490914 -0.05580375 
0.1884319 0.566875 -0.09875 
0.1900034 0.5696875 -0.0740625 
0.2015522 0.4822774 -0.03959714 
0.2029503 0.5105372 -0.04039907 
0.2041872 0.5299537 -0.03080707 
0.1921142 0.5543112 -0.01661965 
0.2128438 0.4909375 -0.01586349 
0.2107842 0.525 -0.01 
0.2173516 0.515 -0.005 
-0.1167715 0.6593345 -0.2680816 
-0.1156918 0.6624881 -0.1956263 
-0.1165138 0.6692481 -0.2394471 
-0.1180528 0.6697955 -0.2123863 
-0.1158827 0.675 -0.225 
-0.1088926 0.6606504 -0.2969946 
-0.1058392 0.6597279 -0.1758195 
-0.1038633 0.6766858 -0.2571733 
-0.1030055 0.6845317 -0.2278811 
-0.1032811 0.6842592 -0.208517 
-0.09632746 0.6768193 -0.2751287 
-0.09523786 0.679099 -0.1899112 
-0.0911611 0.6836327 -0.2554642 
-0.095 0.6876568 -0.235 
-0.09 0.6910982 -0.2061679 
-0.07856368 0.6771163 -0.2725 
-0.085 0.6811679 -0.265 
-0.085 0.6864036 -0.1934181 
-0.08 0.6885743 -0.235 
-0.085 0.693891 -0.2228849 
-0.08673187 0.6957698 -0.215 
-0.07418326 0.6703559 -0.1795724 
-0.07302389 0.667371 -0.2980719 
-0.07597005 0.683661 -0.2525015 
-0.07564156 0.683944 -0.1956587 
-0.07765818 0.693057 -0.215 
-0.075 0.6897131 -0.205 
-0.06563482 0.6533457 -0.3025631 
-0.06060906 0.6571785 -0.2678288 
-0.06081731 0.6593775 -0.1856451 
-0.06250989 0.6725603 -0.2391898 
-0.0533643 0.6599252 -0.2320209 
-0.05494677 0.665069 -0.2048519 
-0.05712021 0.6718376 -0.21 
-0.05114909 0.655 -0.21 
-0.1762929 0.01282828 0.3751357 
-0.172711 -0.002187019 0.3980123 
-0.1777152 0.02761951 0.323562 
-0.1738692 0.04303903 0.3503906 
-0.1737923 0.081147 0.3615245 
-0.1749972 0.1025135 0.3409738 
-0.1738788 0.0914047 0.3774499 
-0.1757149 0.1137711 0.390115 
-0.1746186 0.1261958 0.3729599 
-0.1772573 0.1220697 0.3193571 
-0.1775291 0.1334375 0.3493006 
-0.1743896 0.1502693 0.3996175 
-0.1797836 0.1625032 0.3346362 
-0.1758623 0.1743163 0.3984136 
-0.1739585 0.1594304 0.4153614 
-0.1652576 0.0107672 0.4050916 
-0.1719142 0.025 0.395 
-0.1677572 0.0375 0.403401 
-0.1708306 0.05 0.375 
-0.1581085 0.03736572 0.4176977 
-0.1669996 0.07140625 0.4134835 
-0.1712613 0.075 0.39 
-0.1730439 0.08 0.4 
-0.1704422 0.101875 0.41 
-0.1590187 0.1025431 0.4245187 
-0.1701142 0.12 0.405 
-0.1728863 0.13 0.3925 
-0.1659677 0.13375 0.425442 
-0.1726136 0.1375 0.41 
-0.1737612 0.15 0.365 
-0.1742975 0.1622153 0.375 
-0.1552452 0.02463635 0.4152833 
-0.1491281 0.05596764 0.4238944 
-0.1477179 -0.1224244 -0.001279569 
-0.1477596 -0.08398898 0.02397032 
-0.1493254 -0.0533605 0.06066618 
-0.1502735 -0.03441824 0.08307467 
-0.1548429 -0.01642706 0.1053562 
-0.1449207 -0.00504694 0.09504637 
-0.15105 0.002961818 0.1066372 
-0.1332734 -0.09574448 0.008449608 
-0.1267329 -0.07175622 0.0239094 
-0.1324117 -0.05983384 0.03259072 
-0.1408328 -0.055 0.045 
-0.1329098 -0.04141154 0.04541521 
-0.1350845 -0.0395986 0.06016283 
-0.1353943 -0.01764216 0.07968965 
-0.1225 -0.04 0.04156968 
-0.1292414 -0.035 0.055 
-0.1297773 -0.025 0.055 
-0.1277624 -0.02 0.065 
-0.1253821 -0.0127915 0.05473505 
-0.1302476 -0.015 0.075 
-0.124531 0.001877156 0.06273828 
-0.1240808 0.004377036 0.0778696 
-0.125 0.005 0.07017092 
-0.1099952 -0.02060232 0.04430291 
-0.1007913 -0.035 0.03673413 
-0.09999057 0.005331671 0.05256068 
-0.08984168 -0.02550135 0.03292705 
-0.09135868 -0.06266537 0.009535433 
-0.06026885 0.001465052 0.0319174 
-0.07378539 -0.0366611 0.01759586 
-0.05213387 -0.04574865 0.002560117 
-0.06028467 -0.02237601 0.01828879 
-0.02741917 -0.01742143 0.009230323 
-0.01078125 -0.02190819 0.005070399 
0.1747838 -0.1060129 0.006836116 
0.1777569 -0.1029229 0.03297346 
0.1655727 -0.08446796 0.03467258 
0.1667967 -0.07121622 0.04653557 
0.1694361 -0.06559005 0.06102414 
0.1700199 -0.05000263 0.07058193 
0.1645773 -0.01693482 0.08849869 
0.1795556 -0.02925418 0.1052725 
0.1735247 -0.0157419 0.1191621 
0.1628842 0.00741329 0.1288303 
0.1821166 -0.1299603 0.009728242 
0.1834119 -0.1199678 0.01816533 
0.185306 -0.09193401 0.05302176 
0.1853045 -0.06456107 0.07431024 
0.1811277 -0.04154241 0.09275058 
0.1841301 -0.02551371 0.1270765 
0.1783866 0.0141932 0.1433223 
0.1870948 -0.1500106 0.01357513 
0.1972694 -0.1444536 0.03521502 
0.1933409 -0.1228387 0.03863982 
0.1970547 -0.107636 0.06026704 
0.1964801 -0.080755 0.075 
0.2021501 -0.08046106 0.09062509 
0.1917401 -0.06224602 0.09230575 
0.1906195 -0.007982763 0.1443199 
0.2047815 -0.1228643 0.05700627 
0.2122001 -0.1061717 0.08421068 
0.2115246 -0.08848494 0.1060486 
0.2031015 -0.05726773 0.1218981 
0.2025878 -0.02873864 0.1474921 
0.2063435 -0.02915542 0.1600224 
0.1979577 0.002108622 0.1659586 
0.2130861 -0.1562406 0.05831439 
0.2144082 -0.06792913 0.1348632 
0.2156158 -0.07082213 0.1704206 
0.2088076 -0.05 0.165 
0.2160943 -0.06 0.1555272 
0.22857 -0.1543223 0.08610425 
0.2220528 -0.1296783 0.08219291 
0.2232612 -0.115 0.09737641 
0.2266978 -0.1100033 0.1050042 
0.2262303 -0.1022906 0.115 
0.2236148 -0.09518181 0.1296204 
0.2244096 -0.0992246 0.1529244 
0.2177213 -0.07875 0.15 
0.2184964 -0.085 0.165 
0.2331081 -0.1374511 0.09940869 
0.2364663 -0.123048 0.1257946 
0.2319434 -0.1174063 0.1502174 
0.2258714 -0.104696 0.1675 
0.2414918 -0.1575 0.1146105 
0.2455263 -0.1503981 0.1261317 
0.2463402 -0.1425211 0.156875 
0.2380926 -0.125 0.145 
0.2531995 -0.157181 0.1542187 
-0.1548739 -0.6278378 0.5859161 
-0.154672 -0.625 0.595 
-0.1500513 -0.6411745 0.6082271 
-0.1461399 -0.6174942 0.6074608 
-0.1508168 -0.6029629 0.5878698 
-0.1528917 -0.5761655 0.5681432 
-0.1466662 -0.5672404 0.589842 
-0.1582917 -0.556875 0.5508657 
-0.1503246 -0.5582022 0.5763536 
-0.1542893 -0.545 0.565 
-0.1465244 -0.5243834 0.5656733 
-0.1477008 -0.5004332 0.5398515 
-0.1452163 -0.4700052 0.5179511 
-0.1383293 -0.6137062 0.6233247 
-0.1380234 -0.5812076 0.6079447 
-0.1354851 -0.5645131 0.6067454 
-0.1376349 -0.552651 0.5958371 
-0.1358933 -0.5345878 0.5853368 
-0.1316349 -0.5204458 0.5720773 
-0.1343749 -0.500342 0.5497007 
-0.1291741 -0.5993188 0.6329709 
-0.1202194 -0.563904 0.6189506 
-0.1237017 -0.5557818 0.604384 
-0.1195763 -0.5399704 0.5990665 
-0.1207918 -0.4966794 0.5629867 
-0.1291188 -0.4772502 0.5393885 
-0.1211819 -0.585 0.635 
-0.1217349 -0.58 0.64 
-0.1171273 -0.5763425 0.6474981 
-0.1193482 -0.565 0.625 
-0.1093781 -0.5209635 0.5937265 
-0.1150066 -0.4949879 0.5650058 
-0.1001573 -0.5529221 0.6388535 
-0.1052231 -0.5439916 0.6196244 
-0.1041085 -0.4971366 0.5741001 
-0.08768149 -0.5369142 0.6292181 
-0.0906262 -0.5312653 0.6204586 
-0.08471734 -0.5008875 0.5974825 
-0.07995225 -0.5241575 0.6203843 
-0.06822783 -0.5395261 0.6466234 
-0.06689995 -0.5065714 0.6160985 
-0.06561881 -0.5245074 0.6356249 
-0.04780805 -0.521566 0.6442403 
-0.04698974 -0.5067062 0.6256949 
-0.04855539 -0.4652579 0.5931302 
-0.03945449 -0.4862332 0.6127605 
-0.02236868 -0.5191566 0.6501489 
-0.02242026 -0.4687169 0.60361 
-0.01311259 -0.4955233 0.6285415 
0.0025 -0.5028195 0.6374472 
-0.1498471 0.02306577 0.1148044 
-0.1521375 0.05568124 0.1344561 
-0.155014 0.1019481 0.1591008 
-0.1515862 0.1293829 0.1518009 
-0.1542997 0.1597698 0.1572572 
-0.143267 0.1721647 0.141247 
-0.1307691 0.02011796 0.09657514 
-0.1341507 0.05159085 0.1065287 
-0.13829 0.07380712 0.1146422 
-0.1316543 0.08736092 0.104817 
-0.1406453 0.0928125 0.1240524 
-0.1374589 0.1209803 0.124795 
-0.1365763 0.15125 0.127699 
-0.1243897 0.0525 0.09551021 
-0.1237636 0.08275927 0.09703969 
-0.1272184 0.125939 0.1135259 
-0.1335124 0.135 0.125 
-0.12212 0.1613558 0.119511 
-0.1144881 0.01475777 0.06573193 
-0.1201371 0.015 0.075 
-0.1170028 0.03 0.07417962 
-0.1166838 0.0325 0.085 
-0.1148017 0.05005034 0.07660501 
-0.117749 0.06116492 0.08466245 
-0.1026328 0.1171402 0.09771229 
-0.1085276 0.1414955 0.1075965 
-0.1046573 0.01942976 0.06450214 
-0.1023493 0.04010132 0.07168267 
-0.105 0.06 0.07940435 
-0.09601891 0.07848238 0.07916285 
-0.105 0.085 0.08793226 
-0.09380072 0.025 0.05607271 
-0.08915044 0.0487283 0.06981828 
-0.09390685 0.055 0.07593219 
-0.09454332 0.065 0.07535213 
-0.07686231 0.1120461 0.08421934 
-0.09085253 0.1542051 0.1041108 
-0.08849519 0.1775398 0.1114253 
-0.08099415 0.035 0.05647183 
-0.07277901 0.07658497 0.06903585 
-0.07572065 0.1279043 0.08989041 
-0.06965017 0.03239836 0.04979192 
-0.075 0.04249914 0.05670235 
-0.05774371 0.02982869 0.04296212 
-0.05199048 0.07687239 0.06258193 
-0.06277566 0.1441752 0.09547156 
-0.0575 0.1708 0.1029532 
-0.05478156 0.04944042 0.0534078 
-0.04462132 0.1234375 0.07714061 
-0.03431237 0.02381891 0.03168013 
-0.04088435 0.06156583 0.05160663 
-0.04232081 0.1527472 0.09222031 
-0.040654 0.1706468 0.09716441 
-0.026875 0.1181078 0.07019139 
-0.02 0.05 0.03910119 
-0.02079717 0.09419838 0.05759211 
-0.025 0.135 0.07881841 
-0.01714781 0.1638037 0.08817942 
-0.009815354 0.08318771 0.04999372 
-0.008875519 0.0947785 0.0551487 
-0.005067188 0.1379433 0.07713236 
0.0025 0.05408906 0.03751185 
-0.005 0.07490693 0.04503349 
0.01376181 0.01529085 0.02122493 
0.01375 0.165 0.09048063 
-0.1383867 -0.896304 0.8071856 
-0.1486285 -0.8810997 0.8492699 
-0.146413 -0.8781239 0.8275 
-0.1335798 -0.8919604 0.834375 
-0.1250343 -0.8867838 0.8671344 
-0.1349822 -0.8731498 0.8778757 
-0.12875 -0.83625 0.8890787 
-0.1157387 -0.8965203 0.8432111 
-0.1175 -0.8725 0.8801591 
-0.1197306 -0.8606751 0.88368 
-0.1159375 -0.8167188 0.8894348 
-0.119313 -0.7880087 0.8865663 
-0.1169286 -0.9284444 0.8057588 
-0.1030887 -0.8810517 0.8778784 
-0.1025582 -0.9110029 0.8360848 
-0.1000351 -0.8566938 0.8839093 
-0.098125 -0.84125 0.8876094 
-0.08497623 -0.9416298 0.8340969 
-0.095 -0.8869591 0.8764693 
-0.08468177 -0.8087749 0.8881598 
-0.08714782 -0.9164717 0.8473407 
-0.07899878 -0.9037792 0.8725196 
-0.07870401 -0.8803059 0.8823404 
-0.07460357 -0.8346875 0.8898341 
-0.07719313 -0.9295307 0.8523359 
-0.07271671 -0.920616 0.8651273 
-0.0617207 -0.9513129 0.8496822 
-0.06391646 -0.929507 0.8661392 
-0.060625 -0.8753125 0.8881757 
-0.065 -0.815 0.8915007 
-0.04818437 -0.9284964 0.8746399 
-0.04949219 -0.8967578 0.8890462 
-0.05453996 -0.849825 0.893087 
-0.04082289 -0.8373637 0.8969067 
-0.05115857 -0.7955817 0.8945411 
-0.04943063 -0.9442306 0.8654789 
-0.0402209 -0.8610221 0.8945186 
-0.03489896 -0.9283467 0.8828776 
-0.01625 -0.9090625 0.8893165 
-0.009218751 -0.8805861 0.8921281 
-0.0075 -0.955 0.8790791 
-0.008679133 -0.8573406 0.8964753 
-0.008671875 -0.8244463 0.898197 
0.01375 -0.9364935 0.8836648 
0.01546875 -0.9032813 0.8899831 
-0.2124393 0.3425526 0.3524071 
-0.2161718 0.3607239 0.3471715 
-0.2140264 0.3458812 0.37 
-0.2156418 0.3604187 0.3771663 
-0.2128146 0.3766205 0.357404 
-0.2156443 0.4212044 0.3463809 
-0.2106053 0.345 0.335 
-0.2036009 0.3383004 0.3802993 
-0.2111222 0.355 0.385 
-0.200676 0.3534752 0.4043355 
-0.2094174 0.37 0.385 
-0.2076509 0.3711251 0.3973958 
-0.210715 0.375 0.375 
-0.2058686 0.3869216 0.395 
-0.2130383 0.4 0.3505237 
-0.2054224 0.419375 0.3681227 
-0.2083935 0.441042 0.3528929 
-0.1951166 0.3248327 0.34 
-0.1962064 0.323504 0.3625 
-0.1949455 0.3279179 0.3914356 
-0.1846426 0.3352285 0.4220958 
-0.1902516 0.3871094 0.4252466 
-0.2014921 0.40375 0.3875 
-0.2008152 0.404375 0.4 
-0.2008265 0.425625 0.39125 
-0.1946726 0.4228668 0.4192881 
-0.196236 0.4394729 0.4105289 
-0.2025396 0.4677727 0.3480465 
-0.1980268 0.4516864 0.3874409 
-0.196283 0.4804975 0.375506 
-0.1852932 0.3247269 0.405727 
-0.1875124 0.3575 0.4295483 
-0.184074 0.365 0.4341365 
-0.1865622 0.4511136 0.4174196 
-0.1897086 0.4701262 0.399397 
-0.1808558 0.325 0.425 
-0.1725434 0.3355507 0.437519 
-0.1704504 0.3653125 0.4449173 
-0.1704549 0.381875 0.4451528 
-0.1689698 0.4235141 0.4420798 
-0.1727327 0.4462362 0.4339197 
-0.1542663 0.3411369 0.4546447 
-0.1618387 0.4845089 0.4255788 
-0.1520552 0.3870355 0.4581367 
-0.1514865 0.4338474 0.4535325 
-0.1548337 0.463615 0.4419012 
-0.1442917 0.4233038 -0.5385115 
-0.1452701 0.4245843 -0.5239617 
-0.1493086 0.4404342 -0.5403784 
-0.1473439 0.455 -0.557008 
-0.1540198 0.4550425 -0.5189326 
-0.1463994 0.4686679 -0.562219 
-0.1508451 0.469503 -0.503899 
-0.1343337 0.404882 -0.5360934 
-0.135 0.4192826 -0.5445703 
-0.1337066 0.4146628 -0.5245741 
-0.1354412 0.4243016 -0.5146413 
-0.1297399 0.4406589 -0.5636029 
-0.1270635 0.4416683 -0.5009964 
-0.1402934 0.45 -0.5 
-0.1425438 0.465 -0.495 
-0.1351376 0.4697906 -0.4862732 
-0.1260282 0.4675824 -0.5658366 
-0.125 0.4122977 -0.535 
-0.125 0.4183774 -0.5447307 
-0.120361 0.4244165 -0.514356 
-0.1189641 0.4593914 -0.4864082 
-0.114896 0.4164151 -0.5376247 
-0.1099924 0.4378539 -0.5645159 
-0.10558 0.4047989 -0.5365556 
-0.105 0.4159327 -0.5439848 
-0.105 0.4146245 -0.5206698 
-0.1136028 0.42 -0.52 
-0.105 0.4239514 -0.5562031 
-0.105 0.4333074 -0.5034779 
-0.09755518 0.4586208 -0.5660194 
-0.1004552 0.444765 -0.4949028 
-0.105 0.465 -0.4819711 
-0.09353955 0.4167719 -0.5375402 
-0.09362984 0.41433 -0.5239491 
-0.09396012 0.4245746 -0.5554751 
-0.095 0.4223927 -0.5127503 
-0.08906133 0.4447673 -0.5613439 
-0.09404746 0.4345092 -0.5045754 
-0.08832873 0.4623138 -0.4897993 
-0.08907384 0.425 -0.545 
-0.08494224 0.4330124 -0.5500996 
-0.08249547 0.4462554 -0.5082062 
-0.07724655 0.4366759 -0.54 
-0.07375726 0.448869 -0.5533558 
-0.0737123 0.4455584 -0.5213265 
-0.06951338 0.4670967 -0.5624693 
-0.075 0.465 -0.4996654 
-0.06420673 0.4444723 -0.5454386 
-0.06283832 0.4422603 -0.535 
-0.06107128 0.4526009 -0.525 
-0.06021534 0.4668567 -0.510186 
-0.05453019 0.4544816 -0.5463546 
-0.05483918 0.4548647 -0.5347767 
-0.05399565 0.4643473 -0.5554881 
0.02552221 -0.6404221 0.7994434 
0.0405351 -0.6493109 0.8006362 
0.04163833 -0.6296957 0.7815762 
0.06114468 -0.6421102 0.7834324 
0.0702109 -0.6548368 0.7952013 
0.0737704 -0.665453 0.8037498 
0.07671529 -0.6370507 0.7779517 
0.08482482 -0.6751086 0.7964742 
0.08417154 -0.6612673 0.7869751 
0.085 -0.6668074 0.805 
0.08351188 -0.645704 0.7738072 
0.08596492 -0.6386899 0.7603769 
0.07598003 -0.635 0.765 
0.08804459 -0.685 0.805 
0.08537176 -0.675 0.8076918 
0.1024081 -0.6682842 0.7755145 
0.09397033 -0.643531 0.7610206 
0.104128 -0.6947072 0.79939 
0.1054721 -0.6581919 0.7496743 
0.1048774 -0.6552913 0.765 
0.1004271 -0.645 0.745 
0.1052348 -0.6445144 0.7355614 
0.1036384 -0.645 0.755 
0.1016555 -0.6325 0.7316015 
0.09593525 -0.6340635 0.745 
0.1154503 -0.6844097 0.7863296 
0.1137865 -0.675946 0.7626426 
0.115 -0.6824547 0.775 
0.1153499 -0.6700713 0.7498572 
0.1162119 -0.6547158 0.7351691 
0.115 -0.645 0.7277799 
0.1148165 -0.6353755 0.7044134 
0.1146854 -0.6353749 0.7162181 
0.1200039 -0.6399763 0.7251126 
0.121227 -0.726059 0.8129291 
0.1259612 -0.7063274 0.7706118 
0.1236402 -0.6915835 0.7490598 
0.1241602 -0.694275 0.7653859 
0.1254857 -0.6945229 0.785387 
0.1210506 -0.68 0.75 
0.125 -0.685 0.7600009 
0.1252427 -0.6847782 0.7752756 
0.133739 -0.6786524 0.7237388 
0.125 -0.680596 0.765 
0.1245517 -0.6645163 0.7001606 
0.1243736 -0.6662931 0.715 
0.1234738 -0.6604353 0.7244694 
0.1212715 -0.665 0.735 
0.1190243 -0.65 0.7 
0.1236491 -0.6535857 0.715 
0.125 -0.655 0.729516 
0.1213737 -0.645 0.705 
0.1261318 -0.645 0.7113868 
0.1190617 -0.635 0.695 
0.125 -0.6364967 0.715 
0.1337627 -0.7261427 0.7679847 
0.1336316 -0.7276663 0.785 
0.1337961 -0.715 0.7536961 
0.1336335 -0.705 0.7539362 
0.1274277 -0.6975 0.7775 
0.1351106 -0.6947726 0.7451654 
0.1333226 -0.6853557 0.7345768 
0.1344589 -0.6751858 0.7034544 
0.1349363 -0.6700708 0.689638 
0.135496 -0.655117 0.6714109 
0.1322417 -0.635 0.6605929 
0.1403578 -0.752449 0.804898 
0.1447623 -0.7414442 0.7779728 
0.1491536 -0.7307806 0.7520299 
0.145396 -0.7334697 0.765 
0.1378504 -0.705 0.745 
0.1448943 -0.7034337 0.7367014 
0.1461058 -0.6899555 0.7251124 
0.1451222 -0.677111 0.6976461 
0.1454989 -0.663242 0.6755221 
0.1472168 -0.6624207 0.665 
0.1424713 -0.6427556 0.6501546 
0.155 -0.775484 0.7812411 
0.1476163 -0.76875 0.789375 
0.155 -0.7827365 0.8 
0.1554345 -0.7650538 0.6454692 
0.1502296 -0.7558554 0.7685457 
0.1571498 -0.7640727 0.7655715 
0.1546947 -0.7485937 0.6502434 
0.1552245 -0.7212179 0.6428599 
0.1520036 -0.7220138 0.7275303 
0.1512204 -0.7036973 0.7076244 
0.1518734 -0.6855806 0.6807648 
0.1490117 -0.685 0.705 
0.1543325 -0.6749834 0.660113 
0.1530386 -0.6651744 0.6469993 
0.1652377 -0.7752321 0.783882 
0.1654491 -0.7745736 0.7984283 
0.162954 -0.7723317 0.8123171 
0.1643963 -0.767566 0.7395443 
0.160174 -0.765 0.745 
0.1633408 -0.7684231 0.755 
0.165 -0.7699718 0.765 
0.165 -0.769397 0.775 
0.1671743 -0.7614894 0.64125 
0.165 -0.763012 0.655 
0.1705787 -0.7584737 0.6713961 
0.1590757 -0.754375 0.673125 
0.165 -0.7637964 0.6925 
0.1589587 -0.746875 0.700625 
0.165 -0.763317 0.72 
0.1598992 -0.75 0.715 
0.1569742 -0.745 0.72875 
0.1574332 -0.755 0.755 
0.1571071 -0.72375 0.67 
0.1566091 -0.702493 0.6581288 
0.1733268 -0.2922162 -0.01352494 
0.1666103 -0.2671292 -0.03107455 
0.1761087 -0.265 -0.02599241 
0.1669503 -0.2071708 -0.05181815 
0.1746383 -0.1926748 -0.03905143 
0.1652017 -0.1871115 -0.09640874 
0.1662015 -0.1696385 -0.1334997 
0.1708243 -0.145 -0.1188146 
0.1819295 -0.2947637 -0.002103644 
0.1844625 -0.2515625 -0.01022611 
0.1809014 -0.1878125 -0.0125767 
0.1780622 -0.18125 -0.03 
0.1782943 -0.16375 -0.04171875 
0.1764115 -0.1576306 -0.0703125 
0.1802886 -0.1475 -0.00625 
0.1888539 -0.2950113 0.01065973 
0.1913952 -0.2261512 0.002889231 
0.190629 -0.1749264 0.002927829 
0.05759383 -0.1705747 -0.3431789 
0.05131043 -0.165 -0.305625 
0.06484481 -0.1789848 -0.3404643 
0.06582852 -0.1697061 -0.3758198 
0.08275245 -0.1877197 -0.3276858 
0.07491596 -0.1743115 -0.3765032 
0.075 -0.1823431 -0.345 
0.07302852 -0.1665675 -0.4031126 
0.075 -0.1602602 -0.475 
0.075 -0.1599201 -0.4275 
0.09223223 -0.1776891 -0.3638181 
0.085 -0.1799475 -0.355 
0.08899319 -0.165073 -0.4748782 
0.09366027 -0.1672015 -0.3973553 
0.085 -0.1607724 -0.455625 
0.095 -0.1596033 -0.42 
0.1084892 -0.1850902 -0.3074452 
0.1122592 -0.1772955 -0.3256282 
0.1071843 -0.1665774 -0.375 
0.1154065 -0.1672201 -0.3603851 
0.116621 -0.1679048 -0.3475 
0.115 -0.1606508 -0.375 
0.01938084 0.1744508 0.09478237 
0.01069625 0.1899881 0.09756796 
0.01866289 0.2278226 0.1095553 
0 0.225 0.1114227 
0.005092741 0.2442765 0.1066079 
0.02 0.27 0.1091229 
0.01155291 0.2844962 0.1051934 
0.004901357 0.3023537 0.0995608 
0.02504019 0.1936982 0.1020876 
0.02740409 0.2905191 0.09787036 
0.03751078 0.1943668 0.1003741 
0.03754446 0.262665 0.1072949 
0.04 0.2959998 0.08579594 
0.04375 0.305 0.08187606 
0.05508078 0.167245 0.0937828 
0.04740965 0.2044339 0.09739018 
0.0575 0.23 0.1000046 
0.04410364 0.27 0.1032382 
0.045 0.285 0.09746964 
0.0634375 0.2541813 0.09676728 
0.05464484 0.2790639 0.09548379 
0.06375548 0.295608 0.08571994 
0.07 0.315 0.08195713 
0.0810964 0.1824162 0.09711838 
0.07250001 0.22 0.09939722 
0.07 0.285 0.0923631 
0.08 0.209375 0.1005846 
0.08361178 0.2452771 0.09873109 
0.09355235 0.2622613 0.09757727 
0.085 0.2711223 0.09411667 
0.09 0.2875 0.09093228 
0.09212477 0.3045013 0.08436975 
0.1001124 0.2326156 0.1075633 
0.09965236 0.3154413 0.08385823 
0.1069103 0.2110938 0.110222 
0.105 0.27 0.09936646 
0.1066083 0.2912089 0.09242415 
0.1214834 0.1811664 0.11089 
0.1167673 0.2678605 0.1103738 
0.1157098 0.305 0.09459314 
0.115 0.3174164 0.08780128 
0.124121 0.2293909 0.1154363 
0.1248801 0.2786015 0.1151785 
0.1244583 0.295519 0.1060743 
0.1320799 0.306797 0.1013665 
0.125 0.3188986 0.085 
0.1374131 0.191875 0.1245973 
0.1364409 0.233125 0.1231505 
0.1382478 0.2628959 0.1249682 
0.1423037 0.293424 0.1186448 
0.1374626 0.3141302 0.08747783 
0.1490702 0.1801349 0.1421743 
0.1437561 0.199005 0.1393417 
0.1444565 0.2323591 0.1453155 
0.1412073 0.2545104 0.1398488 
0.145 0.3117701 0.09136075 
0.1539467 0.165 0.146547 
0.1542276 0.2026987 0.1559851 
0.151999 0.26 0.1559098 
0.1476042 0.275 0.145 
0.1587029 0.2760401 0.151217 
0.1512064 0.285 0.135 
0.1566355 0.3154003 0.09169906 
0.1602364 0.3123218 0.1148765 
0.155 0.318575 0.075 
0.1597655 0.16375 0.16 
0.1616857 0.188125 0.17375 
0.1591973 0.205 0.165 
0.1597278 0.265 0.165 
0.1638313 0.3003964 0.1303244 
0.165 0.3203273 0.095 
0.06078541 0.7751089 -0.4560842 
0.06523842 0.7513028 -0.4104688 
0.06372136 0.7603386 -0.3192188 
0.06417706 0.7726851 -0.4363762 
0.06491066 0.7690614 -0.3460937 
0.06609272 0.7736229 -0.3690625 
0.06213741 0.8004098 -0.4646708 
0.07420532 0.7245383 -0.4102905 
0.07494013 0.7221598 -0.3760547 
0.07444298 0.7225293 -0.3121875 
0.07188541 0.7383632 -0.4518005 
0.06672035 0.7437723 -0.3458889 
0.07155706 0.7833602 -0.4015625 
0.07185023 0.7898404 -0.4452691 
0.07102631 0.7803588 -0.3309375 
0.0742064 0.8060341 -0.454272 
0.08570971 0.7080467 -0.3959407 
0.08802377 0.7125905 -0.3302614 
0.08395558 0.7959991 -0.426875 
0.08417998 0.7958577 -0.4003007 
0.08476743 0.7951816 -0.3272635 
0.09260832 0.8021387 -0.43674 
0.1022528 0.7027187 -0.4222551 
0.09470186 0.7024006 -0.4069028 
0.1000629 0.711776 -0.4654052 
0.09563395 0.7065209 -0.3675 
0.09598304 0.7040397 -0.2904089 
0.1002271 0.7974136 -0.3960938 
0.1005745 0.7965186 -0.354375 
0.09999999 0.7974416 -0.3315625 
0.1047131 0.7027933 -0.316875 
0.105 0.8014057 -0.4295821 
0.1185093 0.7060782 -0.41375 
0.1143126 0.705928 -0.3859292 
0.1147409 0.7069718 -0.3161058 
0.1187978 0.7133319 -0.360625 
0.1138769 0.7930392 -0.3999444 
0.115 0.7911157 -0.375625 
0.1139549 0.7935037 -0.3244127 
0.1160981 0.7980828 -0.4324104 
0.1245254 0.7154441 -0.3872124 
0.1243607 0.7197058 -0.3489844 
0.1238273 0.777553 -0.3641936 
0.1277572 0.7793918 -0.4071096 
0.1199695 0.785 -0.34625 
0.122223 0.7759508 -0.3142969 
0.1312031 0.7908015 -0.4401525 
0.1275744 0.7991831 -0.4454774 
0.1328133 0.7273127 -0.4482813 
0.1339748 0.7357643 -0.4026463 
0.131177 0.73 -0.37875 
0.1298904 0.73125 -0.3238281 
0.130898 0.735 -0.3575 
0.1297431 0.749375 -0.2971875 
0.1356777 0.7644135 -0.4205031 
0.1366608 0.738125 -0.419375 
0.1387066 0.75375 -0.43875 
0.1411646 0.7775 -0.4516018 
0.1450652 0.8051477 -0.464772 
0.02190341 -0.6605938 0.2194405 
0.01277464 -0.6405529 0.195 
0.01533717 -0.6450778 0.2048747 
0.01543452 -0.635195 0.1846286 
0.0339406 -0.7369848 0.3077366 
0.03734177 -0.6887338 0.2509216 
0.02953478 -0.6396133 0.2053894 
0.03914175 -0.6553138 0.214776 
0.0525 -0.7384482 0.3237283 
0.03444204 -0.7197281 0.28893 
0.045 -0.7140118 0.2860563 
0.05473891 -0.7180495 0.2899891 
0.055 -0.7037231 0.2763693 
0.07141082 -0.6639277 0.2362811 
0.06519203 -0.6495703 0.2180627 
0.065 -0.7262983 0.3107731 
0.06975183 -0.7100821 0.2900333 
0.08576746 -0.6202711 0.2026093 
0.07635786 -0.7327666 0.3195741 
0.075 -0.7246896 0.3052708 
0.0793743 -0.6816781 0.2624989 
0.08629269 -0.7324019 0.326626 
0.08963397 -0.7098226 0.3010764 
0.08875145 -0.6906199 0.280944 
0.105746 -0.7237071 0.3397766 
0.09633812 -0.6538022 0.2423925 
0.1003474 -0.63932 0.2245862 
0.1013433 -0.6305964 0.2150923 
0.105 -0.7079663 0.315 
0.1110599 -0.6808844 0.2835068 
0.105 -0.6508788 0.2469203 
0.105 -0.6388892 0.235 
0.1159488 -0.6666369 0.2658475 
0.1231589 -0.635157 0.2411994 
0.1241809 -0.6745709 0.2955711 
0.1311774 -0.6820254 0.3130468 
0.1339639 -0.6492416 0.2680297 
0.157625 -0.6449331 0.30347 
0.159988 -0.6301308 0.2851843 
0.1606993 -0.653372 0.3325 
0.0738403 0.0356344 0.4708752 
0.08185378 0.0675 0.4710282 
0.08076488 0.01869803 0.4611476 
0.0905994 0.108125 0.4738217 
0.09852578 0.04675016 0.4555901 
0.09566341 0.07360566 0.4640543 
0.09426747 0.1436988 0.4722115 
0.1126146 0.04274699 0.4426199 
0.1057323 0.055 0.4541744 
0.1056385 0.0825 0.455585 
0.1055654 0.1243791 0.4604822 
0.1015649 0.1526685 0.4649796 
0.1161415 0.01980234 0.4310604 
0.1148227 0.04497679 0.4540735 
0.115 0.055 0.4570473 
0.115 0.06364493 0.455 
0.1152016 0.06549482 0.446079 
0.1145706 0.07697084 0.4441611 
0.1177705 0.1051483 0.4483705 
0.1130113 0.17125 0.461316 
0.1302836 0.03933351 0.4277228 
0.1233401 0.06 0.4341508 
0.1160038 0.055 0.445 
0.1188759 0.055 0.455 
0.1238833 0.08426476 0.4351789 
0.1338909 0.1411784 0.4434023 
0.1372708 0.02124916 0.4186917 
0.1409143 0.07125 0.4267835 
0.1387271 0.09931614 0.4327767 
0.1394733 0.1187306 0.4371652 
0.1492557 0.03515849 0.4156606 
0.1475 0.054375 0.4216099 
0.1438273 0.105 0.4347226 
0.147195 0.1590166 0.4383835 
0.1567587 0.05138477 0.418708 
0.1565144 0.1153102 0.4274659 
0.165 0.0225 0.4093641 
0.165 0.045 0.412161 
0.1670431 0.07875 0.4158251 
0.165 0.105 0.4204874 
0.1609652 0.1434375 0.4287288 
-0.1157364 -0.3065752 0.4956335 
-0.1009869 -0.311875 0.503162 
-0.09973659 -0.2606512 0.4972247 
-0.08833368 -0.2842703 0.5099763 
-0.09283032 -0.259134 0.5011755 
-0.08236099 -0.3045312 0.5127737 
-0.085 -0.245 0.5026356 
-0.07083592 -0.2499562 0.5129939 
-0.04844712 -0.3217691 0.5304407 
-0.05251709 -0.2486909 0.5220553 
-0.05955559 -0.2230093 0.5117977 
-0.06003931 -0.1887125 0.4954123 
-0.05578391 -0.2000554 0.5055836 
-0.03312505 -0.2749785 0.5309523 
-0.045 -0.26 0.5278443 
-0.03221296 -0.2138691 0.5219578 
-0.04574284 -0.2001258 0.5154998 
-0.04648326 -0.1789712 0.5059642 
-0.04173033 -0.1526951 0.4991974 
-0.03501426 -0.1899454 0.5166444 
-0.02290385 -0.1685637 0.5132592 
-0.02181067 -0.2941014 0.5372146 
-0.01875 -0.23375 0.5288296 
-0.0200885 -0.2165404 0.5255356 
-0.02 -0.185 0.5181983 
-0.025 -0.165 0.5078386 
-0.015 -0.175 0.518741 
-0.01235895 -0.1469893 0.5078551 
-0.005733298 -0.2345427 0.5351652 
-0.005 -0.185 0.5221972 
0.0175609 -1.111336 0.702264 
0.0131836 -1.083431 0.7195858 
0.01416898 -1.062947 0.7525615 
0.01674118 -1.057641 0.7906919 
0.005 -1.055147 0.7951905 
0.0178027 -1.038353 0.8148381 
0.02951065 -1.063566 0.7187149 
0.02808166 -1.056672 0.74 
0.0380365 -1.084731 0.6989077 
0.03706636 -1.050907 0.7231194 
0.04305901 -1.051719 0.7724627 
0.03972252 -1.056237 0.785 
0.035 -1.049054 0.735 
0.04323762 -1.075 0.6906826 
0.04981634 -1.05911 0.6951437 
0.05103046 -1.0474 0.7125203 
0.04572254 -1.045445 0.74375 
0.05139174 -1.078819 0.673951 
0.0562122 -1.045804 0.790695 
0.055 -1.042078 0.725 
0.05525535 -1.03531 0.735 
0.05801075 -1.037244 0.7513789 
0.06 -1.040957 0.77375 
0.06187611 -1.032747 0.8040087 
0.06251651 -1.105086 0.64254 
0.06628274 -1.078249 0.6382228 
0.06417646 -1.061915 0.6546692 
0.06377718 -1.052335 0.6775 
0.0645081 -1.044021 0.6910775 
0.06912471 -1.033422 0.7200935 
0.07533997 -1.023892 0.7319012 
0.06874365 -1.02736 0.7525 
0.07064156 -1.043835 0.640625 
0.07377009 -1.033825 0.673238 
0.07512784 -1.03085 0.7 
0.07647799 -1.03134 0.7932858 
0.08260314 -1.021745 0.7669898 
0.07876693 -1.016762 0.6570011 
0.08112868 -1.017582 0.6897925 
0.08513553 -1.025331 0.7837837 
0.08850206 -1.015972 0.75 
0.08648492 -1.001123 0.8007157 
0.08229364 -0.9875 0.655 
0.08251532 -0.9725 0.6425 
0.08496394 -0.980348 0.6650376 
0.08359877 -0.96 0.6591617 
0.09351527 -1.007366 0.7005528 
0.08949935 -1.015 0.775 
0.09547587 -1.002447 0.7848955 
0.09294389 -0.9890895 0.6809345 
0.09459585 -0.9640182 0.8032969 
0.09539276 -0.9475 0.6709626 
0.1025078 -1.000253 0.7143822 
0.1054004 -0.9982684 0.743125 
0.09990805 -0.995 0.705 
0.1024427 -0.9931967 0.7727298 
0.1016235 -0.9828113 0.7005441 
0.1027493 -0.9739072 0.6904881 
0.1029008 -0.9603771 0.6848932 
0.1027142 -0.9588288 0.7916995 
0.1080285 -0.995 0.725 
0.1109465 -0.9815116 0.7204282 
0.1125025 -0.9801639 0.7601446 
0.1088061 -0.97 0.775 
0.1151651 -0.9663644 0.7653097 
0.1143766 -0.9424162 0.6984257 
0.1146133 -0.9545615 0.7747465 
0.1175146 -0.96875 0.73875 
0.1187817 -0.96 0.755 
0.1230145 -0.944907 0.7219292 
0.1194209 -0.95 0.7625 
0.01625 -0.6297279 0.7835854 
0.0125 -0.5757051 0.7242047 
0.02228408 -0.5640491 0.7073935 
0.01292492 -0.5523455 0.6965644 
0.005 -0.5469654 0.6908084 
0.01483875 -0.5368526 0.6698527 
0 -0.5332212 0.6711076 
0.02032095 -0.5222585 0.6526656 
0.02989366 -0.6085946 0.7601318 
0.025 -0.5473962 0.6800581 
0.0275 -0.5361112 0.6640687 
0.02879572 -0.518064 0.6404325 
0.035 -0.5548448 0.6884369 
0.03926732 -0.5449106 0.6751698 
0.03492678 -0.5350287 0.6549824 
0.035 -0.5247179 0.645224 
0.045 -0.554165 0.6859276 
0.045 -0.535782 0.6601042 
0.06001082 -0.6191769 0.7660455 
0.06122575 -0.6106127 0.7401756 
0.05866006 -0.5973582 0.7252079 
0.05945136 -0.5825188 0.7109059 
0.05424725 -0.5659237 0.6908809 
0.05595528 -0.5391733 0.6605449 
0.06483846 -0.6151197 0.7542713 
0.07008231 -0.5949463 0.7174159 
0.0593752 -0.5596312 0.6742361 
0.06940149 -0.5447148 0.6468496 
0.0785039 -0.6237003 0.7454228 
0.075 -0.6282668 0.765 
0.07421176 -0.625 0.765 
0.07372905 -0.6159641 0.7325109 
0.07987168 -0.606292 0.7178241 
0.0847381 -0.5874798 0.6788359 
0.07490355 -0.5652259 0.6538917 
0.07483524 -0.56534 0.665 
0.0725806 -0.5548534 0.6399105 
0.085 -0.6161425 0.7330549 
0.08842259 -0.612087 0.7225 
0.08399962 -0.5751985 0.656361 
0.08584237 -0.5745057 0.6654118 
0.1006813 -0.6154597 0.6927793 
0.09375846 -0.6089298 0.705 
0.09720564 -0.5929734 0.675 
0.105 -0.626895 0.7231802 
0.1045357 -0.6156409 0.6839763 
0.1054825 -0.6240913 0.705 
0.108517 -0.6194916 0.715 
0.1053503 -0.6033399 0.6755091 
0.1033049 -0.5939583 0.6574794 
0.1037665 -0.5866001 0.6429555 
0.1173895 -0.6345746 0.6859881 
0.1159301 -0.625 0.7135382 
0.115 -0.625 0.7183423 
0.1168336 -0.6215336 0.6743737 
0.1142727 -0.6060714 0.660153 
0.1251532 -0.6229366 0.6667212 
0.125 -0.6140248 0.657797 
0.1249804 -0.6024619 0.6334023 
0.1350372 -0.6247634 0.6550692 
0.1371621 -0.6203719 0.6412414 
0.01797734 -0.4864423 0.6191295 
0.025 -0.501892 0.6271271 
0.03604329 -0.5043112 0.6266835 
0.04189219 -0.4965771 0.6183777 
0.045 -0.5065542 0.6238344 
0.05505164 -0.5208091 0.6390857 
0.05920021 -0.5126535 0.6240664 
0.0655361 -0.5235395 0.625 
0.06927494 -0.5096846 0.612847 
0.06633672 -0.4953245 0.5982593 
0.07643351 -0.5431779 0.625375 
0.06832793 -0.535 0.625 
0.07952931 -0.5301871 0.6138446 
0.07635377 -0.5011734 0.5846525 
0.08242036 -0.5652061 0.6328689 
0.08463469 -0.5555484 0.6145239 
0.08418429 -0.545 0.6108965 
0.08787822 -0.5302416 0.6027353 
0.08523904 -0.5147556 0.5954506 
0.08495817 -0.5076993 0.579954 
0.1002647 -0.5769175 0.626458 
0.09961905 -0.5641263 0.6057963 
0.09590334 -0.545 0.5963086 
0.09486654 -0.5191382 0.5831392 
0.09903019 -0.5092914 0.5658869 
0.1025196 -0.4870504 0.549922 
0.1087815 -0.5483851 0.587886 
0.1089395 -0.5304742 0.5722265 
0.1096353 -0.5168883 0.5628378 
0.1170189 -0.5896054 0.6304408 
0.115 -0.5760702 0.6136272 
0.1160172 -0.5690397 0.6006836 
0.113501 -0.495 0.533384 
0.1180513 -0.485 0.5277646 
0.1309179 -0.58145 0.5985684 
0.1318489 -0.5570849 0.5681499 
0.124557 -0.5288037 0.5530568 
0.1242836 -0.5049882 0.5285484 
0.1345907 -0.6097625 0.6194158 
0.135808 -0.5932901 0.6059008 
0.1411149 -0.5793696 0.5859973 
0.1267532 -0.5322761 0.5490625 
0.1342336 -0.491591 0.5154511 
0.1461156 -0.6300693 0.6347984 
0.1451082 -0.6193295 0.6123276 
0.1425904 -0.605 0.6007497 
0.145741 -0.594262 0.5956161 
0.1450304 -0.5749618 0.5751509 
0.1535074 -0.5123181 0.5049546 
0.1451732 -0.4943041 0.5052162 
0.1533975 -0.6417688 0.6061623 
0.1549322 -0.6117768 0.5789303 
0.1506386 -0.5874403 0.5763489 
0.1564609 -0.5763352 0.5524274 
0.1536347 -0.5625812 0.5514984 
0.1550218 -0.5449882 0.535013 
0.1570404 -0.5320928 0.5187622 
0.1485986 -0.4873011 0.4914885 
0.1623631 -0.6161093 0.5441037 
0.1562524 -0.605 0.565 
0.1605003 -0.59 0.54489 
0.1627364 -0.5652506 0.5293712 
0.1654187 -0.5137375 0.4875807 
0.1743156 -0.44 0.4138671 
0.1743879 -0.4164296 0.4156078 
0.1747257 -0.3687922 0.4429391 
0.1734886 -0.3226011 0.4431514 
0.1831122 -0.4505313 0.3950947 
0.1887659 -0.415 0.4060722 
0.1846356 -0.4047827 0.4146947 
0.1855954 -0.395853 0.4257454 
0.1904549 -0.3775 0.427805 
0.1887317 -0.3486612 0.4332409 
0.1885769 -0.3053022 0.4288094 
0.1914267 -0.4476484 0.3801212 
0.1946502 -0.4328774 0.3844319 
0.1952426 -0.4254102 0.3956863 
0.196212 -0.4065188 0.4079377 
0.1950169 -0.3850783 0.4250153 
0.2006368 -0.4465923 0.3278125 
0.19823 -0.44 0.36 
0.2019535 -0.4304293 0.3752083 
0.205 -0.4304876 0.345 
0.2055607 -0.4255701 0.36 
0.2029325 -0.4201877 0.385236 
0.2041014 -0.4128746 0.3941661 
0.2093001 -0.3898057 0.4026919 
0.2033908 -0.3826441 0.4139863 
0.2111636 -0.353653 0.4113337 
0.2041175 -0.3229448 0.4135402 
0.2153171 -0.4253843 0.3326485 
0.2166219 -0.4171298 0.3626959 
0.2134298 -0.308477 0.3996876 
0.2208357 -0.4083022 0.3290625 
0.2254697 -0.4054551 0.3443982 
0.2252729 -0.4035217 0.3586531 
0.2212797 -0.4025 0.37 
0.2192327 -0.3973937 0.383601 
0.2260087 -0.359031 0.3856433 
0.2251274 -0.3195587 0.3903431 
0.2316034 -0.3846661 0.3404823 
0.2364226 -0.3506029 0.3551298 
0.231925 -0.34 0.375 
0.2325017 -0.3283879 0.371657 
0.2386111 -0.3625 0.331875 
0.2456336 -0.3400308 0.3275953 
0.2436909 -0.3154587 0.3441431 
0.2519019 -0.31625 0.3235006 
0.07087158 0.6327184 -0.1591086 
0.08164211 0.6384957 -0.1713236 
0.1028969 0.6316498 -0.1824315 
0.1066648 0.5905004 -0.1548392 
0.1129166 0.607824 -0.1738381 
0.1079913 0.6428221 -0.1944266 
0.115 0.6490803 -0.2030071 
0.1250232 0.6004984 -0.1734148 
0.1274239 0.6299142 -0.1905549 
0.1256003 0.6521449 -0.2006481 
0.1375698 0.5781448 -0.159843 
0.1364511 0.5998185 -0.1709816 
0.1368061 0.615 -0.176657 
0.1360452 0.6526013 -0.188476 
0.1472277 0.5929324 -0.1592765 
0.1499451 0.6219999 -0.1671725 
0.1569776 0.6425 -0.1665708 
0.182791 -0.4653525 0.1611507 
0.1887622 -0.4521075 0.1714256 
0.1925211 -0.4151185 0.1601913 
0.1989613 -0.470625 0.259375 
0.1975899 -0.470625 0.3028125 
0.2041122 -0.4510707 0.265 
0.2017473 -0.43625 0.2325 
0.2020586 -0.4369998 0.2515081 
0.2025315 -0.4408219 0.2812215 
0.199155 -0.43 0.2175 
0.202204 -0.4276971 0.298006 
0.1992505 -0.4279712 0.1952801 
0.2038573 -0.4138644 0.2175 
0.2047034 -0.4142547 0.2470749 
0.2088096 -0.3978024 0.1672057 
0.2068205 -0.435 0.275 
0.2097077 -0.425 0.275 
0.2126588 -0.4064178 0.2631035 
0.2128288 -0.415 0.285 
0.2142406 -0.4146846 0.3156638 
0.2171532 -0.402425 0.2003885 
0.2194241 -0.405046 0.215 
0.2152593 -0.4044668 0.2324032 
0.2203491 -0.4024213 0.2962283 
0.2206605 -0.3908822 0.1799021 
0.2242779 -0.3943391 0.2299726 
0.2297588 -0.384534 0.2534375 
0.2275171 -0.3729398 0.1709214 
0.2302822 -0.385 0.2 
0.2307334 -0.3827301 0.221875 
0.2328634 -0.382979 0.2760938 
0.234864 -0.3846427 0.31 
0.2368055 -0.372938 0.3 
0.233368 -0.3481786 0.1626167 
0.2435766 -0.3675572 0.2686875 
0.2432194 -0.3592785 0.2105436 
0.2444031 -0.3640209 0.225 
0.2476029 -0.355681 0.2360937 
0.2452964 -0.3653901 0.2495427 
0.2421815 -0.3439903 0.1803252 
0.2470577 -0.3500043 0.3011585 
0.2529543 -0.3458675 0.2675814 
0.2486301 -0.345 0.215 
0.2521207 -0.3284825 0.1930366 
0.2545666 -0.3352915 0.2977697 
0.2502074 -0.321305 0.1704045 
0.2553934 -0.3187253 0.309339 
0.2603872 -0.3275 0.2725 
0.2621067 -0.3198024 0.21125 
0.2624554 -0.3075859 0.1887002 
0.2659166 -0.2881226 0.2558286 
0.01729463 0.520248 0.07202532 
0.01955366 0.5637907 0.07659829 
0.02346703 0.5852636 0.08490112 
0.02204311 0.5927529 0.09984222 
0.025 0.5025 0.07786842 
0.03465264 0.5977661 0.1189179 
0.02353331 0.6042186 0.1716717 
0.03507585 0.5036595 0.07638609 
0.03529637 0.5320099 0.075 
0.03553885 0.5494983 0.073451 
0.04 0.5980563 0.105 
0.04265673 0.6022227 0.156875 
0.04687544 0.5468857 0.04874337 
0.04623024 0.5731407 0.07696886 
0.05 0.5954903 0.09401855 
0.05385327 0.5089709 0.008032883 
0.05116606 0.5222725 0.02532689 
0.05374227 0.5437145 0.02016885 
0.05794773 0.5611843 0.01213365 
0.05283439 0.5713753 0.04875 
0.05464392 0.5756157 0.03438727 
0.05260788 0.5811395 0.05894929 
0.055 0.6033181 0.11 
0.05728171 0.603001 0.1287342 
0.06 0.5983946 0.165 
0.06072382 0.515 0.005 
0.0629954 0.5342861 0.001282314 
0.06228676 0.5910262 0.02182843 
0.06463285 0.6094761 0.03389172 
0.06794494 0.6034273 0.08 
0.07689778 0.6035948 0.1040615 
0.06875 0.6036859 0.11375 
0.07020896 0.6045246 0.1410838 
0.07 0.6004926 0.155 
0.06931803 0.6118085 0.007386534 
0.075 0.6045948 0.1268795 
0.075 0.6005874 0.165 
0.08062212 0.6103269 0.07500316 
0.085625 0.6205968 0.041875 
0.0925 0.6015689 0.1464041 
0.08724811 0.6035925 0.1656736 
0.08492583 0.6257085 0.02981044 
0.0857316 0.6338712 -0.000604194 
0.1004552 0.6124061 0.085003 
0.095 0.6080138 0.105 
0.09999999 0.625777 0.03725127 
0.1125 0.5992188 0.14 
0.105 0.6075296 0.165 
0.105 0.620185 0.055 
0.1107737 0.6347107 0.01098146 
0.1202469 0.602712 0.1106655 
0.1202286 0.5994518 0.15875 
0.1207471 0.6135416 0.06912543 
0.1183371 0.6210204 0.04538549 
0.1358049 0.5907167 0.1299024 
0.1309536 0.5906481 0.1670629 
0.13 0.6319 0.00347892 
0.14 0.5879567 0.1475 
0.1464905 0.5980017 0.07774113 
0.1332401 0.6136618 0.04865127 
0.1530641 0.5771611 0.1633534 
0.1503965 0.5891376 0.1094573 
0.1439015 0.6194825 0.01282864 
0.1546123 0.5817006 0.1320189 
0.1548902 0.6034329 0.03480899 
0.1539698 0.6133396 0.01259969 
0.1698438 0.4572614 -0.06961455 
0.1762942 0.4791344 -0.07650969 
0.1790347 0.4393751 -0.04517945 
0.1863304 0.4611981 -0.05689419 
0.1993003 0.4558887 -0.03339078 
0.2146672 0.46 -0.01234497 
0.01533904 -0.9599829 0.8754753 
0.01443925 -0.8586066 0.8972807 
0.03 -0.9337453 0.8815629 
0.03457724 -0.9642608 0.8633384 
0.0473333 -0.9179039 0.883037 
0.0425 -0.8825 0.8912978 
0.04718448 -0.7968438 0.8950868 
0.04725385 -0.9322252 0.8733655 
0.04251838 -0.85695 0.8961874 
0.0525 -0.82625 0.897621 
0.05660619 -0.9564061 0.8444317 
0.05964562 -0.8413572 0.8959665 
0.06662325 -0.9612499 0.8378451 
0.06769924 -0.9259398 0.8539399 
0.06439156 -0.877404 0.8873538 
0.074375 -0.8132812 0.8910315 
0.065 -0.79 0.8907225 
0.07736462 -0.946008 0.8356471 
0.0825 -0.93 0.8391718 
0.0732993 -0.9237403 0.8445566 
0.07548232 -0.9100397 0.8649997 
0.08426077 -0.8809872 0.8796344 
0.0853125 -0.83875 0.8896416 
0.08502443 -0.9560348 0.8267699 
0.0875 -0.9015306 0.8516293 
0.08982564 -0.8950303 0.8699762 
0.09841152 -0.9333274 0.8355137 
0.095 -0.9185126 0.8419039 
0.095 -0.8971002 0.855 
0.10375 -0.886332 0.8765229 
0.10375 -0.813125 0.888671 
0.09111152 -0.7753391 0.8811458 
0.1047379 -0.9397532 0.820213 
0.1072539 -0.9090094 0.8413116 
0.1142437 -0.8965652 0.85123 
0.110397 -0.932999 0.81 
0.1141994 -0.9225893 0.8203793 
0.1225 -0.8921882 0.86 
0.12 -0.865 0.8825347 
0.1248469 -0.8460646 0.8879322 
0.115 -0.825 0.8904912 
0.1254907 -0.9166905 0.80581 
0.1224302 -0.9107056 0.815 
0.1294291 -0.8991368 0.8251174 
0.1365485 -0.8746795 0.8767355 
0.1263057 -0.7941657 0.8866633 
0.1339717 -0.9029738 0.8010836 
0.1356962 -0.8882094 0.84375 
0.1415636 -0.8315625 0.8874683 
0.1423082 -0.8836218 0.8122259 
0.1450023 -0.8847122 0.8513576 
0.1439529 -0.8710478 0.825 
0.1438831 -0.8745463 0.8354352 
0.153376 -0.8769677 0.8598897 
0.1528006 -0.78875 0.8806497 
0.1561891 -0.8758351 0.8426573 
0.155 -0.8671263 0.8325799 
0.155 -0.8586972 0.825 
0.1648876 -0.8662234 0.8299758 
0.1682116 -0.8649427 0.839375 
0.165 -0.8696646 0.855 
0.17 -0.8568664 0.8083615 
0.1675635 -0.816875 0.8763059 
-0.135872 0.4890311 -0.182185 
0.1805462 -0.01440272 0.3304637 
0.1852577 -0.01279075 0.2996691 
0.182809 0.014375 0.2964574 
0.1947249 -0.05841896 0.3279555 
0.1941559 -0.04084897 0.3010451 
0.1897364 0.00953125 0.2784375 
0.2021929 -0.10081 0.3246291 
0.2018008 -0.0924124 0.3206734 
0.2022809 -0.06526676 0.2930245 
0.2060223 -0.05095595 0.2007864 
0.1952184 -0.01602384 0.2659355 
0.2029963 -0.03289016 0.179326 
0.1983144 -0.02875 0.21 
0.2021701 -0.02813853 0.2280859 
0.1998841 -0.01625 0.19 
0.2004945 -0.0075 0.175 
0.2005129 -0.00625 0.19375 
0.1976326 -0.00625 0.205 
0.2132868 -0.1453033 0.3150391 
0.2126918 -0.1106656 0.2937023 
0.2146751 -0.095 0.2831056 
0.2079044 -0.095 0.295 
0.215557 -0.0878109 0.2003961 
0.2121968 -0.08692936 0.2731398 
0.2089949 -0.06375 0.26 
0.2114013 -0.063545 0.23125 
0.2121127 -0.065 0.245 
0.2087992 -0.055 0.1825 
0.2231599 -0.144659 0.2793614 
0.2215172 -0.1167551 0.2604164 
0.2252881 -0.1209064 0.2003572 
0.2216661 -0.1071942 0.2284375 
0.2205653 -0.115 0.275 
0.2172197 -0.09999999 0.215 
0.2178085 -0.09 0.175 
0.2182696 -0.09375 0.23875 
0.2178145 -0.08 0.185 
0.2346781 -0.1452109 0.1948609 
0.2363268 -0.1527328 0.2168145 
0.2268037 -0.14 0.2275 
0.227367 -0.155 0.235 
0.2260783 -0.150269 0.2440625 
0.2305489 -0.1425 0.2475 
0.2330787 -0.1344986 0.1817516 
0.2449479 -0.1499629 0.190254 
0.2390187 -0.155 0.205 
-0.2638173 -0.4713516 0.1286742 
-0.2644797 -0.4108303 0.1714344 
-0.2646106 -0.3696336 0.1017776 
-0.2667631 -0.3487466 0.1098402 
-0.2651415 -0.3513376 0.1353782 
-0.2628018 -0.3576766 0.1527673 
-0.2668365 -0.3299316 0.1186805 
-0.2670808 -0.335 0.14 
-0.2629008 -0.3376796 0.1615128 
-0.2652078 -0.3258028 0.1488642 
-0.2637088 -0.3182642 0.1275 
-0.2576955 -0.468663 0.09388944 
-0.2628414 -0.465 0.115 
-0.2594494 -0.4462656 0.09906112 
-0.2639173 -0.4348411 0.1410227 
-0.2566951 -0.4164844 0.08498324 
-0.2532653 -0.4201255 0.06589331 
-0.2566459 -0.401004 0.06995111 
-0.26158 -0.39375 0.09999999 
-0.261737 -0.3978125 0.1211719 
-0.2628423 -0.394375 0.173125 
-0.259129 -0.3724615 0.07690752 
-0.2631762 -0.3825 0.15125 
-0.2612079 -0.37 0.1575 
-0.2552032 -0.3702593 0.04987514 
-0.2614592 -0.363125 0.1725 
-0.2567696 -0.3542656 0.04961846 
-0.2595648 -0.355 0.08 
-0.2551902 -0.3425642 0.05399945 
-0.2591243 -0.345 0.0725 
-0.2593489 -0.3369032 0.095 
-0.2535414 -0.3294976 0.07370204 
-0.2563208 -0.314478 0.1127394 
-0.2632589 -0.325 0.155 
-0.2639805 -0.325 0.165 
-0.257133 -0.3141442 0.14 
-0.2549896 -0.3095411 0.1625 
-0.2620358 -0.315 0.165 
-0.2448211 -0.474211 0.06358112 
-0.247561 -0.4244725 0.04804072 
-0.2508484 -0.43 0.075 
-0.2487617 -0.3794694 0.03204405 
-0.2527589 -0.385 0.055 
-0.2450562 -0.3749657 0.01491665 
-0.2519243 -0.35625 0.0375 
-0.2457868 -0.3293289 0.03859094 
-0.2453461 -0.324504 0.04410606 
-0.2454045 -0.3227609 0.06014878 
-0.2462968 -0.3102007 0.08122395 
-0.2401931 -0.4525305 0.04664237 
-0.2423507 -0.41 0.025 
-0.2357002 -0.4052551 0.001148084 
-0.2368269 -0.3792801 0.003254639 
-0.2365713 -0.3415625 0.01957911 
-0.2379057 -0.3101563 0.03247472 
-0.2297502 -0.3590138 0.006119656 
-0.2254908 -0.31375 0.00144955 
-0.2218586 -0.4688547 0.006854326 
-0.2205826 -0.1480296 0.06495101 
-0.227739 -0.1489179 0.0748359 
-0.2288684 -0.15625 0.09 
-0.229366 -0.145 0.085 
-0.2314382 -0.1497656 0.1122656 
-0.2283283 -0.15375 0.15 
-0.2260078 -0.1569308 0.1766718 
-0.227117 -0.1323879 0.0911437 
-0.2266319 -0.123717 0.1494934 
-0.2263555 -0.1215251 0.129021 
-0.2262852 -0.12 0.1641461 
-0.2253021 -0.1143394 0.1037771 
-0.2249919 -0.09456506 0.1273405 
-0.215424 -0.1546543 0.04473147 
-0.2155067 -0.1542358 0.055 
-0.2086439 -0.1231536 0.07432449 
-0.2145426 -0.1154973 0.0887184 
-0.2160165 -0.1012221 0.105 
-0.2188237 -0.1037429 0.172695 
-0.2141818 -0.09076706 0.1136576 
-0.2218259 -0.09 0.145 
-0.2194874 -0.08829781 0.1598565 
-0.2157903 -0.0825 0.1216252 
-0.2216384 -0.08 0.135 
-0.2151885 -0.07478896 0.1246838 
-0.215387 -0.05793516 0.1464143 
-0.2050952 -0.1549133 0.03489047 
-0.2069752 -0.145 0.04346158 
-0.2085975 -0.145 0.055 
-0.2005189 -0.1296071 0.04523617 
-0.2057427 -0.1339242 0.06 
-0.2040627 -0.08549809 0.1055708 
-0.2050321 -0.06130162 0.1249602 
-0.2119347 -0.0575 0.16625 
-0.2076898 -0.04994215 0.1348948 
-0.213378 -0.045 0.145 
-0.2058138 -0.03435374 0.144381 
-0.2074518 -0.02563463 0.1578018 
-0.1911205 -0.1470304 0.03471557 
-0.1908514 -0.135 0.03732534 
-0.197644 -0.1209284 0.055 
-0.194829 -0.1156016 0.06522604 
-0.1998766 -0.08942164 0.09187763 
-0.1962383 -0.075 0.095 
-0.1939588 -0.06906693 0.105 
-0.1956725 -0.065 0.1127502 
-0.1932477 -0.04801796 0.1166434 
-0.1900585 -0.02118122 0.137202 
-0.1836299 -0.1559514 0.02571151 
-0.1849567 -0.1101003 0.05042273 
-0.1866401 -0.09547126 0.07058942 
-0.1830573 -0.07078491 0.09031572 
-0.1878586 -0.055 0.1032361 
-0.1851393 -0.04482718 0.1049259 
-0.1870248 0.003889567 0.1489702 
-0.175461 -0.1548965 0.008544249 
-0.1780043 -0.14 0.025 
-0.1787933 -0.1201352 0.03026911 
-0.1731646 -0.0906388 0.0565309 
-0.175134 -0.06534531 0.08295515 
-0.174157 -0.06163524 0.075 
-0.175 -0.055 0.07323146 
-0.175 -0.055 0.0789029 
-0.1740967 -0.04496743 0.07537095 
-0.1723364 -0.03720623 0.1086786 
-0.1713362 -0.145 0.005 
-0.1643301 -0.1333792 0.008495606 
-0.1612394 -0.1129453 0.01935448 
-0.1692897 -0.0996039 0.03439284 
-0.1653049 -0.07964484 0.05948288 
-0.1637674 -0.05971177 0.07112074 
-0.1695486 -0.055 0.085 
-0.1639116 -0.04607426 0.085 
-0.1652849 -0.04475704 0.09433242 
-0.165 -0.025 0.1123802 
-0.1628167 -0.015 0.1175237 
-0.1675075 0.007631796 0.1322712 
-0.1591578 -0.075 0.055 
-0.1587642 -0.005 0.115 
0.08355281 -0.9420691 0.639675 
0.08490923 -0.9447166 0.6551434 
0.09446204 -0.9315621 0.650131 
0.1062174 -0.9395193 0.6816857 
0.1052967 -0.9272815 0.6455516 
0.1114609 -0.911661 0.655 
0.114976 -0.9401057 0.7906864 
0.1153974 -0.9251565 0.6848596 
0.1115501 -0.9126358 0.639802 
0.1214512 -0.9045373 0.6622309 
0.1249701 -0.9389682 0.7355061 
0.1178544 -0.945 0.775 
0.1238085 -0.9301987 0.7496875 
0.1248614 -0.921418 0.6973376 
0.1260326 -0.9266195 0.765 
0.1248 -0.9247383 0.7748484 
0.1307885 -0.9216723 0.7852309 
0.1257765 -0.9256018 0.7957696 
0.1260778 -0.9169251 0.685 
0.1264486 -0.9079518 0.675 
0.1227216 -0.8917896 0.645 
0.1276578 -0.876381 0.6532971 
0.1305372 -0.9239783 0.7275 
0.1386936 -0.9101385 0.7475 
0.140195 -0.9102559 0.7676098 
0.1295211 -0.915 0.795 
0.1330934 -0.8999634 0.6822801 
0.1277037 -0.895 0.665 
0.1290658 -0.885 0.66 
0.1382526 -0.88 0.6741104 
0.1393606 -0.9073814 0.7136516 
0.1451681 -0.9041663 0.7383029 
0.1426596 -0.900085 0.755 
0.1414512 -0.9031358 0.7812899 
0.1382262 -0.895 0.695 
0.1446136 -0.8829538 0.6886528 
0.1487646 -0.8765619 0.801875 
0.1435489 -0.8620744 0.6675821 
0.145 -0.8563813 0.6475 
0.1489953 -0.8862032 0.7125 
0.1497564 -0.8887513 0.7399395 
0.1481035 -0.89 0.7675 
0.1466087 -0.885 0.755 
0.150966 -0.8781533 0.7813211 
0.1523491 -0.8669005 0.701993 
0.1589448 -0.8689596 0.734375 
0.1538265 -0.8736684 0.76 
0.1574664 -0.8555974 0.6432765 
0.155 -0.8584371 0.67 
0.155 -0.8588127 0.69 
0.1626045 -0.8620724 0.77125 
0.1666642 -0.8556725 0.6827675 
0.165 -0.8596635 0.7025 
-0.2152004 0.3145131 0.1646654 
-0.21535 0.3230954 0.1389581 
-0.2181117 0.3252245 0.155 
-0.19894 0.3107156 0.1341675 
-0.1993511 0.3105575 0.1475 
-0.202393 0.3226731 0.08947676 
-0.2101628 0.3285903 0.1066933 
-0.2045385 0.3196549 0.12 
-0.1822369 0.3048149 0.116068 
-0.1907215 0.3196198 0.0686322 
-0.1794134 0.3003668 0.1146734 
-0.173983 0.2707804 0.1697079 
-0.1728849 0.2921014 0.1388713 
-0.1804264 0.3098249 0.08200155 
-0.1789663 0.318424 0.05060339 
-0.1696273 0.3211167 0.0340766 
-0.1672801 0.2804501 0.1481168 
-0.160718 0.283623 0.1284731 
-0.1548139 0.2936099 0.08782645 
-0.1646612 0.2935501 0.11073 
-0.1662242 0.2940078 0.125 
-0.1525834 0.3009759 0.06029665 
-0.1579643 0.1675 0.1655616 
-0.1560616 0.1890625 0.1646396 
-0.1516691 0.2228125 0.1569529 
-0.1538007 0.2599067 0.1538074 
-0.155 0.2895714 0.105 
-0.1528553 0.3149565 0.02964653 
-0.155 0.3215837 0.015 
0.0096875 0.3409375 0.5200598 
0.01367319 0.3803183 0.5259392 
0.003157729 0.4140225 0.5296291 
0.01966858 0.4714786 0.53284 
0.03130135 0.3376029 0.511948 
0.03457152 0.3917187 0.5168392 
0.02391765 0.4 0.5242692 
0.02468881 0.415 0.5247828 
0.05320108 0.4492944 0.5084755 
0.03599735 0.4894625 0.533581 
0.0460898 0.34375 0.5086022 
0.05059372 0.35967 0.5074519 
0.0456841 0.379994 0.514994 
0.04661785 0.4120755 0.5055518 
0.04217248 0.425 0.5125409 
0.04674146 0.4738987 0.518271 
0.05348936 0.38 0.502567 
0.055 0.4 0.4973775 
0.06 0.42375 0.5003741 
0.04879429 0.4825 0.515 
0.06357613 0.375 0.4906094 
0.065 0.3844928 0.4952562 
0.06816483 0.4 0.4953408 
0.07360262 0.4546236 0.4921014 
0.06819537 0.4784007 0.4778107 
0.05814068 0.485 0.485 
0.07334831 0.3525 0.4843547 
0.08039729 0.3840704 0.4849524 
0.07541138 0.3840479 0.4952876 
0.075 0.3932175 0.4940205 
0.08026788 0.4175214 0.4927236 
0.0750787 0.43 0.495042 
0.09078262 0.405625 0.4868678 
0.1075894 0.4346302 0.4779356 
-0.1151653 -0.9851483 0.7260798 
-0.1152564 -0.9816705 0.7519482 
-0.1175253 -0.9702856 0.7328297 
-0.1205405 -0.9594454 0.761234 
-0.1196697 -0.955 0.725 
-0.1139535 -0.9525954 0.7813208 
-0.1055589 -0.9958466 0.7122493 
-0.1082616 -0.9794432 0.7126219 
-0.1049633 -0.9863482 0.7804971 
-0.1087385 -0.9721152 0.7810495 
-0.1063064 -0.9596484 0.6837025 
-0.1138657 -0.9509032 0.7040554 
-0.1018422 -1.001531 0.7467676 
-0.09542516 -1.008212 0.7855684 
-0.0971263 -0.9974155 0.7000543 
-0.087958 -0.98918 0.8055011 
-0.09370944 -0.9909933 0.6799052 
-0.09819531 -0.985 0.695 
-0.09610545 -0.975 0.6736577 
-0.09669942 -0.96266 0.6713408 
-0.1000712 -0.9576218 0.8089142 
-0.08852339 -1.014506 0.7045285 
-0.08697452 -1.016747 0.75 
-0.08696651 -1.018921 0.775 
-0.08680748 -1.012318 0.7985045 
-0.08187166 -1.007112 0.6695372 
-0.08738148 -0.9756478 0.6621913 
-0.0857958 -0.9696102 0.6539081 
-0.07861402 -1.031206 0.7895712 
-0.07525703 -1.02889 0.691397 
-0.07757846 -1.022744 0.73067 
-0.07979117 -1.023452 0.7639447 
-0.07973266 -1 0.655 
-0.08083406 -0.985 0.655 
-0.06680498 -1.047802 0.6688384 
-0.07425512 -1.035 0.665 
-0.0714272 -1.035 0.675 
-0.06668679 -1.037625 0.7 
-0.06569193 -1.035397 0.7197088 
-0.06348016 -1.039395 0.7676411 
-0.065 -1.040815 0.795 
-0.07190214 -1.025 0.655 
-0.065 -1.028241 0.74 
-0.06127481 -1.079787 0.6552483 
-0.05440222 -1.079864 0.6708848 
-0.05995204 -1.065 0.66 
-0.0564418 -1.059151 0.6840526 
-0.05325223 -1.044504 0.7102315 
-0.04937798 -1.050514 0.7822106 
-0.04401974 -1.047829 0.8013142 
-0.04086545 -1.099516 0.6842231 
-0.04251257 -1.072116 0.6926273 
-0.03931941 -1.05378 0.7093136 
-0.04020099 -1.049188 0.7304627 
-0.04946359 -1.042971 0.7478377 
-0.04054263 -1.064902 0.7006668 
-0.03054756 -1.057735 0.7688527 
-0.03077112 -1.057171 0.7905548 
-0.02728101 -1.109838 0.6973841 
-0.02854364 -1.07441 0.7119606 
-0.01675501 -1.066382 0.734184 
-0.01698305 -1.062345 0.7424142 
-0.019375 -1.059896 0.7565625 
-0.01238017 -1.100325 0.7114671 
-0.009661673 -1.055517 0.7956496 
-0.006378136 -1.100352 0.7129619 
-0.005 -1.083492 0.7234952 
-0.005 -1.073082 0.733345 
-0.005 -1.062008 0.765 
0.1755491 0.02355371 0.3122596 
0.1769612 0.06323601 0.1716086 
0.1657263 0.07916404 0.1649896 
0.1760991 0.07619988 0.1741421 
0.178452 0.09230752 0.187034 
0.1749959 0.1391365 0.1905514 
0.185196 0.02902623 0.1646041 
0.186166 0.055 0.1824271 
0.1817143 0.05571814 0.302534 
0.1841729 0.0911056 0.3005102 
0.1790653 0.089375 0.3379687 
0.1839557 0.1129686 0.3253954 
0.1854384 0.1086709 0.2036873 
0.1827205 0.1275 0.2083174 
0.182899 0.1607766 0.2054787 
0.1930371 0.02066935 0.2560391 
0.1943868 0.015 0.285 
0.193492 0.02878945 0.1805259 
0.1937911 0.0300824 0.192862 
0.1910162 0.034375 0.2775 
0.1935259 0.03889918 0.2363466 
0.1937552 0.05839703 0.2006816 
0.1880153 0.06265625 0.2633594 
0.1933908 0.07318243 0.2343879 
0.1942425 0.07391042 0.2123198 
0.1883434 0.083125 0.26 
0.1880856 0.09375 0.2775 
0.1934942 0.095 0.215 
0.1934644 0.09999999 0.2221484 
0.1961321 0.10125 0.2386528 
0.1914498 0.1165625 0.2702344 
0.1953794 0.12 0.2244 
0.195187 0.1387386 0.2527459 
0.1867627 0.13 0.315 
0.1926458 0.1425 0.2195379 
0.192729 0.135 0.285 
0.1897779 0.139375 0.2940625 
0.1877948 0.16125 0.3325 
0.1963106 0.0325 0.2175 
0.1983453 0.1325 0.235 
0.2030397 0.1577598 0.235 
0.1672807 -0.4976602 0.150977 
-0.2297458 -0.295 0.01257813 
-0.2267077 -0.2684935 0.005721894 
-0.2179541 -0.3156507 -0.01321951 
-0.2147091 -0.28 -0.01422206 
-0.2175744 -0.27 -0.00695682 
-0.2147084 -0.2508979 -0.005806493 
-0.2149552 -0.2551073 0.004931175 
-0.2087021 -0.30625 -0.025 
-0.205423 -0.2874009 -0.03449505 
-0.2062573 -0.2655729 -0.02422472 
-0.2083641 -0.2473812 -0.01513387 
-0.2145771 -0.245 0.005625755 
-0.2052687 -0.2318809 -0.004543078 
-0.2120955 -0.23 0.005 
-0.2056543 -0.2103209 0.00503891 
-0.2051082 -0.1946801 0.006849801 
-0.1942765 -0.2990604 -0.04323917 
-0.1982812 -0.2698388 -0.03507473 
-0.1860268 -0.2414365 -0.03346185 
-0.1971588 -0.225 -0.01703642 
-0.2015849 -0.2175 -0.005 
-0.1951136 -0.206539 -0.01150385 
-0.1939594 -0.1855987 0.005842492 
-0.1764374 -0.3065625 -0.05811744 
-0.1846057 -0.2687705 -0.04462795 
-0.1785392 -0.2164629 -0.02923675 
-0.1827117 -0.1994852 -0.01462534 
-0.182572 -0.1699449 0.008678824 
-0.1736843 -0.2753886 -0.05261294 
-0.1708858 -0.245 -0.04384398 
-0.1621598 -0.286443 -0.06295817 
-0.1653939 -0.222964 -0.04537518 
-0.1648271 -0.1943491 -0.03020253 
-0.1639459 -0.1672914 -0.015 
-0.1639522 -0.15 -0.001313178 
-0.1507849 -0.2994064 -0.07551025 
-0.1497882 -0.2494422 -0.06002909 
-0.1523742 -0.2272514 -0.05348234 
-0.1448274 -0.1978302 -0.04954584 
-0.1550171 -0.1798212 -0.03190916 
-0.1488121 -0.1658685 -0.02903092 
-0.1540468 -0.1541563 -0.01811014 
-0.1945532 0.4883445 -0.009428613 
-0.185925 0.4877602 -0.1183597 
-0.1877635 0.4927457 -0.07894231 
-0.1868608 0.4974425 -0.03633845 
-0.1852842 0.5150508 -0.1068515 
-0.1763041 0.4835398 -0.1442816 
-0.1793147 0.5228815 -0.08625 
-0.1803066 0.5278078 -0.1103125 
-0.1709952 0.5313759 -0.02117346 
-0.1749944 0.5357733 -0.1376521 
-0.1710525 0.5388789 -0.07890809 
-0.1657031 0.4859718 -0.1574753 
-0.1741761 0.5272203 -0.1459465 
-0.1696405 0.5304655 -0.0425 
-0.1690846 0.5478524 -0.1373074 
-0.1649397 0.5549326 -0.1264721 
0.02072942 -0.91226 0.495846 
0.024375 -0.8929397 0.4889396 
0.03516558 -0.9161606 0.4933917 
0.04113472 -0.9493606 0.5003057 
0.04936674 -0.9087384 0.4923053 
0.0679896 -0.8724719 0.4869118 
0.06846157 -0.9322919 0.5035506 
0.07032283 -0.911875 0.5004399 
0.07731126 -0.9406898 0.5210652 
0.08472771 -0.9495035 0.5398096 
0.08029135 -0.9506031 0.6083274 
0.07817484 -0.947056 0.6275 
0.08130271 -0.9339207 0.5423051 
0.0817808 -0.9163581 0.545 
0.0860796 -0.9234101 0.5716221 
0.08223437 -0.9085793 0.5270858 
0.08679156 -0.8933936 0.5325 
0.0844296 -0.8670968 0.5052889 
0.08634903 -0.8158559 0.4828265 
0.08574677 -0.9544682 0.5691401 
0.08972741 -0.92 0.585 
0.09150609 -0.9203463 0.5946378 
0.09523222 -0.9251477 0.6108842 
0.09501757 -0.925033 0.625 
0.09485536 -0.9071009 0.5802504 
0.09292514 -0.8854069 0.5591873 
0.09396988 -0.8490221 0.5169047 
0.0913683 -0.8270506 0.5027616 
0.09348889 -0.8069379 0.4984819 
0.0948818 -0.7947964 0.4833031 
0.1053456 -0.9257569 0.6347193 
0.1054229 -0.9155596 0.6098575 
0.1062453 -0.9155726 0.625 
0.1071057 -0.9034658 0.5926722 
0.1055247 -0.886875 0.581624 
0.1010378 -0.8587011 0.5493163 
0.1027685 -0.864772 0.5716075 
0.1037171 -0.8276149 0.5272422 
0.1125301 -0.896874 0.6153007 
0.1117443 -0.875 0.6 
0.1133702 -0.8665237 0.606518 
0.1127672 -0.843019 0.5700078 
0.1104246 -0.82 0.545 
0.1148841 -0.8094379 0.5521247 
0.1189039 -0.88 0.6325 
0.1280606 -0.8638502 0.6387612 
0.1294733 -0.8492094 0.6100806 
0.1239753 -0.8320863 0.5880331 
0.1213529 -0.8162744 0.5649886 
0.1179838 -0.795 0.545 
0.1219711 -0.790235 0.555 
0.1347741 -0.8562463 0.6303042 
0.1355143 -0.8310382 0.5952533 
0.1349786 -0.8147209 0.5850123 
0.1283752 -0.805 0.575 
0.1397111 -0.8021137 0.5796815 
0.1313241 -0.7887501 0.5789416 
0.1420675 -0.8551501 0.6224383 
0.1443249 -0.8467413 0.5961149 
0.1441469 -0.8328676 0.5728123 
0.1410558 -0.815 0.575 
0.156334 -0.8461918 0.6089609 
0.1571866 -0.8360313 0.5850246 
0.1559514 -0.8248129 0.5609944 
0.1555009 -0.8093829 0.5558627 
0.1504422 -0.793664 0.5695652 
0.168993 -0.8237367 0.591428 
0.1650234 -0.8150192 0.5549695 
0.1680575 -0.8167454 0.5687035 
0.165 -0.805 0.550011 
0.1641112 -0.7928144 0.5533745 
0.07645305 0.8150061 -0.4695198 
0.09182952 0.8139478 -0.4566233 
0.088125 0.8195186 -0.47375 
0.11 0.8156074 -0.4533094 
0.1099624 0.8231071 -0.473825 
0.1259228 0.816089 -0.4544154 
0.1281653 0.8238405 -0.475 
0.1369527 0.8172016 -0.464834 
0.03391845 -0.1847954 -0.5597198 
0.03278712 -0.1725 -0.5662123 
0.03058096 -0.1699051 -0.5326022 
0.04826295 -0.2015243 -0.5526688 
0.04621348 -0.1773278 -0.5707189 
0.04609374 -0.1603666 -0.5075205 
0.05546813 -0.2084343 -0.5657232 
0.05694503 -0.1986303 -0.5746877 
0.05183571 -0.1920961 -0.524198 
0.0539643 -0.18 -0.5772042 
0.06498153 -0.2250145 -0.5646082 
0.06496689 -0.2150125 -0.5750099 
0.06405614 -0.2191628 -0.5494531 
0.0725 -0.2025 -0.5810309 
0.065 -0.185 -0.58325 
0.073125 -0.1829139 -0.4972093 
0.07375 -0.1721421 -0.5804203 
0.06457143 -0.1760761 -0.4945652 
0.08201203 -0.2248567 -0.5631471 
0.07882465 -0.2155343 -0.5369685 
0.08497253 -0.1900511 -0.5848847 
0.0825 -0.1949914 -0.5088201 
0.09040533 -0.2154551 -0.5753731 
0.09 -0.2225757 -0.555 
0.09042345 -0.2098904 -0.527623 
0.095 -0.205 -0.5814501 
0.09970241 -0.1838373 -0.585272 
0.095 -0.1832555 -0.4965629 
0.1057009 -0.2256168 -0.5665181 
0.102832 -0.2251206 -0.5545176 
0.105 -0.2132892 -0.573543 
0.109782 -0.2157449 -0.5431118 
0.1098654 -0.2022846 -0.5777353 
0.113573 -0.1916967 -0.5150104 
0.105 -0.175 -0.5835055 
0.1091388 -0.1698401 -0.4922508 
0.1151077 -0.2151002 -0.5652657 
0.1157055 -0.2157551 -0.555 
0.115733 -0.2059171 -0.5321157 
0.1164746 -0.188109 -0.5783836 
0.115 -0.175 -0.5798106 
0.122912 -0.1991939 -0.5604029 
0.1303904 -0.190485 -0.5369071 
0.1314071 -0.1796396 -0.5222251 
0.1342402 -0.1892578 -0.5533938 
0.135664 -0.1864039 -0.5664564 
0.1391191 -0.1728079 -0.569013 
0.146733 -0.165 -0.5667303 
0.1940475 -0.3093446 0.02608707 
0.1934963 -0.29125 0.01983811 
0.1991348 -0.2633703 0.02324172 
0.1984473 -0.1680627 0.02360015 
0.1984361 -0.3140625 0.04078125 
0.2052519 -0.3103454 0.05511382 
0.2038727 -0.2868498 0.04774678 
0.2053369 -0.215625 0.02032688 
0.2026564 -0.2 0.01777879 
0.2026594 -0.1845896 0.01982871 
0.2038429 -0.1750261 0.03252654 
0.2115591 -0.31375 0.06981207 
0.2119235 -0.2824792 0.06003606 
0.2109275 -0.2275 0.035 
0.2124995 -0.1821598 0.05029734 
0.2215944 -0.3162997 0.09054033 
0.2246451 -0.2805784 0.07571597 
0.2199629 -0.2540843 0.05478989 
0.221971 -0.2205512 0.05274997 
0.2213957 -0.195185 0.06355724 
0.220617 -0.175625 0.07041523 
0.231216 -0.3055295 0.109847 
0.2405526 -0.3115516 0.1397111 
0.2304813 -0.2851456 0.09178711 
0.2374096 -0.2027469 0.09838563 
0.2438795 -0.2865683 0.1225762 
0.2411095 -0.2596913 0.0976375 
0.2430602 -0.24497 0.09979358 
0.2379176 -0.2375 0.085 
0.2446028 -0.2205535 0.1103703 
0.2445254 -0.1907339 0.1190616 
0.2440054 -0.1813564 0.1235425 
0.2429329 -0.175 0.115 
0.2551714 -0.2852902 0.1345739 
0.2512756 -0.264076 0.1208124 
0.252309 -0.2361425 0.1270298 
0.2535986 -0.22 0.1382083 
0.2498985 -0.2019033 0.1323475 
0.2502041 -0.175 0.1319233 
0.2534248 -0.165 0.139432 
0.2559211 -0.2943103 0.1518539 
0.2593329 -0.2671875 0.1370313 
0.2631882 -0.27 0.15 
0.2590666 -0.2425 0.14 
0.2596244 -0.2239844 0.1536374 
0.2595491 -0.1916406 0.1583059 
0.01478507 0.8198521 1.12687 
-0.1570224 0.1834852 0.4335576 
-0.1549795 0.2217066 0.4348103 
-0.1475215 0.244717 0.442871 
-0.1522509 0.27 0.4430735 
-0.1497079 0.2836695 0.4479648 
-0.1531333 0.3024281 0.4475009 
-0.130478 0.2442106 0.4528013 
-0.129304 0.29 0.4637358 
-0.1330178 0.3125535 0.4651701 
-0.1312745 0.1858706 0.447102 
-0.1231754 0.22125 0.4511127 
-0.1197472 0.2680782 0.4637543 
-0.11875 0.32375 0.4694169 
-0.1075202 0.2362118 0.4638675 
-0.101399 0.1671875 0.4716613 
-0.09592082 0.2121929 0.4730731 
-0.09969214 0.24 0.4704596 
-0.09882839 0.26 0.4712248 
-0.09739706 0.195 0.475 
-0.09866201 0.2831296 0.4749932 
-0.09036773 0.3390625 0.4818128 
-0.2150799 -0.5253755 -0.0004164653 
-0.2170585 -0.5082895 0.001487861 
-0.2048782 -0.544148 -0.008795623 
-0.2038449 -0.5364356 -0.0303821 
-0.2077608 -0.5131481 -0.02263891 
-0.2078374 -0.4925 -0.02 
-0.2113129 -0.48 -0.015 
-0.2087926 -0.4696045 -0.0324971 
-0.1953759 -0.5662192 -0.01570286 
-0.196681 -0.53 -0.04809913 
-0.1934716 -0.5042775 -0.05872256 
-0.2006 -0.486875 -0.04768256 
-0.1860225 -0.6013064 -0.002868371 
-0.1891166 -0.58 -0.0175 
-0.1925016 -0.585 0.005 
-0.1843312 -0.5676549 -0.04437005 
-0.1856991 -0.4775 -0.07620409 
-0.1696959 -0.629788 -0.001260228 
-0.1732934 -0.6139583 -0.02244514 
-0.1736252 -0.5963548 -0.1338861 
-0.1771607 -0.5728125 -0.1396666 
-0.1689536 -0.6032207 -0.05867601 
-0.1775491 -0.5736169 -0.09174597 
-0.1779707 -0.5653125 -0.065 
-0.1757742 -0.5549785 -0.152323 
-0.1788155 -0.555 -0.095 
-0.1780093 -0.5356871 -0.1272232 
-0.1762663 -0.545 -0.09999999 
-0.1750579 -0.52964 -0.1401313 
-0.1757718 -0.5299926 -0.0850793 
-0.1746542 -0.4974459 -0.09992694 
-0.1782845 -0.5125 -0.08134378 
-0.1771388 -0.485 -0.095 
-0.1794955 -0.48 -0.085 
-0.1607736 -0.6294106 -0.02735168 
-0.1662798 -0.6153437 -0.1332888 
-0.1685326 -0.518593 -0.1459215 
-0.165457 -0.4667937 -0.1169885 
-0.1547039 -0.6327968 -0.1325464 
-0.1551822 -0.6252377 -0.07870157 
-0.1498437 -0.6299009 -0.04502484 
-0.1542456 -0.6238344 -0.065 
-0.1566184 -0.48807 -0.1459424 
0.0125 0.7499226 0.990625 
0.015 0.7488465 1.041875 
0.005 0.7501776 1.06 
0.009695293 0.752503 1.085102 
0.01538474 0.7626479 1.101036 
0.02215504 0.7742114 1.112654 
0.002477021 0.778254 1.121305 
0.02797817 0.7511378 0.9964147 
0.02872299 0.7527885 1.048281 
0.025 0.785 1.121677 
0.04349474 0.7510385 0.961362 
0.0425 0.7596829 1.069745 
0.03607914 0.7634381 1.085972 
0.03511027 0.7795286 1.110359 
0.03860233 0.80625 1.116278 
0.05125 0.7589114 1.028125 
0.045 0.775 1.093276 
0.04409515 0.7855302 1.104618 
0.05094913 0.7564229 0.9913076 
0.055 0.76265 1.045 
0.05459195 0.7731228 1.055566 
0.04938982 0.7725 1.08 
0.0521212 0.7869577 1.0825 
0.05164883 0.7993854 1.092296 
0.06589717 0.7622876 0.9534375 
0.06284853 0.7661597 0.9921222 
0.05865066 0.765 1.0225 
0.06184293 0.775 1.004375 
0.0573457 0.78 1.045 
0.06264443 0.785 0.9917935 
0.0582498 0.7925 1.035 
0.06291954 0.8000309 1.001525 
0.05964882 0.8071875 1.059062 
0.0677292 0.7892566 0.9717147 
0.05575979 0.6844713 -0.1708422 
0.05146359 0.7101562 -0.1799232 
0.05592407 0.7099364 -0.2030999 
0.0498831 0.7275 -0.19875 
0.04965977 0.735 -0.19 
0.0520887 0.7413899 -0.1724602 
0.05488785 0.7490235 -0.227964 
0.0527466 0.7469252 -0.204375 
0.06149738 0.7646312 -0.191875 
0.06465371 0.6647568 -0.1751864 
0.06325553 0.6817088 -0.1842291 
0.06458694 0.7081597 -0.2199254 
0.0672275 0.7305841 -0.2862738 
0.05940274 0.7412897 -0.259666 
0.05707642 0.745 -0.245 
0.05895587 0.76 -0.2539062 
0.06504545 0.7751214 -0.2596582 
0.07016627 0.7796726 -0.206875 
0.06532075 0.7746099 -0.1702924 
0.07683185 0.7011379 -0.2215149 
0.0816219 0.7068761 -0.2484891 
0.0741793 0.7865241 -0.29 
0.07378174 0.7871453 -0.2553125 
0.07415926 0.7856166 -0.175 
0.08189538 0.6639959 -0.1898777 
0.08391365 0.7110904 -0.274375 
0.08197658 0.7966811 -0.276875 
0.08236633 0.7962047 -0.2346875 
0.08148207 0.795 -0.2 
0.08571993 0.7941775 -0.181697 
0.08672164 0.7944898 -0.165 
0.09942138 0.6630725 -0.2029637 
0.1026753 0.669785 -0.2137787 
0.095 0.7949769 -0.1749803 
0.095 0.8002738 -0.26375 
0.095 0.7974433 -0.20375 
0.09717256 0.7954937 -0.165 
0.1028208 0.6844494 -0.2371213 
0.1055857 0.6932393 -0.2608078 
0.1043683 0.7933963 -0.1811008 
0.105 0.7917668 -0.165 
0.105 0.8000219 -0.29 
0.105 0.7997693 -0.2575 
0.1060125 0.7960113 -0.2275 
0.1154536 0.664794 -0.2151996 
0.1154801 0.6796436 -0.2305673 
0.1159119 0.6914293 -0.25 
0.1166337 0.7011051 -0.2755388 
0.1183598 0.7774885 -0.2588739 
0.1120983 0.785 -0.225 
0.1159441 0.7793117 -0.215 
0.111863 0.7842891 -0.1944423 
0.1162977 0.7860795 -0.2826017 
0.1269442 0.6872222 -0.2202904 
0.1243917 0.6994559 -0.2444849 
0.1254584 0.7142688 -0.2874932 
0.1254617 0.7638531 -0.2770254 
0.1255341 0.7603195 -0.2028125 
0.1196951 0.775 -0.17 
0.1319701 0.6774461 -0.2037269 
0.1325157 0.7135112 -0.2388019 
0.1300209 0.715 -0.26 
0.1304729 0.725625 -0.28625 
0.1318907 0.73625 -0.245 
0.1336741 0.7326766 -0.2219448 
0.1376754 0.7270523 -0.1880929 
0.130349 0.75 -0.205 
0.1289846 0.74875 -0.1925 
0.1417589 0.6863948 -0.198612 
0.139365 0.71625 -0.20875 
0.1446754 0.7098244 -0.18375 
0.1528558 0.6646219 -0.1724201 
0.150494 0.69 -0.168877 
0.06600575 0.4974976 -0.02496845 
0.0622794 0.4875 -0.005092322 
0.06486899 0.5181952 -0.01088238 
0.06079325 0.505 -0.005 
0.06475707 0.5512079 -0.007986621 
0.06700429 0.5716392 -0.01034017 
0.06501423 0.5938681 -0.03964087 
0.06511716 0.5900773 -0.02268502 
0.06615736 0.5964166 -0.1082332 
0.06559087 0.615 -0.05343883 
0.0637858 0.6250681 -0.1000577 
0.06879096 0.6173956 -0.07059702 
0.06466775 0.6368463 -0.07 
0.06494506 0.6352043 -0.05487001 
0.07208931 0.4954769 -0.04545666 
0.07095448 0.53 -0.06625 
0.0680124 0.525 -0.045 
0.06705295 0.543125 -0.03625 
0.07766078 0.5363728 -0.09025089 
0.07367326 0.5759568 -0.1200994 
0.06701711 0.5725 -0.055 
0.06659342 0.57875 -0.04375 
0.06782128 0.58875 -0.07125 
0.06937633 0.6025 -0.1325 
0.07149474 0.6025 -0.07 
0.06839658 0.61 -0.09 
0.07044654 0.605 -0.055 
0.07015373 0.6177633 -0.0125 
0.07220036 0.6311803 -0.03481124 
0.0920018 0.4932452 -0.07266222 
0.08562545 0.5230126 -0.09676464 
0.09249307 0.5554978 -0.1228967 
0.08004443 0.6001574 -0.1449582 
0.1012862 0.4962688 -0.08951827 
0.095 0.5375899 -0.1138311 
0.09365907 0.5706041 -0.1326676 
0.09999999 0.6401983 -0.005 
0.1049847 0.4849498 -0.07502292 
0.1053654 0.5085573 -0.103596 
0.1088277 0.5274372 -0.1143209 
0.1228395 0.5343138 -0.128495 
0.1225975 0.5652642 -0.1479244 
0.1257399 0.4863369 -0.101267 
0.1297696 0.5124099 -0.1207342 
0.1261514 0.6385198 -0.01 
0.135 0.5289885 -0.1327459 
0.135 0.5487335 -0.1435601 
0.1517929 0.4918135 -0.1077678 
0.1460832 0.5095931 -0.1223709 
0.145 0.5266319 -0.13371 
0.1459342 0.54 -0.1376272 
0.1448832 0.5551645 -0.144827 
0.1524213 0.5685984 -0.1457017 
0.1389359 0.6368852 -0.02273197 
0.1505399 0.6363185 -0.0475 
0.1558074 0.5045715 -0.1152781 
0.1576856 0.515 -0.1176098 
0.155151 0.5335887 -0.1272462 
0.1577498 0.6288474 -0.03790768 
0.1605922 0.63 -0.0575 
0.015 0.8699623 1.065 
0.025 0.825 1.120544 
0.02956776 0.8466299 1.095967 
0.02589305 0.863786 1.070475 
0.02944841 0.8721892 1.047662 
0.0275 0.8831134 1.00577 
0.025 0.887498 0.98 
0.03502169 0.8276337 1.112786 
0.04569693 0.8157598 1.105565 
0.0403269 0.83 1.103076 
0.04514974 0.8355508 1.095325 
0.04511342 0.8476617 1.078282 
0.04450453 0.8669617 1.049437 
0.04217667 0.8765929 1.021288 
0.05123553 0.8810443 0.9943573 
0.053615 0.8312671 1.071187 
0.055 0.8452791 1.065266 
0.05520979 0.8556663 1.055457 
0.05640931 0.8595051 1.044445 
0.05738084 0.8838093 0.9618127 
0.06600555 0.8108261 1.019375 
0.06406719 0.8179156 1.036303 
0.05876013 0.815 1.065 
0.0604929 0.843125 1.039375 
0.06687374 0.8533491 1.008882 
0.06310415 0.8651103 1.020185 
0.05924946 0.865 1.035 
0.06849033 0.8685037 0.993856 
0.07220401 0.815 0.9825 
0.07364972 0.8625482 0.9705268 
0.07296183 0.8744644 0.9526969 
0.07629789 0.8336848 0.9672374 
-0.032991 0.7198579 0.770804 
-0.03426478 0.7223894 0.8028281 
-0.03706641 0.7382693 0.7775326 
-0.04191982 0.78 0.7988712 
-0.03543859 0.7912534 0.7626249 
-0.03026868 0.64 0.645 
-0.02595087 0.6495364 0.6531318 
-0.02560218 0.6546261 0.6931905 
-0.0286974 0.6759375 0.7153125 
-0.02395281 0.6763981 0.7407283 
-0.02132958 0.6891233 0.7650843 
-0.02643231 0.7080441 0.686687 
-0.03007216 0.7023438 0.725625 
-0.03077727 0.7051563 0.7495313 
-0.03034466 0.70375 0.76875 
-0.02271512 0.7115613 0.800604 
-0.03088808 0.73 0.73 
-0.0269727 0.7475099 0.7023991 
-0.03339177 0.745 0.755 
-0.02990744 0.7592188 0.7189062 
-0.02532697 0.7715096 0.7109909 
-0.02791299 0.7900197 0.7349802 
-0.02640066 0.8161376 0.7563844 
-0.02129158 0.66 0.665 
-0.015 0.6538497 0.7187713 
-0.02342009 0.6671875 0.6424218 
-0.02188759 0.67 0.675 
-0.02404964 0.67875 0.659375 
-0.02135934 0.706875 0.651875 
-0.01585194 0.7124097 0.6425951 
-0.022727 0.7275 0.6725 
-0.01072085 0.7468253 0.6783282 
-0.02291948 0.745 0.685 
-0.01010645 0.7689546 0.7010646 
-0.0075 0.7896692 0.7216203 
-0.001261556 0.765 0.695 
-0.1432939 -0.3136295 -0.081713 
-0.1330514 -0.288381 -0.08013675 
-0.1288552 -0.2589062 -0.07085313 
-0.135 -0.2327508 -0.06598628 
-0.1259106 -0.1750861 -0.04730373 
-0.1276086 -0.1479386 -0.02931921 
-0.1226762 -0.3100062 -0.09086868 
-0.1259535 -0.2783218 -0.07740971 
-0.123756 -0.24 -0.0721865 
-0.1231333 -0.2059774 -0.0616235 
-0.1175676 -0.1598994 -0.0415776 
-0.1064007 -0.228179 -0.07505385 
-0.09678941 -0.3070544 -0.09700118 
-0.1045262 -0.2753502 -0.08459037 
-0.09796262 -0.2595424 -0.08212438 
-0.1023575 -0.2050431 -0.0681078 
-0.095 -0.28 -0.09002487 
-0.08126782 -0.1806541 -0.06243123 
-0.07692161 -0.3159256 -0.09812722 
-0.085 -0.285 -0.09799112 
-0.0851922 -0.2746682 -0.09510472 
-0.07862256 -0.2598559 -0.08721043 
-0.07875 -0.2425 -0.08200657 
-0.07647558 -0.1615076 -0.05426744 
-0.06768364 -0.2859551 -0.1003714 
-0.05949807 -0.2453116 -0.08744624 
-0.06002288 -0.2324299 -0.08278129 
-0.0625 -0.1898701 -0.06987921 
-0.06511978 -0.1500691 -0.04868207 
-0.055 -0.295 -0.1081102 
-0.04530983 -0.2072928 -0.07975446 
-0.05 -0.16 -0.0598731 
-0.03795445 -0.3022229 -0.1107291 
-0.0409375 -0.2569259 -0.1016607 
-0.03915581 -0.2263072 -0.09154287 
-0.03473188 -0.1687193 -0.06368607 
-0.045 -0.165 -0.05933582 
-0.035 -0.2320219 -0.09610699 
-0.02790774 -0.319375 -0.1151359 
-0.01997138 -0.2921125 -0.1076567 
-0.025 -0.265 -0.1027285 
-0.01910257 -0.2231699 -0.08798313 
-0.02042796 -0.195 -0.07661813 
-0.02722486 -0.1843936 -0.07529919 
-0.025 -0.175 -0.0709261 
-0.01008139 -0.2698971 -0.0921222 
-0.01410645 -0.2502777 -0.09479947 
-0.015 -0.207685 -0.07760452 
-0.007939735 -0.1599128 -0.0579139 
-0.006824458 -0.303125 -0.09226903 
-0.004778334 -0.198167 -0.06723511 
-0.0004969958 -0.3175 -0.08 
0.004423001 -0.305 -0.075 
0.005258086 -0.2890324 -0.07535566 
0.004994813 -0.239375 -0.06861467 
0.009980749 -0.1762994 -0.0531315 
0.02102628 0.5859859 0.4224395 
0.005 0.5840767 0.4391149 
0.0141077 0.5916975 0.4610764 
0.016875 0.6025507 0.3905345 
0.01411958 0.6100131 0.4871699 
0.02761246 0.6152126 0.3741133 
0.01 0.6176082 0.35 
0.04046353 0.5793307 0.4560146 
0.035 0.5947798 0.4047618 
0.03995947 0.5938689 0.4809181 
0.035 0.6029209 0.487062 
0.04512867 0.6225007 0.3594104 
0.0434375 0.6284567 0.3260937 
0.04102471 0.5852031 0.4697861 
0.05043368 0.6025722 0.3916582 
0.05 0.6286421 0.345 
0.0549225 0.5246409 0.45563 
0.05367816 0.5229045 0.4835621 
0.0534828 0.535 0.4524246 
0.05203952 0.54 0.465 
0.05539894 0.529094 0.475 
0.04773616 0.541875 0.493125 
0.05269159 0.5558236 0.4497018 
0.04965189 0.545 0.475 
0.05504937 0.561057 0.4345189 
0.04804717 0.57125 0.48125 
0.05385686 0.5773524 0.4227993 
0.06998771 0.6133329 0.3656915 
0.07438663 0.4959024 0.4626859 
0.05652213 0.50875 0.47125 
0.06049342 0.515 0.455 
0.065 0.5300696 0.4466684 
0.07 0.5458531 0.4359079 
0.07097068 0.5542525 0.4257842 
0.06958712 0.5833803 0.3993913 
0.07809547 0.5313662 0.4471009 
0.07438244 0.5836806 0.3840568 
0.07580481 0.5974013 0.3792644 
0.07964683 0.6223517 0.344136 
0.08275075 0.6234361 0.3126775 
0.08504306 0.5450133 0.4350158 
0.08472785 0.5546131 0.4144905 
0.085 0.5471497 0.425 
0.07975239 0.577567 0.3918885 
0.08373335 0.5846034 0.3746315 
0.08488043 0.5994694 0.3670585 
0.1033802 0.4807315 0.4597912 
0.1004166 0.5078362 0.4517403 
0.09995969 0.5439422 0.422797 
0.095 0.5519722 0.4105486 
0.103666 0.5638943 0.39634 
0.09948748 0.5843384 0.3740838 
0.09526102 0.5949154 0.3649737 
0.1105858 0.5266585 0.4364019 
0.1022464 0.5747795 0.385032 
0.1015666 0.6044328 0.3575858 
0.115 0.5506682 0.4106917 
0.1114035 0.605133 0.3473276 
0.1397473 0.4727862 0.4455833 
0.1276412 0.5076667 0.438497 
0.1358067 0.5218127 0.4267678 
0.1241516 0.5549037 0.4049015 
0.1227671 0.5792239 0.3791237 
0.135 0.5765791 0.3771474 
0.1392933 0.5802276 0.3647283 
0.1434611 0.581988 0.3375911 
0.1509064 0.4883929 0.4335755 
0.1548238 0.5124872 0.4214077 
0.1457224 0.5526429 0.3941903 
0.1769768 -0.854961 0.7579671 
0.1810823 -0.8265695 0.6510504 
0.1826004 -0.8415434 0.7125 
0.1821154 -0.8447053 0.7325 
0.1892107 -0.8361369 0.7616802 
0.1907752 -0.8310922 0.7990917 
0.1996057 -0.8132852 0.7267334 
0.1996405 -0.8079825 0.813741 
0.2006061 -0.804436 0.6751746 
0.2077175 -0.7868055 0.651157 
0.2170082 -0.7780032 0.6894492 
0.2114237 -0.7866737 0.7925 
-0.1650736 0.5158401 -0.171272 
-0.1650817 0.5551764 -0.1653871 
-0.1602528 0.5340625 -0.186875 
-0.1604523 0.56375 -0.171875 
-0.1578935 0.575 -0.175 
-0.1409996 0.4913419 0.4390409 
-0.1488116 0.5072569 0.4239618 
-0.1584138 0.5207003 0.402986 
-0.1453635 0.5519899 0.3902373 
-0.1506988 0.5643966 0.362063 
-0.155 0.5572195 0.375 
-0.1298648 0.5035752 0.4379002 
-0.1312842 0.5394332 0.4061055 
-0.1333044 0.5808967 0.3514591 
-0.1186909 0.522757 0.4227123 
-0.1108993 0.5729103 0.3887247 
-0.1169239 0.5851561 0.370622 
-0.113113 0.552717 0.4026963 
-0.1127831 0.59194 0.34125 
-0.111293 0.5941541 0.355 
-0.09999999 0.5067921 0.4463385 
-0.09882792 0.5143921 0.4348011 
-0.105 0.5209621 0.435 
-0.105406 0.5353258 0.4157135 
-0.09999999 0.565 0.3994597 
-0.08783826 0.4888905 0.4574501 
-0.09469704 0.5246709 0.4248858 
-0.09428687 0.535 0.4242093 
-0.08471619 0.597082 0.3752626 
-0.09246166 0.6036299 0.3601235 
-0.08513593 0.5048711 0.4445909 
-0.085 0.5120941 0.4329839 
-0.085 0.525 0.4271089 
-0.08166946 0.5394182 0.4272173 
-0.08587483 0.55529 0.4152466 
-0.08017986 0.5646504 0.4048068 
-0.07879525 0.5804454 0.3935207 
-0.08359493 0.6128869 0.3428823 
-0.07354059 0.5033605 0.4440726 
-0.07386611 0.5132405 0.4342687 
-0.075 0.525 0.428968 
-0.07266142 0.543337 0.424191 
-0.06305902 0.5630511 0.4163738 
-0.06625 0.618588 0.3375 
-0.065 0.4928761 0.465 
-0.06075005 0.5060586 0.4525699 
-0.0608263 0.5197853 0.440519 
-0.05941195 0.535 0.4405233 
-0.06515485 0.5750593 0.4050542 
-0.05487406 0.5047745 0.4643554 
-0.05472571 0.5443405 0.4347406 
-0.04968365 0.558609 0.4343672 
-0.05444875 0.5947815 0.394704 
-0.05363265 0.6030733 0.3831261 
-0.05032455 0.5098398 0.4871667 
-0.04835533 0.5243562 0.4622841 
-0.0454704 0.5361941 0.4880313 
-0.04205671 0.5734552 0.4309375 
-0.045 0.5864887 0.4064459 
-0.0375 0.5973663 0.3953391 
-0.05064 0.6152305 0.3705077 
-0.0486508 0.618564 0.3532569 
-0.0436852 0.55125 0.4925 
-0.03996294 0.5734375 0.461875 
-0.04001409 0.575 0.445 
-0.03493299 0.5844703 0.4046246 
-0.030625 0.578436 0.4225 
-0.03478396 0.5864017 0.470266 
-0.03503388 0.6012003 0.4938227 
-0.025 0.6056536 0.3863811 
-0.01363301 0.6141378 0.3736619 
-0.01917054 0.5865518 0.4126769 
-0.02317984 0.5868728 0.4572877 
-0.0220174 0.6045203 0.4848709 
-0.0165625 0.6194607 0.34375 
-0.01 0.5891103 0.4575 
-0.01264874 0.5972382 0.471112 
-0.015 0.5974967 0.395 
0.07352008 0.815 -0.4893002 
0.09664472 0.8137859 -0.5143875 
0.09 0.8192096 -0.495 
0.11 0.8088212 -0.535 
0.115 0.8163477 -0.515 
0.125 0.8196195 -0.515 
0.125 0.8223825 -0.5 
0.135 0.820134 -0.5075 
0.135 0.8244216 -0.485 
0.1438504 0.8137881 -0.5168929 
0.1469074 0.8159236 -0.4975 
0.1465592 0.8166278 -0.485 
0.01531283 -0.6227211 0.161239 
0.02652987 -0.6246897 0.1905354 
0.04375 -0.6233767 0.196261 
0.03848234 -0.6129013 0.1766046 
0.06132478 -0.6168308 0.1903773 
0.06235803 -0.6079394 0.1754665 
0.075 -0.6083816 0.185 
0.08513964 -0.5955766 0.1684736 
0.105 -0.6145931 0.2054234 
0.11282 -0.595499 0.1812741 
0.12034 -0.6275595 0.2276867 
0.1131196 -0.6150433 0.2049293 
0.1194265 -0.5827643 0.1667758 
0.1270539 -0.6070822 0.2071258 
0.1357523 -0.612591 0.2276174 
0.1550096 -0.5984111 0.2286679 
0.1386809 -0.5698265 0.1787387 
0.1621347 -0.6171893 0.2597644 
0.1605457 -0.5631624 0.1970422 
0.1486604 -0.5185131 0.1412398 
0.1646006 -0.624575 0.275 
0.1661421 -0.5757152 0.2142716 
-0.148248 -0.1416723 -0.01256628 
-0.1365293 -0.1444887 -0.0253435 
-0.1263663 -0.1163039 -0.008895316 
-0.1354154 -0.1146182 -0.005444035 
-0.1068366 -0.1438719 -0.03580203 
-0.1073301 -0.1177114 -0.01557491 
-0.09389281 -0.1303404 -0.02888578 
-0.09 -0.147911 -0.0447385 
-0.07975622 -0.08579168 -0.007541109 
-0.09057191 -0.08532235 -0.004777905 
-0.06120637 -0.1025269 -0.02274614 
-0.05498097 -0.1450108 -0.04498997 
-0.04722359 -0.1288332 -0.03866089 
-0.04303982 -0.07655222 -0.01859968 
-0.04371686 -0.1450579 -0.05487453 
-0.03935566 -0.1365013 -0.0441156 
-0.02255896 -0.09021178 -0.02922381 
-0.025 -0.1338338 -0.04545578 
-0.0175 -0.1175 -0.03922606 
-0.02125 -0.06060415 -0.01678392 
-0.01875 -0.04291216 -0.006717938 
-0.015 -0.1301919 -0.04660325 
-0.00997636 -0.1044368 -0.03526781 
-0.015 -0.07606189 -0.02430679 
-0.01 -0.05518355 -0.01487446 
0.0225 -1.085 0.5099423 
0.02146014 -1.018136 0.4995452 
0.02548642 -0.9884319 0.4987318 
0.03435127 -1.068019 0.504298 
0.04018825 -1.037339 0.4971192 
0.05050607 -1.080563 0.5059133 
0.05 -1.015937 0.4923443 
0.06305425 -1.032558 0.4975146 
0.06069563 -0.9863384 0.4948528 
0.07 -1.09 0.5099365 
0.06375 -1.061786 0.5034165 
0.06640597 -1.0125 0.494101 
0.07146756 -0.9723293 0.5087169 
0.07100419 -1.095117 0.6020313 
0.0734491 -1.081121 0.5711181 
0.07490988 -1.075019 0.504993 
0.07554954 -1.059716 0.594375 
0.07667302 -1.058125 0.5041465 
0.07553645 -1.052545 0.6139882 
0.0749383 -1.031178 0.6228679 
0.08020326 -1.09875 0.52 
0.08052842 -1.076583 0.5368979 
0.08412748 -1.070053 0.515003 
0.08180832 -1.053823 0.5507353 
0.08555408 -1.045156 0.5132118 
0.08195443 -1.034708 0.5578634 
0.07735549 -1.03 0.57625 
0.07755534 -1.01875 0.5825 
0.07693543 -1.0175 0.61 
0.07745185 -1.02 0.6325 
0.08362669 -1.009576 0.5572261 
0.07917695 -1.003164 0.5805091 
0.08213717 -0.9917157 0.5158945 
0.08321679 -1.005 0.565 
0.07978977 -0.9975 0.63 
0.0850305 -0.9950368 0.5852497 
0.08148491 -0.995 0.595 
0.08142616 -0.9836878 0.600533 
0.08441372 -0.9816487 0.5694982 
0.0795906 -0.97625 0.61 
0.08433262 -0.97 0.5262803 
0.08468639 -0.975581 0.5758903 
0.07603729 -0.97 0.625 
0.08682647 -1.03 0.5325 
0.08712919 -1.02 0.515 
0.08781875 -1.009141 0.5315625 
0.08748474 -0.98625 0.53 
0.0871969 -0.985 0.585 
0.01302893 -1.210451 0.6543911 
0.01268647 -1.194629 0.6627802 
0.0126029 -1.175121 0.672249 
0 -1.163046 0.6816428 
0.01948014 -1.147737 0.6842469 
0.01217612 -1.136061 0.6926768 
0 -1.125 0.7001801 
0.0423636 -1.157911 0.6636677 
0.03498036 -1.133807 0.6814612 
0.05680401 -1.15298 0.6498154 
0.04811909 -1.11574 0.6726964 
-0.1682849 0.4992187 -0.5523088 
-0.1679998 0.5023202 -0.519723 
-0.1648447 0.5248685 -0.554853 
-0.1667685 0.5300785 -0.5397021 
-0.1619412 0.5275 -0.52 
-0.1612126 0.545 -0.535 
0.1750923 -0.7777067 0.8708687 
0.174329 -0.7599111 0.7999226 
0.165 -0.765 0.8716787 
0.1685748 -0.7556506 0.8202532 
0.1725 -0.7513519 0.8660573 
0.1762969 -0.7413601 0.8178248 
0.1678902 -0.7405618 0.8374642 
0.1725 -0.7413546 0.8577897 
0.175 -0.7303097 0.845 
0.1861195 -0.7836338 0.8650205 
0.1897004 -0.7426762 0.8556405 
0.1850621 -0.7251015 0.8253675 
0.1837609 -0.7237326 0.835 
0.185 -0.7255676 0.8436736 
0.196886 -0.7932984 0.8415107 
0.1968614 -0.7647238 0.8504122 
0.197247 -0.7303626 0.8455682 
0.195 -0.7159418 0.832855 
0.2040641 -0.745 0.843966 
0.2071884 -0.7203639 0.8354675 
0.2033637 -0.7026756 0.8075 
0.205 -0.7056209 0.8236933 
0.2110747 -0.7841591 0.8100094 
0.2129227 -0.7624696 0.8250022 
0.2139615 -0.74 0.8336185 
0.216731 -0.7105101 0.8254994 
0.2121235 -0.6928955 0.805 
0.215 -0.6957873 0.8139564 
0.2204844 -0.74 0.825 
0.2288076 -0.7233643 0.8032873 
0.2230282 -0.725 0.825 
0.225 -0.715 0.8190567 
0.2266293 -0.7031963 0.815055 
0.225 -0.6862791 0.8013294 
0.2322589 -0.6975 0.8034086 
0.02088515 0.6589421 0.5611139 
0.002336443 0.6702164 0.5733181 
0.005461084 0.7029767 0.6177512 
0.03050211 0.6781496 0.5912486 
0.025 0.7134328 0.6366242 
0.03492847 0.700801 0.6228688 
0.04535285 0.6460217 0.5615647 
0.04470292 0.6639625 0.5855218 
0.04509912 0.6720878 0.599717 
0.04470037 0.7000022 0.6299183 
0.04753316 0.63625 0.575 
0.04738751 0.6487499 0.5925 
0.04701371 0.6510937 0.6089063 
0.05436425 -0.1704092 -0.2749414 
0.05393713 -0.1692737 -0.2264062 
0.05254362 -0.155 -0.2 
0.05597312 -0.1725924 -0.174375 
0.05136584 -0.15 -0.2175 
0.07340166 -0.2019447 -0.16049 
0.06390382 -0.1862856 -0.2872759 
0.06145719 -0.1849073 -0.1904912 
0.08453907 -0.1972151 -0.2659177 
0.07430053 -0.1990935 -0.2151562 
0.09304144 -0.2054041 -0.2073249 
0.0875 -0.2092508 -0.155625 
0.09206253 -0.1945419 -0.290499 
0.085 -0.2018605 -0.23 
0.113684 -0.2090119 -0.1688304 
0.1194037 -0.1856433 -0.2837389 
0.134698 -0.1956443 -0.18659 
0.1286707 -0.1834982 -0.2608407 
0.1295288 -0.186686 -0.2436825 
0.1273378 -0.1761803 -0.2913043 
0.1362036 -0.1867384 -0.2225 
0.1302526 -0.165 -0.3 
0.1336687 -0.1576757 -0.2904896 
0.1406474 -0.1747098 -0.2356129 
0.140563 -0.1578207 -0.2574152 
0.1532072 -0.1817765 -0.1605069 
0.1504008 -0.1615465 -0.2031843 
0.1594335 -0.1659375 -0.16 
-0.2556581 0.376681 0.1230816 
-0.2546136 0.3688384 0.1425158 
-0.2561339 0.396387 0.142439 
-0.2560409 0.4168523 0.1117172 
-0.2557882 0.4175 0.13875 
-0.2549534 0.4448425 0.141057 
-0.2444524 0.369346 0.09167568 
-0.2438854 0.3853807 0.08315507 
-0.2449064 0.4101295 0.08137891 
-0.2449012 0.4352787 0.07224582 
-0.2497036 0.4423906 0.1033954 
-0.2457011 0.4479566 0.08864537 
-0.2373484 0.4668147 0.1388129 
-0.2381152 0.3548403 0.1071569 
-0.2331354 0.3711099 0.06284022 
-0.238008 0.3946395 0.06395051 
-0.2368684 0.4227905 0.05194151 
-0.2324995 0.4516451 0.05209279 
-0.2385257 0.4603606 0.0911808 
-0.2320396 0.340159 0.1347885 
-0.2273447 0.3474265 0.09154097 
-0.2281547 0.3826484 0.04381134 
-0.2265056 0.38465 0.02976252 
-0.2266452 0.4045312 0.02896437 
-0.2211792 0.4486538 0.01287471 
-0.2251493 0.4751663 0.074389 
-0.2184138 0.3564413 0.04878922 
-0.2139549 0.3757161 0.01487542 
-0.220894 0.3996875 0.01101562 
-0.2155261 0.4634011 0.01101166 
-0.2127033 0.4778906 0.05009526 
-0.2106433 0.3430918 0.05872235 
-0.2079051 0.4699929 0.004109448 
-0.1896325 0.3335901 0.03583559 
-0.1927894 0.3415921 0.02635136 
-0.19937 0.3602761 0.007220061 
-0.1726673 0.3334528 0.01455357 
-0.265007 -0.3152203 0.1742265 
-0.2567727 -0.4617963 0.1870376 
-0.2509883 -0.4629188 0.2249872 
-0.257631 -0.4171875 0.2346875 
-0.2560224 -0.401284 0.2509969 
-0.2592648 -0.3823437 0.1907813 
-0.2599475 -0.350625 0.1996875 
-0.2550649 -0.3387907 0.2641085 
-0.261179 -0.33 0.1825 
-0.2600746 -0.3386914 0.2257617 
-0.2646145 -0.325 0.205 
-0.2564156 -0.3138308 0.185 
-0.2582631 -0.309713 0.1975347 
-0.2622558 -0.315 0.2242989 
-0.2456034 -0.4667139 0.2474286 
-0.2506506 -0.4252146 0.2612773 
-0.2503496 -0.405 0.27 
-0.2422694 -0.3807741 0.2932767 
-0.2521236 -0.3727608 0.2653221 
-0.2487396 -0.3549321 0.2824023 
-0.2493268 -0.3386998 0.2794069 
-0.2453097 -0.3496427 0.3060572 
-0.2497959 -0.32 0.265 
-0.2461212 -0.3207348 0.2868882 
-0.2354599 -0.4777285 0.2670439 
-0.2351242 -0.4473597 0.2978413 
-0.2359917 -0.4310797 0.3109203 
-0.2320098 -0.438364 0.3275588 
-0.2380144 -0.4087875 0.3168204 
-0.2369423 -0.3657422 0.3215159 
-0.2404799 -0.35 0.315 
-0.2403454 -0.33 0.31375 
-0.2379935 -0.3135795 0.3050252 
-0.2256428 -0.4793041 0.295 
-0.2234434 -0.46524 0.318891 
-0.1657798 0.4546627 -0.5355561 
-0.1673102 0.4640807 -0.5469439 
-0.1709632 0.47 -0.535 
-0.1638436 0.4689646 -0.5170211 
-0.1613516 0.47 -0.5567884 
0.1714736 -0.6250579 0.3020144 
0.1731853 -0.6102166 0.2740012 
0.1746713 -0.6111918 0.287479 
0.1754006 -0.5562897 0.2131418 
0.1702905 -0.5356358 0.1891388 
0.179608 -0.615 0.305 
0.1887394 -0.596998 0.302556 
0.1867047 -0.583128 0.2631266 
0.1826356 -0.5702293 0.2345583 
0.1877438 -0.5329888 0.2206371 
0.1957917 -0.5856001 0.2935711 
0.1921376 -0.5475 0.2357083 
0.1918005 -0.4920805 0.2099226 
0.1975517 -0.585 0.315 
0.1999962 -0.56625 0.28375 
0.1986173 -0.56 0.26 
0.2015232 -0.559375 0.3083594 
0.1994048 -0.538125 0.2540625 
0.2003966 -0.5320312 0.3116797 
0.1995912 -0.5153125 0.2721875 
0.1964573 -0.50625 0.30375 
0.1969625 -0.5059103 0.2413276 
0.1981658 -0.49 0.29 
-0.1388624 -0.6359602 -0.3102376 
-0.1283534 -0.6389362 -0.3414846 
-0.1260749 -0.6133593 -0.3244937 
-0.1096014 -0.628787 -0.3641554 
-0.1128279 -0.6044216 -0.3278916 
-0.1048202 -0.5907725 -0.3191779 
-0.095 -0.6332617 -0.3893865 
-0.09144676 -0.61219 -0.3545699 
-0.095 -0.600944 -0.3377103 
-0.08786458 -0.5893376 -0.3138132 
-0.07976145 -0.6239972 -0.369757 
-0.06470454 -0.6317316 -0.370227 
-0.06823353 -0.6247579 -0.3603922 
-0.06507245 -0.6152113 -0.3379732 
-0.06496718 -0.6075863 -0.3200392 
-0.05965586 -0.635 -0.36 
-0.05797841 -0.6388281 -0.3346875 
-0.06075978 -0.62 -0.32125 
0.01658571 0.5106263 0.5560811 
0.01391189 0.5398053 0.5891463 
0.005 0.5527649 0.6093691 
0.01912383 0.5685931 0.6234633 
-0.002515892 0.5673695 0.6202118 
0.02362079 0.5825185 0.637964 
-0.0002411242 0.5925391 0.653002 
0.01281302 0.6294123 0.5113709 
0.02722888 0.5216516 0.5634183 
0.03429211 0.5918414 0.6420152 
0.0308681 0.6266017 0.5163057 
0.04155866 0.5247979 0.5524305 
0.03973822 0.5424514 0.5745041 
0.04047056 0.5584379 0.5935215 
0.035 0.578942 0.625 
0.04648681 0.5030379 0.526275 
0.04563319 0.515 0.5367596 
0.04350282 0.5375491 0.565 
0.04481372 0.5656092 0.5840364 
0.04474765 0.5663568 0.595 
0.04563988 0.5828923 0.6072241 
0.04530042 0.5938509 0.5376368 
0.04587998 0.589991 0.5849862 
0.04547336 0.6008367 0.6429302 
0.04439224 0.600637 0.4974106 
0.03875706 0.615 0.505 
0.04448663 0.6204757 0.5250398 
0.05399968 0.4953073 0.4954771 
0.05106454 0.5149028 0.5034939 
0.04840575 0.55 0.53625 
0.04722753 0.551875 0.5675 
0.04780076 0.5675 0.5096875 
0.0465767 0.5725 0.525 
0.04748566 0.57375 0.573125 
0.04870771 0.575 0.495 
0.04639903 0.58375 0.4975 
0.04863001 0.58 0.555 
0.04644506 0.6 0.5175 
0.04713198 0.60375 0.568125 
0.04612777 0.6042969 0.5892187 
0.04854152 0.6026562 0.6221875 
0.0487877 0.6125 0.634375 
0.04592125 0.6121291 0.545625 
0.04736266 0.635 0.555 
-0.2018278 -0.1414099 0.34062 
-0.1980936 -0.1548364 0.37 
-0.1970054 -0.1521261 0.3877966 
-0.2001563 -0.1098193 0.3275526 
-0.1896279 -0.1174492 0.389737 
-0.1944827 -0.09128498 0.3268006 
-0.1833485 -0.1459455 0.3990782 
-0.1924701 -0.13 0.375 
-0.1901788 -0.1175 0.36 
-0.1898214 -0.1079803 0.3756607 
-0.1833731 -0.0975 0.39305 
-0.1861133 -0.08898064 0.3800851 
-0.1857058 -0.06131225 0.328261 
-0.175815 -0.1287074 0.4057812 
-0.1745945 -0.108487 0.4041848 
-0.1829605 -0.075 0.3615625 
-0.1745239 -0.08456255 0.4036131 
-0.1820325 -0.0675 0.375 
-0.1778072 -0.06976448 0.3968019 
-0.1799035 -0.05125 0.38875 
-0.1750136 -0.05101848 0.4050477 
-0.1815314 -0.025625 0.3301562 
-0.1782123 -0.026875 0.365 
-0.1768784 -0.02625 0.3937769 
-0.175 -0.015 0.3998693 
-0.1653555 -0.14413 0.4180069 
-0.164029 -0.10625 0.4119997 
-0.165 -0.0575 0.4086547 
-0.1667871 -0.0325 0.4060961 
-0.1661307 -0.01405272 0.4051091 
0.008159396 -1.008608 0.8440229 
0.0075 -0.9789539 0.8675255 
0.02603327 -1.005511 0.8453978 
0.03764747 -0.9850604 0.8487514 
0.03835848 -1.03564 0.816235 
0.035 -1.011234 0.8337134 
0.04785575 -1.010623 0.8289229 
0.06293423 -1.001817 0.8215117 
0.06387115 -0.9775407 0.8343352 
0.07728529 -0.985 0.8176667 
0.095 -0.9576402 0.815 
0.1044426 -0.7819529 0.4894312 
0.115121 -0.7911087 0.5227464 
0.1161342 -0.7760503 0.5042624 
0.121474 -0.7619525 0.485 
0.1151969 -0.7652537 0.495 
0.1235524 -0.761064 0.505 
0.1258273 -0.7558932 0.495 
0.135 -0.7918102 0.595 
0.131173 -0.785 0.6 
0.1348286 -0.7889892 0.610225 
0.1347102 -0.7742662 0.575 
0.1342961 -0.7702667 0.5888799 
0.1335922 -0.7630126 0.5489337 
0.1351075 -0.7459011 0.4928585 
0.1463073 -0.7866013 0.59 
0.1472381 -0.78605 0.608527 
0.1405124 -0.775 0.621571 
0.1448871 -0.7620989 0.6264602 
0.1406306 -0.7559578 0.599375 
0.1443626 -0.7496065 0.610371 
0.1394144 -0.7432631 0.5178178 
0.144394 -0.7396611 0.57 
0.1549214 -0.7844822 0.5649035 
0.1551266 -0.7753661 0.5922276 
0.1552753 -0.7750984 0.6188881 
0.1533066 -0.775 0.625 
0.155 -0.7713128 0.635 
0.1500861 -0.765 0.635 
0.1470612 -0.7356006 0.551875 
0.1495949 -0.7215872 0.4932195 
0.1494275 -0.7217117 0.5431467 
0.1488985 -0.72 0.57125 
0.1479874 -0.726875 0.6021875 
0.1530443 -0.6989446 0.6010794 
0.1549825 -0.6947135 0.57783 
0.155257 -0.6588084 0.6275 
0.165 -0.785 0.5577933 
0.1633835 -0.775 0.5610325 
0.1653404 -0.7629524 0.5637593 
0.161496 -0.765 0.575 
0.1651873 -0.7578984 0.5900533 
0.1579175 -0.6992188 0.4916406 
0.1570995 -0.7025 0.53 
0.159775 -0.695 0.495 
0.1578494 -0.68875 0.5071875 
0.1639093 -0.685 0.495 
0.1597076 -0.6794202 0.5487455 
0.1576506 -0.6801562 0.5970313 
0.1611114 -0.6671546 0.4852825 
0.1636142 -0.6678964 0.500625 
0.1639321 -0.6681522 0.5325 
0.1615078 -0.666875 0.5676879 
0.1575979 -0.6575 0.6025 
-0.2354437 -0.395 -0.008912464 
-0.226396 -0.4245232 -0.01439298 
-0.2250333 -0.4011929 -0.02504274 
-0.227112 -0.385 -0.01761672 
-0.225222 -0.3742381 -0.01536412 
-0.2253776 -0.3746151 -0.005 
-0.2184851 -0.455 -0.005 
-0.217064 -0.4432561 -0.02009524 
-0.2094003 -0.4223882 -0.04613623 
-0.215751 -0.3788791 -0.02886929 
-0.2157827 -0.3624696 -0.015 
-0.2201272 -0.365 -0.005 
-0.2143402 -0.325 -0.02408514 
-0.2028164 -0.4001977 -0.04783604 
-0.2038957 -0.38 -0.04403669 
-0.1990355 -0.3574501 -0.03719671 
-0.2052661 -0.3399417 -0.03253308 
-0.2052022 -0.317368 -0.03527192 
-0.1988022 -0.4425 -0.06052566 
-0.1911872 -0.3764087 -0.05190285 
-0.1951332 -0.3354532 -0.04523606 
-0.1861871 -0.4459611 -0.07771011 
-0.1865639 -0.3972962 -0.06126169 
-0.184478 -0.34875 -0.05365304 
-0.1776225 -0.4559849 -0.09167182 
-0.1685976 -0.4183358 -0.08169062 
-0.1739728 -0.3976153 -0.07012837 
-0.1705777 -0.375 -0.06243601 
-0.168308 -0.3584375 -0.0653846 
-0.1736242 -0.3375 -0.06352324 
-0.1510486 -0.4283781 -0.1067747 
-0.165 -0.3375 -0.06932922 
-0.1544334 -0.4006501 -0.08166738 
-0.1572018 -0.3838941 -0.07348892 
-0.1543812 -0.3741266 -0.07480837 
-0.04728051 0.8083603 0.8181369 
-0.04753681 0.8313071 0.8613573 
-0.04957156 0.80625 0.89 
-0.04737514 0.7971827 0.9375256 
-0.04731862 0.8352002 0.9228069 
-0.04351448 0.8385146 0.8151054 
-0.04853902 0.835 0.9 
-0.0471811 0.8407961 0.94 
-0.04228083 0.8531268 0.899375 
-0.03618012 0.8480489 0.7976034 
-0.0380333 0.8620082 0.8374057 
-0.04043977 0.8625 0.863125 
-0.04112433 0.85625 0.9559375 
-0.03384862 0.8635635 0.8250697 
-0.03535153 0.8753934 0.8813958 
-0.025 0.8720484 0.835 
-0.02441091 0.8849179 0.9260007 
-0.02433008 0.8849052 0.9439185 
-0.008125 0.8632951 0.8073094 
-0.008122422 0.8734431 0.8301739 
-0.007712563 0.8799504 0.8521566 
-0.01082619 0.884432 0.8908929 
-0.015 0.8875437 0.93125 
0.0034375 0.8891032 0.914375 
0.01222473 0.8802658 0.8426696 
-0.2580192 -0.305 0.205 
-0.2579497 -0.2996419 0.2268194 
-0.2534155 -0.3009721 0.2465753 
-0.2467015 -0.3006855 0.185 
-0.2467362 -0.3029711 0.26274 
-0.2448344 -0.2916435 0.165 
-0.2411214 -0.2838123 0.1760188 
-0.2436762 -0.2970727 0.195 
-0.2451532 -0.2933942 0.2098472 
-0.2391478 -0.2865758 0.2343614 
-0.2426012 -0.305 0.29 
-0.2368622 -0.292698 0.2718128 
-0.235967 -0.2812038 0.2075158 
-0.2346384 -0.2159542 0.1799969 
-0.2316853 -0.2175341 0.2087917 
-0.2351418 -0.187817 0.2080663 
-0.2305827 -0.1695653 0.2104657 
-0.2304216 -0.295 0.31 
-0.2266523 -0.2842559 0.27125 
-0.2255006 -0.2839504 0.2940143 
-0.2292498 -0.27 0.20625 
-0.2259424 -0.2676633 0.2269146 
-0.2234755 -0.2757183 0.2563435 
-0.2283402 -0.2498828 0.1742187 
-0.2268791 -0.2303434 0.2262555 
-0.2214413 -0.2300432 0.3044731 
-0.222233 -0.2278442 0.2947576 
-0.2252875 -0.2076881 0.2989454 
-0.2313275 -0.19375 0.161875 
-0.2328919 -0.2025 0.229375 
-0.2238691 -0.1940736 0.261694 
-0.2248147 -0.2002692 0.3098695 
-0.2317783 -0.185 0.195 
-0.2294915 -0.1793109 0.2385156 
-0.2236903 -0.1769123 0.2859366 
-0.2279336 -0.175 0.16375 
-0.2323409 -0.175 0.195 
-0.2262067 -0.1662666 0.25663 
-0.2191378 -0.2790444 0.325 
-0.2189655 -0.265625 0.2821875 
-0.2199769 -0.2725318 0.3099395 
-0.2209764 -0.2542188 0.2440625 
-0.2180535 -0.2492541 0.2992612 
-0.2158465 -0.2547489 0.3098361 
-0.2190433 -0.2315625 0.25875 
-0.2166423 -0.23625 0.2725 
-0.2171436 -0.23 0.285 
-0.2192009 -0.2159375 0.3207318 
-0.2179936 -0.20875 0.27 
-0.220257 -0.215 0.285 
-0.223969 -0.195 0.315 
-0.2160476 -0.1852267 0.3196816 
-0.2221063 -0.18 0.295 
-0.2175481 -0.1775579 0.3049561 
-0.2232514 -0.1675 0.275 
-0.2174618 -0.165 0.295 
-0.2199168 -0.145 0.19 
-0.2176668 -0.1454841 0.2119007 
-0.2219692 -0.148764 0.2631066 
-0.2115404 -0.2572266 0.330896 
-0.2075896 -0.1699147 0.3424741 
-0.2100303 -0.15 0.305 
0.2244559 -0.2372829 0.3278528 
0.2190497 -0.2216096 0.3169372 
0.2174833 -0.2075 0.32375 
0.2226484 -0.1980302 0.305 
0.2256665 -0.192146 0.2872062 
0.2236463 -0.18375 0.3193282 
0.2232554 -0.1775 0.2882579 
0.2240911 -0.1703276 0.2695543 
0.2238639 -0.1674944 0.293679 
0.2221745 -0.175 0.325 
0.218966 -0.165 0.305 
0.2383665 -0.2518739 0.3315103 
0.242424 -0.2286745 0.2927813 
0.2341602 -0.2099496 0.2890344 
0.2399028 -0.1971841 0.274118 
0.2321075 -0.1778831 0.2592769 
0.234429 -0.1649286 0.2411269 
0.2272717 -0.165 0.255 
0.2350171 -0.1647026 0.225 
0.2422373 -0.215 0.2806357 
0.2457474 -0.1942894 0.2657229 
0.2456385 -0.189296 0.2482605 
0.2404798 -0.1748171 0.2300792 
0.2428109 -0.1657562 0.2126184 
0.2496705 -0.3 0.33 
0.2536626 -0.283125 0.3197234 
0.2524303 -0.27 0.3247088 
0.2570563 -0.2674673 0.315723 
0.2559038 -0.2413124 0.2963203 
0.2549748 -0.2182101 0.2699662 
0.2525214 -0.204707 0.2607011 
0.2555403 -0.188182 0.2320896 
0.2542865 -0.1717029 0.2022159 
0.2627059 -0.2830869 0.2948546 
0.26627 -0.2673297 0.1788798 
0.2633765 -0.249954 0.2921618 
0.2639505 -0.245 0.1793446 
0.262937 -0.2324631 0.2751661 
0.2624664 -0.2232825 0.2588942 
0.2654203 -0.2113118 0.2383311 
0.2608146 -0.189898 0.2178285 
0.2652887 -0.1883564 0.19125 
0.2596005 -0.175 0.18 
0.2678527 -0.291875 0.21 
0.2666926 -0.2875 0.1871875 
0.2671376 -0.2628125 0.2770312 
0.268818 -0.2450781 0.2273047 
0.2681343 -0.23625 0.25625 
0.2693667 -0.22125 0.2 
0.2676544 -0.2 0.18875 
0.2692797 -0.205 0.215 
0.02546818 -0.7904831 0.3999694 
0.04025974 -0.758259 0.3478614 
0.06326105 -0.7724821 0.3863766 
0.0746212 -0.78866 0.4254373 
0.07080729 -0.7571698 0.3603858 
0.0700824 -0.7472112 0.3405083 
0.07690056 -0.7696233 0.3912106 
0.09069449 -0.7583053 0.39 
0.09451834 -0.7929327 0.4691873 
0.09366711 -0.7722557 0.4302156 
0.09548063 -0.7460722 0.3699312 
0.09652073 -0.7344868 0.3497682 
0.1060691 -0.7565091 0.4135166 
0.1066835 -0.7465689 0.395 
0.1089609 -0.7365226 0.36763 
0.1104554 -0.715762 0.3337688 
0.11287 -0.7664896 0.4660408 
0.1127877 -0.7425331 0.405 
0.1198043 -0.7346047 0.3947939 
0.1236859 -0.7427387 0.4317895 
0.1299053 -0.7018341 0.3405807 
0.1376514 -0.7038304 0.3728552 
0.137993 -0.721457 0.4231476 
0.148178 -0.7190809 0.4652782 
0.1506853 -0.6765559 0.3456819 
0.1519677 -0.6990868 0.4258685 
0.1550183 -0.7050298 0.4448574 
0.1535603 -0.6877705 0.3879468 
0.1622404 -0.69 0.4575 
0.1654772 -0.6851994 0.4450445 
0.1578318 -0.68 0.475 
0.1611347 -0.6718098 0.3813608 
0.1664234 -0.6744756 0.4205667 
0.1645697 -0.6728781 0.4631269 
0.1611483 -0.6627504 0.3611225 
0.1643238 -0.6581638 0.4710236 
-0.04336068 0.7482355 0.8422163 
-0.04455357 0.7541953 0.8639523 
-0.0466399 0.7727928 0.8300716 
-0.04850358 0.775 0.8512501 
-0.04577796 0.7628913 0.8849211 
-0.04885252 0.781875 0.8920313 
-0.04625307 0.7748795 0.9266348 
-0.04065586 0.74375 0.81625 
-0.03528684 0.7336977 0.8295321 
-0.02864668 0.7541487 0.9039935 
-0.03092687 0.7637731 0.9655334 
-0.01860361 0.733912 0.8528315 
-0.01462452 0.7229192 0.8298625 
-0.004836607 0.743607 0.8952062 
-0.015 0.7580191 0.94 
0.002888309 0.7165962 0.8270799 
0.005836693 0.73455 0.8768039 
-0.003843842 0.7558548 0.971875 
0.01238888 0.7468938 0.9307078 
-0.2150511 -0.1297997 0.20292 
-0.2160858 -0.1282066 0.2340127 
-0.2143397 -0.1251454 0.2610444 
-0.2201922 -0.1194386 0.1789975 
-0.209096 -0.1201223 0.2890669 
-0.2130655 -0.115625 0.2140625 
-0.2055282 -0.1172302 0.3121144 
-0.2095256 -0.1057556 0.2500935 
-0.2099395 -0.1070368 0.295 
-0.2108986 -0.08978647 0.2171094 
-0.2125357 -0.0825 0.18 
-0.2053234 -0.09102682 0.285 
-0.2020902 -0.06224429 0.2335205 
-0.2050829 -0.07283787 0.2554339 
-0.2125913 -0.055 0.175 
-0.205438 -0.05485269 0.2119731 
-0.2065466 -0.02897129 0.1820794 
-0.2061486 -0.0125 0.1763849 
-0.2033299 -0.0825 0.27 
-0.1977804 -0.07853579 0.3026983 
-0.2012023 -0.06375 0.26875 
-0.199977 -0.05735284 0.2779508 
-0.1955041 -0.05306035 0.2870189 
-0.1948309 -0.02768294 0.2607933 
-0.2012951 -0.01 0.185 
-0.1987434 -0.008125 0.200618 
-0.1987222 0.01309038 0.1780598 
-0.1947368 0.013125 0.210683 
-0.1905949 -0.05507093 0.3021875 
-0.1906832 -0.03 0.28 
-0.1902176 -0.02 0.2325 
-0.1872391 -0.01387607 0.2926794 
-0.1922475 -0.01 0.275 
-0.1900227 0.00125 0.22 
-0.1889848 -0.0025 0.244375 
-0.191137 0.0025 0.26625 
-0.1831175 -0.025 0.315 
0.1698499 -0.631875 0.5040625 
0.1665406 -0.635 0.53 
0.1719056 -0.615 0.495 
-0.1729399 0.02054755 0.1466611 
-0.1707545 0.04113181 0.158473 
-0.175 0.0577129 0.165 
-0.1623909 0.05748383 0.1589389 
-0.1591614 0.015 0.125 
-0.159844 0.025 0.135 
-0.1965862 0.02998933 0.1850189 
-0.1936229 0.03690258 0.2094085 
-0.193528 0.06048412 0.2135223 
-0.1943308 0.08334129 0.2239434 
-0.1947809 0.08641443 0.2032662 
-0.1962794 0.1013113 0.2296412 
-0.1950315 0.10875 0.2113904 
-0.1971766 0.1267637 0.232372 
-0.1943883 0.1301305 0.2156978 
-0.1931994 0.1338005 0.2582718 
-0.1959927 0.1578125 0.2213571 
-0.2018422 0.1642186 0.2391807 
-0.1951826 0.1756146 0.2793214 
-0.1894775 0.0234375 0.2340625 
-0.1842615 0.03179738 0.2724041 
-0.1887649 0.03564446 0.1774163 
-0.1857082 0.03959074 0.2592779 
-0.1850777 0.03626022 0.2847185 
-0.1881811 0.05375 0.235 
-0.1840955 0.06373741 0.1793386 
-0.191406 0.055 0.195 
-0.1864144 0.06716334 0.2577406 
-0.1877449 0.08215219 0.194797 
-0.1889516 0.09999999 0.26625 
-0.1843485 0.1155535 0.292569 
-0.180915 0.1184516 0.1971317 
-0.1896611 0.115 0.2525 
-0.1864442 0.1239591 0.2792546 
-0.1866368 0.15375 0.2124286 
-0.1912776 0.145 0.27 
-0.180701 0.04 0.3 
-0.1816817 0.055 0.2925 
-0.1754064 0.05706683 0.3157868 
-0.1750559 0.06507111 0.1748784 
-0.1776323 0.07375 0.3028929 
-0.1756781 0.08724389 0.1844059 
-0.1780199 0.1031093 0.3074068 
-0.1729682 0.13125 0.1904676 
-0.1631821 0.1012967 0.173465 
-0.1660218 0.16 0.1821012 
-0.145 -0.7887516 0.6025 
-0.145 -0.7814739 0.625 
-0.1512908 -0.775 0.635 
-0.1447365 -0.7699409 0.6245813 
-0.1460573 -0.7406445 0.6012287 
-0.1482961 -0.73 0.6025 
-0.1498975 -0.72 0.625 
-0.1494886 -0.715 0.48375 
-0.1504314 -0.7 0.585 
-0.1526491 -0.665 0.625 
-0.1542121 -0.655 0.615 
-0.1348966 -0.7853174 0.6052399 
-0.143164 -0.785 0.615 
-0.1390293 -0.7675 0.6070955 
-0.1354746 -0.7646965 0.5810707 
-0.1333946 -0.7551385 0.5403901 
-0.1425942 -0.7399986 0.5611705 
-0.1321998 -0.785 0.59 
-0.1209489 -0.7845567 0.5419449 
-0.1255907 -0.7675353 0.5323424 
-0.1136787 -0.7702803 0.4872324 
-0.1120764 -0.7763639 0.5000622 
0.02268492 0.7115606 0.8177438 
0.01985552 0.7150107 0.82999 
0.02680443 0.7248486 0.8496342 
0.02124023 0.742563 0.9150017 
0.025 0.7319455 0.875 
0.03298941 0.7411404 0.9008504 
0.031875 0.7473502 0.9325 
0.04 0.7210379 0.825 
0.05127092 0.7398096 0.8743791 
0.06166362 0.750246 0.9092865 
0.06652978 0.7243215 0.8161653 
0.065 0.7300622 0.83 
0.06600896 0.7413865 0.8612977 
0.07274026 0.7417901 0.8275 
0.07048677 0.735 0.835 
0.07442763 0.7465678 0.845 
0.07449299 0.7460481 0.855 
0.07560352 0.7535252 0.8725502 
0.07274567 0.75827 0.9088619 
0.07287689 0.769375 0.9364261 
0.07467949 0.7938797 0.9392481 
0.07708795 0.7621093 0.8233594 
0.07777977 0.7725 0.88375 
0.07669933 0.765 0.915 
0.07795375 0.7852895 0.9093964 
0.08287428 0.799342 0.8472944 
0.1762771 -0.4058892 0.1080806 
0.1753846 -0.3880702 0.09116833 
0.1801365 -0.4263414 0.1375357 
0.1808255 -0.3714272 0.07701121 
0.1887291 -0.3350069 0.04303292 
0.1955167 -0.4054827 0.1437243 
0.194605 -0.3909879 0.1358442 
0.1954239 -0.3805268 0.1188081 
0.1930029 -0.3828827 0.125 
0.1961751 -0.3653144 0.093973 
0.1951515 -0.3350862 0.04491091 
0.2044034 -0.3951706 0.1478748 
0.2027442 -0.37056 0.1097087 
0.2112477 -0.3565845 0.09980024 
0.2056123 -0.3506736 0.07997831 
0.2041565 -0.3307265 0.05717142 
0.2153071 -0.3854779 0.1506129 
0.2157266 -0.3660318 0.1197867 
0.2155402 -0.3377002 0.0860606 
0.2233205 -0.3560918 0.1371177 
0.221014 -0.3489285 0.1171738 
0.2288904 -0.3375 0.1360137 
0.2360858 -0.3345897 0.1508271 
-0.1421503 -0.9073977 0.7311471 
-0.1507044 -0.8839411 0.7712423 
-0.1480928 -0.8793291 0.7037538 
-0.1533191 -0.8841085 0.73 
-0.155575 -0.8748115 0.7329267 
-0.1467222 -0.8645412 0.6732509 
-0.1559866 -0.8561091 0.6625 
-0.155 -0.8579985 0.685 
-0.1349134 -0.9197445 0.750697 
-0.1356877 -0.9065933 0.6922743 
-0.1423592 -0.9027973 0.7773595 
-0.1392953 -0.8935342 0.6884843 
-0.1375457 -0.885 0.685 
-0.1383276 -0.875 0.675 
-0.1256879 -0.94 0.7547449 
-0.1248629 -0.9402492 0.7194437 
-0.121347 -0.9484835 0.73625 
-0.1258342 -0.9299641 0.7693829 
-0.121395 -0.9053167 0.6674306 
-0.1259974 -0.8953665 0.6540725 
-0.1279999 -0.885 0.655 
-0.1195276 -0.9259186 0.6812454 
-0.1052222 -0.9323836 0.6588967 
-0.1325455 0.5395623 -0.4432544 
-0.1366632 0.5610126 -0.44875 
-0.1341284 0.5670996 -0.4168425 
-0.1251075 0.5287486 -0.4373537 
-0.1269941 0.5622903 -0.3893773 
-0.132401 0.5805469 -0.4007617 
-0.1309403 0.575 -0.375 
-0.1241018 0.5697848 -0.3401681 
-0.1285512 0.5978258 -0.4206513 
-0.1315217 0.585 -0.31875 
-0.1151994 0.5019873 -0.4568292 
-0.114999 0.5241532 -0.426286 
-0.1156087 0.5490863 -0.3785609 
-0.112922 0.5570436 -0.34125 
-0.1161121 0.6229547 -0.4079486 
-0.1202437 0.626596 -0.3607757 
-0.1171678 0.6448568 -0.3078615 
-0.09754829 0.5052188 -0.4580196 
-0.09523088 0.5238164 -0.4292988 
-0.1024664 0.5381257 -0.3971061 
-0.105 0.5482157 -0.37 
-0.09950387 0.5534512 -0.3514931 
-0.110747 0.6166294 -0.4473233 
-0.1047633 0.6247736 -0.4347323 
-0.1047034 0.6346381 -0.4046477 
-0.1068053 0.6368216 -0.3925 
-0.08547837 0.5168797 -0.4525567 
-0.08675686 0.5329385 -0.4204814 
-0.09116673 0.546989 -0.3879248 
-0.09253752 0.5537444 -0.365 
-0.08863003 0.5618485 -0.3411773 
-0.095 0.6238763 -0.4411367 
-0.09 0.6304664 -0.4195865 
-0.08986308 0.6372188 -0.4013345 
-0.08388216 0.6222792 -0.4374303 
-0.085 0.6400815 -0.39 
-0.07178945 0.5445759 -0.4430951 
-0.07468413 0.5557206 -0.4056799 
-0.07330923 0.5739404 -0.3325 
-0.07636751 0.617812 -0.4305819 
-0.07792944 0.635 -0.395 
-0.06765893 0.5678125 -0.4239844 
-0.07364674 0.5655355 -0.3773916 
-0.06682303 0.5846254 -0.3546875 
-0.06742333 0.59125 -0.4376563 
-0.06573441 0.5932078 -0.3822671 
-0.06678754 0.595 -0.41625 
-0.06653561 0.6130236 -0.3854121 
-0.06361358 0.605 -0.37 
-0.06058118 0.615 -0.34625 
-0.1476741 0.19625 0.1507399 
-0.1461805 0.255 0.145 
-0.1445655 0.2752462 0.1257918 
-0.1424875 0.2843353 0.1020225 
-0.1291844 0.2270085 0.1333677 
-0.1379985 0.2470623 0.1400841 
-0.1323127 0.2689338 0.1250323 
-0.1275 0.2965466 0.06740611 
-0.1377335 0.3203367 0.018764 
-0.1267015 0.1772766 0.1246637 
-0.1189632 0.2059375 0.1287447 
-0.1188477 0.255 0.1285668 
-0.125 0.2753727 0.1154325 
-0.1170934 0.2883007 0.09328561 
-0.1161702 0.3040791 0.05654385 
-0.1079955 0.182445 0.1195501 
-0.1107071 0.2425 0.1266896 
-0.1155008 0.2652476 0.1217868 
-0.1148148 0.2949623 0.07493268 
-0.115 0.3209402 0.025 
-0.1048155 0.26014 0.1184469 
-0.09844844 0.2826848 0.1067537 
-0.09999999 0.2919136 0.09427085 
-0.09180657 0.2541612 0.1174735 
-0.09480242 0.3126584 0.05985066 
-0.06433345 0.2390477 0.1145352 
-0.08065664 0.2829622 0.1056935 
-0.08338722 0.2948313 0.09486414 
-0.08693291 0.3067292 0.08540486 
-0.0675 0.18 0.108677 
-0.0796503 0.2046598 0.1170623 
-0.06783331 0.2670464 0.1157191 
-0.075 0.275 0.1115959 
-0.075 0.3025 0.1000588 
-0.08076368 0.305 0.095 
-0.08142018 0.315 0.095 
-0.065 0.195 0.1120059 
-0.06372082 0.2856182 0.1054175 
-0.06441521 0.2942683 0.09393649 
-0.06256855 0.3109837 0.1004062 
-0.05173506 0.1925879 0.106287 
-0.05173289 0.223125 0.1100954 
-0.055 0.275 0.1107771 
-0.0502663 0.2834328 0.09626795 
-0.03520104 0.1902197 0.09885782 
-0.04417778 0.235 0.1053781 
-0.03652794 0.251334 0.1036289 
-0.03381723 0.2982449 0.08560506 
-0.035 0.31 0.08331625 
-0.025 0.175 0.09385252 
-0.025 0.195 0.09686752 
-0.02 0.2066176 0.1037499 
-0.02792564 0.21875 0.1074874 
-0.02375 0.2353516 0.108269 
-0.025 0.265 0.09937037 
-0.02444726 0.2847404 0.09331548 
-0.015 0.215 0.1115947 
-0.0125 0.231341 0.1111013 
-0.015 0.265 0.09718975 
-0.0151758 0.2838836 0.09724078 
-0.01302154 0.315 0.09413648 
-0.005 0.1865174 0.0947752 
-0.005 0.195 0.09607533 
-0.005 0.2625 0.1004393 
-0.005 0.29375 0.1023925 
-0.03966036 0.8311582 0.7903743 
-0.025 0.8579123 0.8037156 
-0.01658913 0.8467406 0.7827552 
0.01436848 0.86203 0.8026204 
0.1795998 0.02536981 0.1554842 
0.01687649 0.5956932 0.6585671 
0.01990856 0.6057838 0.6691992 
0.01000404 0.6213322 0.689482 
0.006201919 0.632814 0.703904 
0.03172708 0.6162394 0.6762931 
0.03569858 0.6045694 0.656161 
0.04155253 0.6276601 0.6852641 
-0.06576434 -1.008043 0.8161769 
-0.06727342 -0.9694867 0.8338127 
-0.05733684 -1.027708 0.8115048 
-0.04371947 -0.9970508 0.8384546 
-0.04876494 -0.97693 0.8443594 
-0.0355296 -1.029037 0.8236971 
-0.0225 -1.017156 0.8382874 
-0.01971238 -0.9814917 0.8638276 
-0.01944729 -0.9647512 0.8718657 
-0.0175 -1.030946 0.8237552 
0.08991323 0.250216 0.4739204 
0.08433308 0.28 0.4742377 
0.07926437 0.3325 0.4774123 
0.09455548 0.1759711 0.4741106 
0.09432444 0.23 0.4743577 
0.09365867 0.2709816 0.464062 
0.1018721 0.2944177 0.4668769 
0.1062887 0.32125 0.4660693 
0.09765965 0.19 0.475 
0.1051514 0.2011548 0.4664811 
0.1105146 0.2272166 0.4610136 
0.105 0.235 0.4690997 
0.1064492 0.2736037 0.4574876 
0.1140208 0.195 0.464174 
0.1153505 0.2076473 0.45642 
0.1164044 0.2649607 0.4495321 
0.1244804 0.1810938 0.4526279 
0.1335373 0.197845 0.4467818 
0.125 0.24 0.4471831 
0.1269274 0.261819 0.4454601 
0.1273727 0.3199469 0.4615213 
0.1374042 0.27875 0.4456296 
0.1400882 0.298239 0.4485957 
0.135 0.3212601 0.4562612 
0.1513251 0.21375 0.43834 
0.145 0.2425 0.440696 
0.1475821 0.2802479 0.4399531 
0.145201 0.3248351 0.4550761 
0.1561882 0.19 0.435758 
0.1558774 0.26 0.4357654 
0.1540684 0.2912134 0.4337268 
0.154157 0.31 0.438886 
0.1537603 0.3297982 0.4439795 
0.1626848 0.275 0.425 
-0.05761101 0.4867381 0.4881829 
-0.04334394 0.47875 0.5208833 
-0.04521673 0.5236896 0.5050787 
-0.04423127 0.536933 0.5200552 
-0.02816017 0.5070653 0.5470214 
-0.04328735 0.505 0.525 
-0.03970974 0.505 0.535 
-0.0397369 0.53125 0.546875 
-0.03991808 0.548125 0.56125 
-0.04276713 0.555 0.505 
-0.04144625 0.5612012 0.5281445 
-0.03867089 0.563125 0.571875 
-0.02863971 0.5529028 0.5883666 
-0.03544957 0.5660282 0.5895509 
-0.03936347 0.58 0.565 
-0.03538001 0.59 0.596344 
-0.03777182 0.590625 0.5248438 
-0.03594917 0.6000161 0.5643756 
-0.03520259 0.6068213 0.581283 
-0.03452116 0.6194623 0.5330619 
-0.025 0.5366796 0.5735474 
-0.02515684 0.5766761 0.6202314 
-0.0318556 0.5825 0.6075 
-0.03256017 0.593125 0.61625 
-0.02917631 0.5925 0.63 
-0.02422634 0.6087499 0.6517313 
-0.0197958 0.6123542 0.4951094 
-0.02645627 0.6155136 0.5042856 
-0.03297831 0.6199805 0.5733789 
-0.03230761 0.6175 0.6275 
-0.01947026 0.6239532 0.5125592 
-0.02341863 0.6322879 0.5284245 
-0.03136382 0.625 0.64 
-0.03054997 0.635 0.545 
-0.02729797 0.635 0.61 
-0.02776546 0.6401751 0.6273998 
-0.02068716 0.6480759 0.5496767 
-0.01 0.4899812 0.5447891 
-0.01231751 0.5285722 0.5701214 
-0.0117233 0.5470889 0.5902502 
-0.01411437 0.572443 0.6196898 
-0.01 0.643761 0.5378416 
-0.003914186 0.505132 0.5549109 
-0.0109919 0.589747 0.6419086 
-0.2352644 -0.3463911 0.3367204 
-0.2260084 -0.4498235 0.336553 
-0.2253225 -0.4371824 0.3656495 
-0.2278713 -0.42875 0.3475 
-0.2287811 -0.4057031 0.3524788 
-0.2302752 -0.3690625 0.345625 
-0.2258064 -0.3668092 0.3670331 
-0.2277442 -0.3424577 0.3525964 
-0.2242219 -0.33 0.364364 
-0.2267791 -0.3162242 0.3432786 
-0.2157546 -0.4576246 0.3701947 
-0.2186875 -0.43625 0.3760083 
-0.2146307 -0.4298857 0.3874608 
-0.2159252 -0.4062576 0.3962594 
-0.2225702 -0.3975 0.3775 
-0.2225044 -0.39 0.385 
-0.2199235 -0.3675 0.3801753 
-0.212815 -0.3424363 0.3902513 
-0.2165522 -0.3162301 0.3737163 
-0.205755 -0.4761495 0.345 
-0.205843 -0.4762235 0.355 
-0.2070586 -0.475 0.365 
-0.2006349 -0.4687766 0.3785207 
-0.2022858 -0.4515468 0.3945121 
-0.1983995 -0.4263797 0.4138091 
-0.2037419 -0.4024387 0.4107065 
-0.2075178 -0.3682882 0.4016371 
-0.2057142 -0.3338685 0.3959613 
-0.2038338 -0.2994601 0.386336 
-0.1955854 -0.4762586 0.3866572 
-0.1911894 -0.4647512 0.4028853 
-0.1908529 -0.4096518 0.4235147 
-0.1946091 -0.3731609 0.4146017 
-0.19004 -0.3595313 0.4228037 
-0.1979322 -0.3339449 0.4111789 
-0.1903882 -0.475 0.395 
-0.1894375 -0.475 0.41 
-0.1890695 -0.4801371 0.4281406 
-0.1865434 -0.4456519 0.4208454 
-0.1829526 -0.3871588 0.4243905 
-0.1858581 -0.3300892 0.4257857 
-0.1878152 -0.3109375 0.4175339 
-0.1774121 -0.4573154 0.4401547 
-0.181546 -0.475 0.445 
-0.1735596 -0.4756345 0.464387 
-0.173149 -0.4563657 0.4604032 
-0.1733976 -0.4475268 0.45 
-0.1715853 -0.4258164 0.4365253 
-0.1717768 -0.3351563 0.4424294 
-0.1658927 -0.464785 0.4744406 
-0.1655934 -0.4496956 0.4703092 
-0.1650651 -0.4368142 0.4502735 
-0.1601684 -0.4007653 0.4501274 
-0.15918 -0.3819308 0.449047 
-0.1654451 -0.3665416 0.4452738 
-0.1664041 -0.323125 0.4494013 
-0.1515572 -0.4504685 0.4785272 
-0.1498124 -0.4279063 0.4633557 
-0.1515548 -0.36 0.4607568 
-0.1477363 -0.345 0.4682938 
-0.1943831 0.4951179 0.3708056 
-0.1859366 0.5028368 0.3910675 
-0.1848896 0.5190952 0.3648732 
-0.1908354 0.52 0.33 
-0.1873702 0.5294808 0.32125 
-0.1780759 0.509496 0.394792 
-0.1756398 0.5265674 0.3856473 
-0.1809262 0.5350636 0.3541189 
-0.1757427 0.54545 0.3204018 
-0.1753542 0.5453119 0.3600754 
-0.1661067 0.4995292 0.4113025 
-0.1654736 0.5268049 0.3947074 
-0.166039 0.5468804 0.3761033 
-0.1641376 0.554248 0.3601272 
0.01797472 0.6126058 0.2020053 
0.02715094 0.6270807 0.232529 
0.02128734 0.6305844 0.2723438 
0.0225 0.6279799 0.3 
0.03432641 0.6094928 0.1825332 
0.03236771 0.6203046 0.2103845 
0.04225005 0.633247 0.2409347 
0.04019196 0.6333809 0.302069 
0.035 0.6374624 0.27 
0.04871899 0.6060584 0.1823702 
0.05 0.6375047 0.2625 
0.05 0.6381186 0.285 
0.06 0.6155669 0.1941955 
0.05336099 0.6349472 0.2453807 
0.0632095 0.6312678 0.3029559 
0.06602538 0.6036453 0.1780158 
0.06548651 0.6229181 0.2099306 
0.07012935 0.6301059 0.2380484 
0.06690569 0.6333328 0.2645691 
0.06650493 0.6319366 0.29 
0.07584962 0.6105337 0.1802711 
0.07503657 0.620835 0.2036539 
0.085 0.6120824 0.1793593 
0.1003648 0.6084918 0.18 
0.09450352 0.6147665 0.185 
0.09218563 0.6141515 0.2034375 
0.09181501 0.6169745 0.2428373 
0.095 0.6192865 0.28375 
0.105 0.6076065 0.175 
0.1059907 0.6083636 0.2542578 
0.1164862 0.60453 0.320625 
0.115878 0.5989727 0.194375 
0.114924 0.6008968 0.2429996 
0.115637 0.6054577 0.27 
0.1306761 0.590479 0.1783887 
0.125 0.5889455 0.2025 
0.1273459 0.5967522 0.2625 
0.1354343 0.5825166 0.2022193 
0.1322128 0.5869005 0.228581 
0.1376959 0.5910333 0.289375 
0.1330296 0.5933837 0.3025 
0.145 0.5786258 0.19 
0.1532092 0.5734658 0.175 
0.1633881 0.5673813 0.2450134 
0.155216 0.5721424 0.275625 
0.1463707 0.585 0.275 
-0.1526158 -0.6405881 0.02831728 
-0.1460475 -0.6431207 -0.0006170616 
-0.1462095 -0.63957 0.05655498 
-0.135 -0.6490386 0.0121875 
-0.1252761 -0.6454311 0.07471331 
-0.13 -0.6417341 0.0825 
-0.1411087 -0.631214 0.1056454 
-0.1282183 -0.6362188 0.1409173 
-0.125 -0.6502781 0.020625 
-0.1201943 -0.6378167 0.1211291 
-0.1130023 -0.6461856 0.003125 
-0.1122216 -0.6457231 0.0384375 
-0.1129947 -0.6440045 0.145 
-0.1019576 -0.6463642 0.1169613 
-0.1028418 -0.6380382 0.01125 
-0.09740219 -0.6373366 0.03237156 
-0.09875 -0.6408431 0.0825 
-0.095 -0.6386365 0.06 
-0.09328105 -0.6441591 0.095 
-0.08789983 -0.6559733 0.1405796 
-0.08093574 -0.6450059 0.08495449 
-0.085 -0.6510597 0.125 
-0.08062501 -0.6346203 0.043538 
-0.085 -0.6368793 0.07 
-0.07202003 -0.6576843 0.1090756 
-0.075 -0.6411807 0.065 
-0.05567413 -0.6815179 0.1466486 
-0.06142426 -0.6575708 0.08970913 
-0.065 -0.6379499 0.04811513 
-0.05514923 -0.6675738 0.1222334 
-0.0563415 -0.646569 0.05265138 
-0.05791845 -0.6352649 0.03455139 
-0.04328615 -0.6660287 0.1000599 
-0.04709085 -0.6567149 0.06624369 
-0.04449408 -0.6450884 0.03490806 
-0.045 -0.6488259 0.045 
-0.04529747 -0.6350368 0.02494937 
-0.03309543 -0.6859711 0.1446783 
-0.03230861 -0.6760395 0.1297427 
-0.02248918 -0.6645463 0.1156328 
-0.03449991 -0.654231 0.0716319 
-0.031652 -0.6541656 0.08457793 
-0.03289398 -0.6443048 0.05387438 
-0.03381151 -0.6357568 0.03403939 
-0.025 -0.6898606 0.155 
-0.01861871 -0.6791724 0.1439758 
-0.01940488 -0.6489977 0.09825479 
-0.02288789 -0.6118671 0.03307059 
-0.015 -0.682533 0.155 
-0.01769771 -0.6300595 0.07474361 
-0.003393162 -0.6673635 0.145 
-0.006362163 -0.6345351 0.09717046 
0.1698167 -0.2919173 0.4523202 
0.1746673 -0.2704102 0.4444826 
0.1599793 -0.2562695 0.4587713 
0.1708192 -0.2499015 0.4430842 
0.1648065 -0.2511542 0.4555284 
0.1692968 -0.2295479 0.4348674 
0.1652941 -0.2335274 0.4453047 
0.1702681 -0.2181979 0.427932 
0.171578 -0.2002564 0.4201852 
0.1784782 -0.1787114 0.4133066 
0.1829513 -0.2775 0.4302957 
0.1836386 -0.2648134 0.4306048 
0.1835258 -0.25 0.4221107 
0.1812276 -0.235 0.425 
0.1844568 -0.2273465 0.414655 
0.1934053 -0.195 0.4021204 
0.174372 -0.1498438 0.4108852 
0.1944388 -0.2699763 0.4144404 
0.1930867 -0.2505593 0.4110624 
0.1941646 -0.215 0.4044455 
0.1960272 -0.1769734 0.3963428 
0.193406 -0.1437388 0.3885368 
0.2044272 -0.271968 0.402078 
0.2073974 -0.2413832 0.3898365 
0.2058553 -0.2185073 0.3966021 
0.2057691 -0.1803439 0.3859891 
0.1972945 -0.16 0.385 
0.2062179 -0.165 0.3758298 
0.2076461 -0.1647767 0.3548091 
0.2032315 -0.1568355 0.3670955 
0.2136955 -0.2671094 0.3871016 
0.2144735 -0.2224751 0.3717682 
0.2126171 -0.2026424 0.3691338 
0.2115166 -0.1936048 0.3751482 
0.2133439 -0.1758946 0.3424535 
0.2216288 -0.288844 0.3825813 
0.2228393 -0.2594065 0.365657 
0.2247262 -0.2453137 0.3546905 
0.2163962 -0.24 0.365 
0.2223604 -0.2393507 0.345 
0.2250046 -0.2352517 0.3549819 
0.2226979 -0.225 0.345 
0.2220914 -0.22 0.355 
0.218916 -0.215 0.335 
0.2164521 -0.21 0.345 
0.225036 -0.2035561 0.334682 
0.2156734 -0.195 0.345 
0.2169369 -0.195 0.355 
0.219305 -0.185 0.335 
0.2363671 -0.2959183 0.3664454 
0.2336314 -0.2738596 0.3605477 
0.2443269 -0.2719848 0.3427116 
0.2470459 -0.3 0.345 
0.2491932 -0.28 0.335 
0.1756408 -0.7654943 0.7433348 
0.1753898 -0.7654823 0.78 
0.1776162 -0.7585927 0.703125 
0.175 -0.76186 0.725 
0.1832748 -0.7505679 0.72 
0.1891857 -0.7415915 0.74625 
0.1836909 -0.75076 0.7702294 
0.1832318 -0.7460882 0.7883891 
0.1823805 -0.7436661 0.6477684 
0.1864525 -0.746724 0.675 
0.1886461 -0.745 0.695 
0.1916758 -0.7286314 0.6439062 
0.1928478 -0.733352 0.6622945 
0.195066 -0.7350184 0.6851118 
0.1944012 -0.734086 0.704375 
0.1945436 -0.7268977 0.7740286 
0.2036443 -0.716966 0.6844101 
0.2016586 -0.725 0.70375 
0.2022393 -0.720139 0.7372992 
0.2034929 -0.7171806 0.75 
0.2041883 -0.7135867 0.72125 
0.2005316 -0.7125242 0.7709529 
0.2010019 -0.7096009 0.7825 
0.2139815 -0.7841995 0.7551214 
0.2120984 -0.7015885 0.6523316 
0.2125588 -0.6990585 0.6916065 
0.2101247 -0.7022513 0.731875 
0.21305 -0.6916158 0.7530091 
0.2131345 -0.6888124 0.7778471 
0.2164766 -0.6869855 0.795 
0.2204044 -0.7587299 0.6283764 
0.2231506 -0.7554039 0.7705919 
0.2280617 -0.7551287 0.68125 
0.2237885 -0.7624078 0.733832 
0.2214668 -0.6788431 0.6461589 
0.2239106 -0.6791965 0.668125 
0.2224799 -0.6799359 0.6966552 
0.2220921 -0.679797 0.729375 
0.2297412 -0.6622283 0.7450392 
0.225541 -0.6706532 0.7677284 
0.2268083 -0.6758868 0.785 
0.2318251 -0.7361265 0.641875 
0.2363682 -0.7340867 0.6726691 
0.2319406 -0.7381262 0.7447562 
0.2309796 -0.7355568 0.7719064 
0.2359359 -0.6834071 0.7943744 
0.2328559 -0.6597904 0.64875 
0.2336333 -0.6612389 0.6834375 
0.2338253 -0.6597224 0.7180987 
0.235 -0.6650545 0.7748815 
0.2349043 -0.6548224 0.6529614 
0.2359688 -0.6561097 0.755 
0.247264 -0.7080399 0.671648 
0.2435601 -0.710729 0.74125 
0.2406091 -0.6988122 0.7834793 
0.2415604 -0.685 0.785 
0.2371348 -0.675 0.785 
0.245 -0.6712649 0.7755028 
0.245 -0.6564344 0.7634597 
0.2457196 -0.6470801 0.638125 
0.2452911 -0.6454283 0.6747699 
0.2450668 -0.6450762 0.720258 
0.2442733 -0.6458275 0.7425326 
0.2499369 -0.7034652 0.7117048 
0.251056 -0.68981 0.6386362 
0.2519756 -0.6876227 0.7496171 
0.252143 -0.6738143 0.761508 
0.2506611 -0.665 0.765 
0.255331 -0.6541635 0.7553621 
0.2566732 -0.6443012 0.7458687 
0.255 -0.6407913 0.65 
0.2611987 -0.6685753 0.649375 
0.2627909 -0.6728132 0.6929312 
0.2612363 -0.66 0.745 
0.2648941 -0.6529715 0.7345723 
0.2653352 -0.6462423 0.654905 
0.2650639 -0.6447853 0.7350962 
0.2679622 -0.65 0.7125 
0.01215045 -0.7766202 0.8931192 
0.01442627 -0.7084414 0.8682076 
0.02056112 -0.6664029 0.8261706 
0.015 -0.6495581 0.8117282 
0.0275 -0.7215038 0.8756471 
0.02847184 -0.7409831 0.8839503 
0.04353509 -0.6922745 0.8526534 
0.035 -0.6664036 0.8232838 
0.05372172 -0.7181508 0.8692445 
0.04517356 -0.6702513 0.8295302 
0.06012572 -0.7328306 0.8757553 
0.055 -0.705 0.8609756 
0.05850125 -0.6869593 0.8378643 
0.06262746 -0.6728592 0.8165044 
0.07161429 -0.6989376 0.845745 
0.075 -0.78 0.8882492 
0.07071481 -0.7551401 0.8817108 
0.08563697 -0.688522 0.8218795 
0.09166613 -0.7511996 0.872025 
0.09430769 -0.7360383 0.8537685 
0.1002654 -0.7281286 0.8458993 
0.1018148 -0.71251 0.8229723 
0.09323119 -0.6966587 0.815 
0.1100249 -0.7558362 0.8685225 
0.1102032 -0.7451824 0.8531668 
0.122002 -0.7728443 0.8788682 
0.1149442 -0.7299955 0.8299339 
0.125 -0.7538966 0.8588166 
0.1242585 -0.7452667 0.8412799 
0.1451802 -0.7694731 0.8783642 
0.1373339 -0.7555304 0.8607154 
0.136885 -0.7533987 0.83 
0.135 -0.7517343 0.845 
0.1467889 -0.7638544 0.825 
0.145 -0.7579859 0.8397606 
0.1491555 -0.7468891 0.855 
0.155 -0.7820106 0.815 
0.1482271 -0.775 0.815 
0.155 -0.7734196 0.8242671 
0.1578033 -0.7631077 0.8289447 
0.155 -0.755 0.8373263 
0.155 -0.7515687 0.8649776 
0.1550816 -0.7451661 0.8451882 
0.09293447 -0.1736611 0.4628319 
0.1001591 -0.2057982 0.4763957 
0.115 -0.245 0.4798048 
0.1175012 -0.2100713 0.4692292 
0.12 -0.1825 0.4602593 
0.1299071 -0.1937851 0.4578272 
0.1341954 -0.234756 0.4688879 
0.1382068 -0.2114718 0.4535327 
0.1352604 -0.1747835 0.4550778 
0.135 -0.165 0.4494547 
0.1456192 -0.2878565 0.4754179 
0.1448052 -0.2345567 0.4617489 
0.148966 -0.190625 0.4387023 
0.1496194 -0.1742516 0.4396138 
0.1464268 -0.165 0.4460243 
0.1554528 -0.2188079 0.4408809 
-0.1555744 -0.6297714 0.07375 
-0.1473369 -0.6245333 0.13125 
-0.095 -0.6305145 0 
-0.08453915 -0.6260699 0.003646134 
-0.08377916 -0.6260655 0.015 
-0.085 -0.6281312 0.025 
-0.07 -0.6263266 0.02488983 
-0.0814878 -0.615 0.005 
-0.07531114 -0.6076926 0.007311445 
-0.05963444 -0.6235981 0.01931953 
-0.06085907 -0.6012146 0.001343851 
-0.0565413 -0.6121881 0.006131715 
-0.045 -0.6257863 0.01294455 
-0.045 -0.6208622 0.005 
-0.03224063 -0.6199604 0.01130223 
-0.01705093 -0.6062132 0.05251585 
-0.01297873 -0.5772703 0.002506924 
-0.005460921 -0.6042644 0.06637529 
-0.006123365 -0.5842746 0.04893888 
-0.006086202 -0.5755235 0.02572612 
0.005626519 -0.625268 0.09474246 
-0.0003150298 -0.5962727 0.0718205 
0.01047443 -0.5925686 0.08006468 
0.0008299008 -0.559042 0.02 
0.004408949 -0.5586396 0.04209897 
0.001565271 -0.5550539 0.01113081 
-0.0753064 0.1592464 0.4882454 
-0.06608377 0.1168319 0.4863596 
-0.06499097 0.1350186 0.4949979 
-0.0498751 0.02636423 0.4873574 
-0.05590551 0.0625 0.4861071 
-0.05772034 0.09155103 0.4873652 
-0.05450398 0.1309375 0.4973269 
-0.04306295 0.04 0.4938033 
-0.04455274 0.05851509 0.4935554 
-0.04753192 0.07968751 0.4967706 
-0.045 0.145 0.5019364 
-0.03311892 0.01109355 0.4957008 
-0.02935637 0.07516641 0.4998689 
-0.03332595 0.1409057 0.5040663 
-0.025 0.15 0.5074983 
-0.01504356 0.01033887 0.500669 
-0.02638617 0.12375 0.5054837 
-0.011001 0.07611149 0.5061637 
-0.005221899 0.03460101 0.5051851 
-0.005 0.12 0.5097946 
-0.2473494 -0.3001917 0.1051152 
-0.2527303 -0.305 0.15 
-0.2468577 -0.2882977 0.1189504 
-0.2529774 -0.295 0.13375 
-0.2452061 -0.2784978 0.09587075 
-0.243585 -0.2667223 0.07643852 
-0.2452775 -0.2537056 0.07985932 
-0.2448865 -0.2566665 0.1112942 
-0.2446709 -0.2452511 0.11 
-0.2410939 -0.2875 0.074375 
-0.2377156 -0.28125 0.03388297 
-0.2376385 -0.268023 0.05063005 
-0.2377745 -0.2695918 0.15 
-0.2413595 -0.265 0.13 
-0.2353254 -0.2487306 0.03254366 
-0.2393971 -0.2520954 0.1286195 
-0.2412596 -0.2400551 0.0771875 
-0.2352138 -0.233296 0.03468708 
-0.237207 -0.2271875 0.05060888 
-0.2432064 -0.235 0.095 
-0.2390805 -0.2257812 0.1046881 
-0.2362943 -0.2348234 0.129872 
-0.2410631 -0.216875 0.12625 
-0.2359932 -0.2211347 0.1399182 
-0.2354755 -0.2143181 0.04475734 
-0.2301038 -0.2033683 0.04771592 
-0.2356143 -0.2041098 0.07010452 
-0.2384121 -0.194715 0.1125 
-0.2352394 -0.1943736 0.05442022 
-0.235545 -0.1893996 0.09211494 
-0.2381053 -0.189186 0.13 
-0.2361286 -0.1803835 0.105 
-0.2337482 -0.1765777 0.1451117 
-0.2350356 -0.1749417 0.1357361 
-0.23037 -0.2475 0.145 
-0.225 -0.2405451 0.02248142 
-0.2276756 -0.2240773 0.03447042 
-0.225 -0.215 0.03930863 
-0.2330911 -0.205 0.085 
-0.2280618 -0.176792 0.05688583 
-0.2324026 -0.18 0.075 
-0.2306433 -0.1775 0.085 
-0.2331467 -0.175 0.095 
-0.2326834 -0.175 0.12 
-0.2337306 -0.165 0.075 
-0.2310351 -0.165 0.135 
-0.2175181 -0.2399716 0.01516155 
-0.2147306 -0.2351441 0.02512148 
-0.2107584 -0.2187556 0.02909656 
-0.2129704 -0.205 0.03672447 
-0.2133325 -0.1926631 0.035829 
-0.2160919 -0.175 0.03403876 
-0.2197741 -0.175 0.045 
-0.2170016 -0.1649641 0.039957 
-0.2102267 -0.225 0.015 
-0.2046232 -0.19 0.02530136 
-0.2031665 -0.1688458 0.02870003 
-0.2026302 -0.2 0.015 
-0.1999187 -0.185 0.015 
0.08375 0.370625 0.4807976 
0.09061487 0.3447247 0.4749319 
0.09378897 0.3631347 0.4781787 
0.09151994 0.46782 0.4720981 
0.1006961 0.3387177 0.4699541 
0.095 0.355 0.4805043 
0.1008259 0.396875 0.4797554 
0.1102684 0.4553437 0.4679535 
0.1217507 0.33875 0.467187 
0.1147738 0.3905599 0.4749211 
0.1310406 0.3617725 0.4679122 
0.125 0.3825 0.469466 
0.125 0.4125 0.4680773 
0.125 0.455 0.4595813 
0.1352531 0.3395847 0.4629914 
0.1405712 0.4412816 0.4577428 
0.1458768 0.3446875 0.4562735 
0.1375795 0.41125 0.4623315 
0.1559614 0.3525 0.4458536 
0.1543487 0.3754688 0.4515394 
0.155 0.41375 0.4504226 
0.1592367 0.365 0.445 
0.01085149 -0.281875 -0.06275029 
0.02055004 -0.266941 -0.04362139 
0.015 -0.23625 -0.05931893 
0.01391696 -0.1973206 -0.05657606 
0.02572238 -0.289375 -0.03762165 
0.02636083 -0.2704441 -0.02477088 
0.02377725 -0.2512852 -0.02253046 
0.01979735 -0.2238125 -0.04866081 
0.02398368 -0.2040624 -0.04083372 
0.02373433 -0.17 -0.04266175 
0.03466813 -0.2923771 -0.0204006 
0.03395187 -0.265 -0.01427872 
0.035 -0.255 -0.01389739 
0.03167196 -0.2396708 -0.01448508 
0.035 -0.245 -0.01044515 
0.03230479 -0.2300365 -0.02501177 
0.03667886 -0.20625 -0.02615096 
0.02893923 -0.1875 -0.035 
0.03590168 -0.1775 -0.02634359 
0.04347692 -0.285 -0.01421306 
0.045 -0.275 -0.0122808 
0.045 -0.26 -0.01401064 
0.045 -0.24 -0.009429087 
0.0458292 -0.2220003 -0.01110058 
0.04717701 -0.19 -0.01683082 
0.04704136 -0.175 -0.01639631 
0.03848276 -0.165 -0.025 
0.05627668 -0.2880162 -0.004914035 
0.05770644 -0.2562227 -0.005182391 
0.05465007 -0.24 -0.004799451 
0.055 -0.215 -0.009942383 
0.05184418 -0.205 -0.01242141 
0.055 -0.18625 -0.009661864 
0.05654845 -0.1798321 -0.1127834 
0.065 -0.305 -0.001538458 
0.065 -0.27 -0.005295919 
0.06565512 -0.2439109 -0.004510204 
0.06304776 -0.23 -0.008109117 
0.06504904 -0.215 -0.01491042 
0.06874258 -0.2100307 -0.07120206 
0.06515354 -0.2028507 -0.01451898 
0.06336681 -0.19441 -0.11 
0.06346013 -0.1954155 -0.08140625 
0.06616672 -0.2027334 -0.0503125 
0.06536159 -0.2008658 -0.025 
0.06215268 -0.1875 -0.015 
0.06150973 -0.1803125 -0.045 
0.06069274 -0.165 -0.015 
0.08044787 -0.3025566 -0.003555903 
0.075 -0.295 -0.001875062 
0.07392383 -0.2846071 -0.004918967 
0.075 -0.275 -0.008098233 
0.07521588 -0.26471 -0.0145543 
0.073268 -0.2422357 -0.02335144 
0.07008392 -0.22 -0.02875 
0.08225591 -0.218161 -0.09444114 
0.07462011 -0.2195524 -0.0575 
0.0732346 -0.2063853 -0.1186448 
0.08947614 -0.2849245 -0.01446161 
0.08431682 -0.2583503 -0.02673207 
0.08456383 -0.2351758 -0.04911452 
0.08025121 -0.235 -0.035 
0.09411705 -0.229935 -0.07147852 
0.07951237 -0.225 -0.055 
0.07928275 -0.225 -0.045 
0.09343039 -0.2163826 -0.1141637 
0.09493443 -0.2668879 -0.02860659 
0.09550235 -0.2446345 -0.04465719 
0.0991842 -0.2366257 -0.05816051 
0.1024343 -0.2261954 -0.09577727 
0.09999999 -0.2124043 -0.1375 
0.1047445 -0.2869977 -0.02718937 
0.1103357 -0.2660166 -0.04296649 
0.1172884 -0.2473617 -0.05225167 
0.1141085 -0.2904545 -0.03294798 
0.1173458 -0.2358467 -0.07588289 
0.1226932 -0.2380025 -0.06512096 
0.1246131 -0.2248842 -0.09468741 
0.115 -0.2309856 -0.085 
0.128996 -0.2848637 -0.03771688 
0.1358489 -0.2171907 -0.1076079 
0.1403464 -0.2052632 -0.1312307 
0.1522999 -0.2980637 -0.02057371 
0.15 -0.265 -0.04116968 
0.1496539 -0.2540502 -0.04595646 
0.1460528 -0.2160033 -0.09072304 
0.1471317 -0.2073384 -0.11 
0.146586 -0.196533 -0.145 
0.1569828 -0.235 -0.04653871 
0.1540637 -0.2228169 -0.05282139 
0.1566515 -0.2044727 -0.08553907 
0.1553439 -0.19552 -0.1198063 
0.1577207 -0.18535 -0.1413133 
-0.2642278 -0.6564428 0.6627856 
-0.2666884 -0.6578567 0.6887408 
-0.2681423 -0.645 0.67 
-0.2689105 -0.64 0.69125 
-0.2661978 -0.6459951 0.712886 
-0.265 -0.6411372 0.655 
-0.2657278 -0.6335135 0.674816 
-0.2628359 -0.6359884 0.7167849 
-0.2554997 -0.6844462 0.6649935 
-0.2511385 -0.696444 0.7154503 
-0.2525171 -0.6754041 0.7473184 
-0.2581682 -0.65 0.7448164 
-0.255 -0.6412901 0.7450897 
-0.255 -0.6355751 0.655 
-0.2565843 -0.6354063 0.6710646 
-0.2545369 -0.6349565 0.7002326 
-0.2578802 -0.635 0.735 
-0.2466519 -0.7112845 0.6921701 
-0.2465906 -0.7091953 0.68 
-0.2416561 -0.7080678 0.7524863 
-0.2463332 -0.67 0.768873 
-0.245 -0.665 0.7702338 
-0.2455017 -0.6548089 0.7651973 
-0.2430316 -0.6478085 0.6752682 
-0.245274 -0.6453528 0.7124404 
-0.2436917 -0.6475153 0.7517654 
-0.253272 -0.6341143 0.725 
-0.2433782 -0.6438684 0.735 
-0.2351395 -0.7363584 0.6916785 
-0.2338378 -0.7320114 0.65375 
-0.2369629 -0.7289729 0.7277936 
-0.234517 -0.7195444 0.7722669 
-0.2310763 -0.7056575 0.7950726 
-0.2333485 -0.685 0.7930318 
-0.2361626 -0.6744888 0.7855687 
-0.2373782 -0.6643066 0.7756545 
-0.2357482 -0.6561517 0.7002512 
-0.2310469 -0.6597136 0.7262163 
-0.2351381 -0.6561528 0.7531255 
-0.2256727 -0.760213 0.7054768 
-0.2274204 -0.7474779 0.736875 
-0.2238948 -0.7525989 0.779356 
-0.231267 -0.735 0.7525 
-0.2232507 -0.7400206 0.7975814 
-0.2267166 -0.695 0.8072802 
-0.225 -0.6866933 0.8012399 
-0.2233724 -0.6808259 0.6697546 
-0.2265542 -0.6722978 0.77968 
-0.2292357 -0.665 0.67 
-0.2261799 -0.6687429 0.74375 
-0.2187943 -0.7702692 0.6799501 
-0.2110463 -0.7898778 0.7233593 
-0.2182002 -0.7714334 0.7435742 
-0.2101585 -0.7896481 0.78 
-0.2140995 -0.7001668 0.6701467 
-0.212093 -0.7036602 0.707642 
-0.2228321 -0.6778834 0.7035267 
-0.2137617 -0.6895589 0.7719961 
-0.2168477 -0.6868396 0.795 
-0.215 -0.6908373 0.805 
-0.2072096 -0.7920383 0.6825566 
-0.2023441 -0.8027041 0.8023299 
-0.2049423 -0.7154483 0.6765904 
-0.2002289 -0.7251133 0.7255008 
-0.2108594 -0.6975226 0.7472121 
-0.2058948 -0.7020444 0.7884375 
-0.1915393 -0.7415172 0.6936857 
-0.19001 -0.7449432 0.7203289 
-0.1963033 -0.7286475 0.675 
-0.1940506 -0.7317915 0.7637246 
-0.186453 -0.7477436 0.705 
-0.1870053 -0.7498532 0.735 
-0.1837215 -0.7508689 0.7521344 
-0.1898389 -0.7255725 0.7958092 
-0.1754503 -0.7659429 0.7024897 
-0.1732392 -0.7609467 0.66 
-0.1741439 -0.7639176 0.675 
-0.1747227 -0.7627039 0.75125 
-0.176854 -0.7584003 0.7770146 
-0.165 -0.7699726 0.66375 
-0.1633865 -0.7747594 0.7040625 
-0.162919 -0.7727609 0.735 
-0.1632434 -0.7744952 0.7475 
-0.1649449 -0.7728797 0.7740625 
-0.1683101 -0.7596983 0.8123586 
-0.1609473 -0.775 0.81 
-0.1563091 -0.715 0.665 
-0.2336845 0.3169259 0.23 
-0.2202156 0.3120382 0.2645296 
-0.2121727 0.28074 0.2409188 
-0.2129375 0.2861903 0.2198241 
-0.215 0.2970509 0.2531011 
-0.2054218 0.19 0.2342754 
-0.2052636 0.1974477 0.2459598 
-0.205548 0.2400543 0.2401417 
-0.206071 0.2525 0.2472137 
-0.2018396 0.2504338 0.2613732 
-0.1971247 0.2905307 0.2860749 
-0.199925 0.2978396 0.1698155 
-0.1970036 0.198125 0.2202676 
-0.1954994 0.201843 0.2830456 
-0.1978796 0.240625 0.221545 
-0.2007021 0.23 0.26 
-0.1948808 0.2651937 0.2152783 
-0.1986989 0.2736519 0.2698887 
-0.1916843 0.2699512 0.2045743 
-0.2001585 0.3217074 0.3151617 
-0.1802397 0.1684375 0.2052349 
-0.1922994 0.17875 0.3025 
-0.1916434 0.1926763 0.3093372 
-0.1832336 0.18625 0.3334462 
-0.1831852 0.2050237 0.2019765 
-0.1883242 0.2293125 0.2988522 
-0.1840065 0.2574531 0.1993729 
-0.1931067 0.2821316 0.1842028 
-0.1854361 0.2974963 0.3159401 
-0.1891557 0.315 0.325 
-0.1749319 0.1912054 0.1933306 
-0.1782442 0.2173937 0.3298194 
-0.1699229 0.2356559 0.1836434 
-0.1724921 0.25125 0.3363838 
-0.1698813 0.2554601 0.1800574 
-0.1808126 0.2572656 0.3119859 
-0.1750505 0.2866424 0.3346902 
-0.1676662 0.180638 0.1799208 
-0.1650993 0.1991852 0.1761451 
-0.1711503 0.205 0.185 
-0.1652665 0.2175881 0.1746654 
-0.1951228 0.3141789 0.3950527 
-0.195 0.3205992 0.395 
-0.1865861 0.3114713 0.34 
-0.189782 0.315 0.375 
-0.185 0.3091307 0.385 
-0.1874499 0.315 0.385 
-0.1838464 0.3092854 0.3952319 
-0.1753892 0.1809945 0.4184174 
-0.178162 0.1913978 0.3544943 
-0.1737865 0.1874289 0.3912156 
-0.174243 0.2163079 0.3495183 
-0.1736849 0.2073677 0.3716823 
-0.1674893 0.278164 0.3653125 
-0.1759221 0.290493 0.380399 
-0.1764942 0.31125 0.4123996 
-0.1740034 0.2998023 0.4239953 
-0.175501 0.315 0.4257314 
-0.1697073 0.211875 0.4214316 
-0.1668734 0.2362698 0.4195206 
-0.1676289 0.2212929 0.388056 
-0.1627117 0.248125 0.4328093 
-0.1662349 0.2474179 0.3521076 
-0.1647079 0.2570596 0.4209919 
-0.1723226 0.27 0.335 
-0.1680249 0.275 0.35 
-0.1628847 0.2666234 0.3913055 
-0.1675508 0.2819366 0.4181023 
-0.1638684 0.2937121 0.4351178 
-0.1620281 0.2525 0.38125 
-0.161729 0.25 0.4025 
-0.1613528 0.255 0.365 
-0.1613507 0.265 0.415 
-0.02621129 0.658442 0.5788438 
-0.009849003 0.666934 0.5750944 
-0.01669212 0.668816 0.5849298 
-0.01644296 0.6809684 0.60015 
-0.02353655 0.67875 0.63 
-0.02158604 0.685 0.615 
-0.0103722 0.6943024 0.61575 
-0.015 0.7030972 0.6292007 
-0.004517899 0.7107586 0.6342506 
-0.055 -0.13 0.4883612 
-0.04304003 -0.12 0.4911904 
-0.04203982 -0.05567077 0.493835 
-0.0430199 -0.0265625 0.4917412 
-0.03641314 -0.1142957 0.4953151 
-0.035 -0.085 0.4932469 
-0.02 -0.11 0.4964805 
-0.0175 -0.0825 0.4979905 
-0.015 -0.125 0.4990647 
-0.0109375 -0.05351562 0.5008861 
-0.015 -0.01 0.499141 
-0.005 -0.11 0.5009661 
-0.005 -0.0375 0.5031491 
-0.004913537 -0.01016624 0.5043419 
0.1746286 -0.1401624 -0.07190155 
0.1737802 -0.1311895 -0.08382813 
0.1728611 -0.1111495 -0.00409654 
0.1756668 -0.1312594 -0.04399566 
-0.009965125 0.7897956 1.124953 
-0.1302273 -0.4557868 0.5133597 
-0.1247788 -0.4454673 0.4948043 
-0.1152576 -0.4469658 0.513284 
-0.1265637 -0.4277927 0.4862469 
-0.1246829 -0.3495881 0.4846848 
-0.1053226 -0.4571201 0.5440756 
-0.1167726 -0.4302369 0.4946927 
-0.1078588 -0.4289152 0.5077315 
-0.1150048 -0.4059375 0.4897972 
-0.114384 -0.3744141 0.4916076 
-0.1106182 -0.3303398 0.4953934 
-0.09356583 -0.4497779 0.5422674 
-0.1066533 -0.345 0.496192 
-0.09322873 -0.4349247 0.5228052 
-0.09387563 -0.4149956 0.5125229 
-0.09267274 -0.3467833 0.508823 
-0.09503181 -0.3300787 0.5038611 
-0.08405379 -0.4464829 0.5441397 
-0.07763617 -0.3856343 0.5189474 
-0.085 -0.335 0.5098508 
-0.085 -0.325 0.5090987 
-0.06309462 -0.431643 0.549901 
-0.0793407 -0.4279439 0.5347944 
-0.07643948 -0.4106988 0.5247816 
-0.07302228 -0.335 0.5188372 
-0.05622058 -0.4032783 0.5382016 
-0.05595923 -0.4142533 0.5454043 
-0.035625 -0.406875 0.5502288 
-0.037028 -0.3837829 0.5420284 
-0.04724991 -0.375 0.5361703 
-0.0285821 -0.4444763 0.5806462 
-0.02120386 -0.4196904 0.5626035 
-0.01001603 -0.3718666 0.5480107 
-0.009057401 -0.3368155 0.5433304 
0.1727892 -0.11 0.4039795 
0.1750303 -0.09026966 0.4039871 
0.1757036 -0.07 0.4054392 
0.1750738 -0.0276129 0.405063 
0.176585 0.006857676 0.3878146 
0.1726613 0.0125 0.4041451 
0.1852791 -0.101848 0.3946875 
0.1859852 -0.08552039 0.3750219 
0.1843769 -0.05960413 0.3641535 
0.1825048 -0.05901605 0.3771034 
0.1826485 -0.04601721 0.3812864 
0.1850386 -0.05075324 0.3953943 
0.1841947 -0.045 0.3712417 
0.1795841 -0.0275 0.3925 
0.1833268 -0.02206518 0.3625 
0.1798296 -0.025 0.385 
0.1812909 -0.0075 0.36875 
0.1759227 0.005 0.355 
0.1944499 -0.1391567 0.3626468 
0.1961451 -0.1408461 0.375 
0.1925784 -0.120625 0.3569146 
0.1903322 -0.125 0.385 
0.188439 -0.11 0.375 
0.1947491 -0.1110207 0.3852476 
0.1909537 -0.1006544 0.3576944 
0.195 -0.09999999 0.3824366 
0.195284 -0.09008492 0.3854302 
0.1912783 -0.07804132 0.3473628 
0.1859061 -0.085 0.365 
0.1885628 -0.07 0.385 
0.1895798 -0.04875 0.35 
0.190109 -0.035 0.355 
0.1991296 -0.145 0.355 
0.2045715 -0.125 0.3330832 
-0.142389 -0.7295499 0.4899381 
-0.1488546 -0.7049331 0.4247052 
-0.1453675 -0.6855862 0.3504608 
-0.1427115 -0.6808106 0.335 
-0.1239447 -0.7453133 0.4416665 
-0.1269987 -0.7176831 0.3699418 
-0.1289014 -0.7024284 0.3492503 
-0.1078841 -0.7595167 0.4292639 
-0.1039445 -0.7427469 0.3778255 
-0.105 -0.7269929 0.355 
-0.1035245 -0.7335042 0.365 
-0.09684639 -0.7776375 0.4494242 
-0.1024036 -0.7303213 0.3501989 
-0.08304543 -0.7676608 0.3988746 
-0.06837175 -0.7528983 0.3558786 
-0.06653848 -0.7940078 0.4263228 
-0.0582415 -0.7692829 0.3820169 
-0.03148265 -0.7685148 0.3567697 
-0.0325 -0.7583495 0.3366151 
-0.03132967 -0.7793583 0.3786584 
-0.005 -0.7881533 0.3792288 
-0.005 -0.7763271 0.3559691 
-0.2140859 0.5017177 0.224375 
-0.2018087 0.5026202 0.28 
-0.2054009 0.5062277 0.2523346 
-0.2067884 0.5175673 0.2188538 
-0.1966065 0.5109889 0.3026866 
-0.1886906 0.5361596 0.2101562 
-0.1961327 0.5263454 0.2399547 
-0.1846701 0.5232936 0.2883545 
-0.1811767 0.5333195 0.2588506 
-0.1830572 0.5227313 0.275 
-0.1825214 0.5416097 0.2375462 
-0.1682909 0.5537841 0.26125 
-0.1705338 0.5420696 0.2860565 
-0.1629103 0.5533907 0.18 
-0.1661367 0.5558828 0.1991711 
-0.1667533 0.5565042 0.225 
-0.1249648 -0.8068885 -0.4711612 
-0.1208254 -0.7761183 -0.4717564 
-0.1168142 -0.81889 -0.4507669 
-0.1170405 -0.7939038 -0.4216823 
-0.1048167 -0.8799051 -0.4726385 
-0.1078207 -0.8612752 -0.4708868 
-0.09750689 -0.8403627 -0.4403563 
-0.1015605 -0.7930031 -0.3880454 
-0.0903125 -0.890461 -0.4770398 
-0.095 -0.8137126 -0.4063011 
-0.08529023 -0.8153961 -0.4033855 
-0.075 -0.8733133 -0.4658385 
-0.07305454 -0.8602964 -0.4589415 
-0.06888924 -0.8448089 -0.4475062 
-0.07370976 -0.8104155 -0.3994886 
-0.0715046 -0.7894213 -0.3760997 
-0.06264022 -0.8678904 -0.4707763 
-0.06933034 -0.8323825 -0.4316417 
-0.06411078 -0.8080458 -0.4067942 
-0.05585483 -0.8444987 -0.4703884 
-0.05710909 -0.8226882 -0.4428666 
-0.05094915 -0.8236158 -0.472631 
-0.05299709 -0.7966532 -0.4327605 
-0.04959015 -0.7873673 -0.4864805 
-0.1427496 -0.6334609 -0.06414237 
-0.0984385 -0.6354304 -0.02 
-0.09065442 -0.6362175 -0.07472017 
-0.08285094 -0.6230499 -0.0591068 
-0.08861601 -0.625 -0.0175 
-0.08756182 -0.615 -0.015 
-0.08525667 -0.6130156 -0.004508793 
-0.08479884 -0.6039547 -0.01315205 
-0.07344016 -0.6331553 -0.09880114 
-0.07715654 -0.6099252 -0.05503047 
-0.08018878 -0.5940589 -0.04430868 
-0.084447 -0.5825 -0.03 
-0.07811028 -0.579706 -0.01630396 
-0.07404581 -0.5739179 -0.07144274 
-0.07897096 -0.559971 -0.0661911 
-0.08029857 -0.5523731 -0.03873656 
-0.07968967 -0.5475 -0.059375 
-0.075 -0.55 -0.02785756 
-0.07762593 -0.545 -0.08194174 
-0.0772678 -0.5217325 -0.09723029 
-0.07460964 -0.5339935 -0.03524284 
-0.07715261 -0.522606 -0.0683936 
-0.07504933 -0.5148868 -0.05058465 
-0.07744706 -0.4990509 -0.07967606 
-0.08009995 -0.4907031 -0.1419531 
-0.0821262 -0.49 -0.095 
-0.07320204 -0.4872209 -0.07724182 
-0.08173528 -0.48 -0.09 
-0.08210651 -0.47 -0.116875 
-0.07813864 -0.4656052 -0.08436409 
-0.06802496 -0.6363354 -0.1200849 
-0.06992989 -0.5998011 -0.07472289 
-0.06823574 -0.5779315 -0.01421047 
-0.0656905 -0.5539996 -0.1183321 
-0.06480077 -0.5573247 -0.02917472 
-0.06791148 -0.5395265 -0.1559958 
-0.07152157 -0.5225 -0.135 
-0.06550357 -0.525562 -0.04615327 
-0.06647222 -0.5152737 -0.05514202 
-0.06604925 -0.5026641 -0.06409731 
-0.0662393 -0.485 -0.07389759 
-0.05994723 -0.6377214 -0.1587233 
-0.06129043 -0.615 -0.115 
-0.05606177 -0.5983694 -0.1607016 
-0.05917437 -0.6017969 -0.1241406 
-0.0619079 -0.5843976 -0.1131458 
-0.04984755 -0.5718628 -0.02738487 
-0.05470755 -0.5344974 -0.04440615 
-0.04907757 -0.5256321 -0.05304716 
-0.055 -0.5 -0.06078035 
-0.05552264 -0.4847722 -0.06487694 
-0.055 -0.475 -0.06953716 
-0.04602898 -0.5489578 -0.04472562 
-0.04313186 -0.5025488 -0.06406946 
-0.04486071 -0.4759731 -0.07696115 
-0.0349399 -0.5970814 -0.02054793 
-0.03707208 -0.5757275 -0.03550214 
-0.035 -0.5639706 -0.04422194 
-0.03452665 -0.5495827 -0.05167754 
-0.02814764 -0.5235747 -0.06369487 
-0.03468618 -0.4999105 -0.07182365 
-0.03525915 -0.4801079 -0.08230072 
-0.02565478 -0.5949792 -0.01192193 
-0.02508505 -0.5804493 -0.02379031 
-0.0262183 -0.5712866 -0.03546299 
-0.0239837 -0.552884 -0.04900977 
-0.025 -0.5035994 -0.07395525 
-0.02432586 -0.4900237 -0.08050524 
-0.02486668 -0.470063 -0.09188461 
-0.01689352 -0.5574835 -0.02234804 
-0.01899838 -0.5299413 -0.04997404 
-0.02133636 -0.5086112 -0.0626971 
-0.02086576 -0.475 -0.085 
-0.01097956 -0.4586042 -0.0659012 
-0.006918738 -0.5229588 -0.0292109 
-0.007559397 -0.4990326 -0.03962453 
0.003389026 -0.505 -0.025 
-0.1520434 -0.6419244 -0.1614031 
-0.1406503 -0.640887 -0.09921875 
-0.1438491 -0.6416606 -0.02 
-0.12924 -0.6634415 -0.1629843 
-0.1299769 -0.6472052 -0.108681 
-0.1345839 -0.6462092 -0.01973251 
-0.13 -0.6401249 -0.04 
-0.119755 -0.6456434 -0.02422903 
-0.115 -0.6558377 -0.1192417 
-0.1150571 -0.6477414 -0.08748736 
-0.115 -0.6405325 -0.0575 
-0.1000043 -0.6690627 -0.1602448 
-0.1008141 -0.6537189 -0.1164066 
-0.09982119 -0.6421508 -0.08416028 
-0.0875 -0.6605768 -0.145 
-0.0847998 -0.6428423 -0.09977259 
-0.07145895 -0.6525775 -0.1412063 
-0.07181845 -0.6461942 -0.1274961 
-0.06643104 -0.6537902 -0.1575078 
-0.1450432 -0.8854954 -0.5223707 
-0.1472829 -0.87 -0.5385966 
-0.150056 -0.8722119 -0.5181612 
-0.1453249 -0.8754269 -0.504198 
-0.1465728 -0.846239 -0.5373789 
-0.1518469 -0.84625 -0.525 
-0.1499781 -0.84 -0.515 
-0.1458799 -0.8298805 -0.5049245 
-0.1471329 -0.819428 -0.5129659 
-0.1419756 -0.8067315 -0.5254711 
-0.1356378 -0.9056929 -0.5250903 
-0.1337624 -0.8942488 -0.5345119 
-0.1359474 -0.8934574 -0.5113223 
-0.1281534 -0.888738 -0.5447018 
-0.1358728 -0.877295 -0.4941702 
-0.135 -0.85625 -0.5501462 
-0.1379154 -0.858125 -0.4914789 
-0.1397802 -0.8366637 -0.5436494 
-0.1395968 -0.8287598 -0.4946983 
-0.1380358 -0.8088951 -0.5354179 
-0.1393012 -0.7987103 -0.515 
-0.1375588 -0.8000393 -0.5050652 
-0.1230983 -0.9109352 -0.5359433 
-0.1231178 -0.9110835 -0.5227138 
-0.1253841 -0.8958958 -0.5046954 
-0.1249089 -0.8849496 -0.4950475 
-0.1049919 -0.8806165 -0.5527606 
-0.1252901 -0.8709839 -0.4855524 
-0.12125 -0.84 -0.549553 
-0.1303623 -0.82625 -0.4845508 
-0.1125384 -0.8158696 -0.5465554 
-0.1292839 -0.7969753 -0.49 
-0.1195211 -0.7895777 -0.5370371 
-0.1140253 -0.9278251 -0.5286819 
-0.1149398 -0.9149803 -0.54498 
-0.1170861 -0.9077832 -0.5034537 
-0.115 -0.905 -0.5508734 
-0.1104772 -0.8943764 -0.553102 
-0.1167686 -0.885 -0.4831373 
-0.1036362 -0.9338918 -0.5274616 
-0.09920136 -0.919405 -0.5027333 
-0.1054223 -0.9107046 -0.5522739 
-0.095 -0.9395059 -0.525 
-0.095 -0.9339153 -0.5339875 
-0.08625 -0.9269884 -0.5397314 
-0.0875 -0.915 -0.5516342 
-0.09476187 -0.9054638 -0.5550531 
-0.0909375 -0.8489063 -0.5487877 
-0.08704005 -0.8200052 -0.5455813 
-0.085 -0.9354604 -0.5254776 
-0.085 -0.9263731 -0.5112218 
-0.085 -0.9112248 -0.4964206 
-0.08271123 -0.8996805 -0.5537994 
-0.075 -0.9373163 -0.5278389 
-0.07375152 -0.9351479 -0.5147919 
-0.075 -0.9297002 -0.535 
-0.07470639 -0.916261 -0.498 
-0.07481998 -0.9009891 -0.5547247 
-0.06835938 -0.8810937 -0.5523885 
-0.06684461 -0.8219419 -0.5469182 
-0.06856397 -0.7961634 -0.5422202 
-0.06485792 -0.9351076 -0.5250272 
-0.06439482 -0.9253011 -0.5353786 
-0.06181336 -0.9205796 -0.509616 
-0.0627679 -0.9161498 -0.5458186 
-0.06476752 -0.9026759 -0.4891156 
-0.0572192 -0.8974086 -0.548837 
-0.05726153 -0.9200798 -0.524857 
-0.05002506 -0.9078143 -0.53345 
-0.0550598 -0.9046021 -0.544843 
-0.04579571 -0.89719 -0.5102198 
-0.055 -0.885 -0.5485027 
-0.05347066 -0.8788902 -0.4855175 
-0.05 -0.8275 -0.5485333 
-0.0517414 -0.7897348 -0.5378592 
-0.04642473 -0.8846734 -0.4952968 
-0.03870262 -0.8621875 -0.5489845 
-0.04366294 -0.845625 -0.4832131 
-0.0399671 -0.8074387 -0.5395644 
-0.03320453 -0.8961307 -0.5270777 
-0.03301114 -0.8795592 -0.5410737 
-0.03265023 -0.8825139 -0.5074879 
-0.03313881 -0.85625 -0.4929448 
-0.03445358 -0.8304689 -0.5454373 
-0.03433828 -0.8217624 -0.4933544 
-0.04240362 -0.7907411 -0.5329683 
-0.03853266 -0.7920477 -0.52125 
-0.02653978 -0.8802282 -0.5249206 
-0.02907099 -0.875 -0.515 
-0.02891267 -0.8685985 -0.5072873 
-0.02447437 -0.86 -0.5357329 
-0.02786777 -0.8423762 -0.540194 
-0.02807739 -0.8398564 -0.5074797 
-0.02778666 -0.8197335 -0.5330422 
-0.02788113 -0.8175 -0.5178134 
-0.02253154 -0.85 -0.525 
-0.1480569 -0.6271994 -0.2775781 
-0.1540021 -0.6326247 -0.2506444 
-0.1520198 -0.5947117 -0.2477411 
-0.1425852 -0.5814645 -0.2574601 
-0.1533718 -0.569351 -0.2275773 
-0.1424945 -0.5533162 -0.2270722 
-0.1341433 -0.5299767 -0.2099838 
-0.1429687 -0.62 -0.29 
-0.13763 -0.5983074 -0.2841442 
-0.1264034 -0.5641342 -0.2588646 
-0.1293809 -0.5457051 -0.2294732 
-0.1370276 -0.4826508 -0.1657202 
-0.1257427 -0.589547 -0.2952672 
-0.125 -0.5010793 -0.195 
-0.125 -0.4769609 -0.1717592 
-0.1148932 -0.5851916 -0.3048765 
-0.1039348 -0.5764127 -0.2949379 
-0.1147027 -0.5408627 -0.2391545 
-0.111875 -0.5208129 -0.2174016 
-0.109646 -0.4931032 -0.1868712 
-0.09716333 -0.5549757 -0.2593278 
-0.09999999 -0.5367025 -0.2320527 
-0.09925747 -0.5184956 -0.2114148 
-0.1084868 -0.465259 -0.1582161 
-0.09494282 -0.4982813 -0.1867021 
-0.08295849 -0.5293204 -0.2130956 
-0.08613329 -0.4951352 -0.1756612 
-0.07331496 -0.5847282 -0.2906387 
-0.07394108 -0.5631307 -0.2495472 
-0.0736063 -0.5501206 -0.2194938 
-0.08001466 -0.515 -0.19 
-0.07839407 -0.505 -0.17 
-0.06454062 -0.602385 -0.2988318 
-0.05575445 -0.6371064 -0.1897007 
-0.06001975 -0.6191004 -0.2718804 
-0.05756298 -0.6110724 -0.215074 
-0.05496769 -0.6101106 -0.180807 
-0.06020429 -0.5720205 -0.1689063 
-0.125 -0.4567018 -0.1533163 
-0.09400634 -0.4585733 -0.143967 
-0.1474999 -0.4628145 -0.13635 
-0.1425 -0.34875 -0.08190084 
-0.1302565 -0.4249686 -0.1230012 
-0.135 -0.4133325 -0.1072861 
-0.1275 -0.4057533 -0.09420425 
-0.135 -0.3762752 -0.08700243 
-0.1352284 -0.3309073 -0.0841896 
-0.1247966 -0.4400786 -0.1399277 
-0.1202913 -0.4149728 -0.1057343 
-0.1233917 -0.3855278 -0.08663281 
-0.1250629 -0.3562911 -0.08275128 
-0.1094061 -0.4324152 -0.1256939 
-0.115 -0.385 -0.07986005 
-0.115 -0.37 -0.07886074 
-0.1157024 -0.3503221 -0.08375897 
-0.1053338 -0.3356733 -0.09011275 
-0.09999999 -0.4195083 -0.09999999 
-0.1059198 -0.4056356 -0.08277106 
-0.105 -0.39 -0.07686925 
-0.1019263 -0.3687473 -0.08106001 
-0.1041882 -0.3350617 -0.09503224 
-0.09367669 -0.4362426 -0.1200737 
-0.08756429 -0.4151266 -0.08476941 
-0.095 -0.405 -0.07933205 
-0.095 -0.3875 -0.08052309 
-0.08317912 -0.4527664 -0.1218304 
-0.08325005 -0.4315513 -0.1026599 
-0.085 -0.4 -0.08265236 
-0.08476531 -0.3769113 -0.08051483 
-0.085 -0.355 -0.08729892 
-0.075 -0.4605862 -0.07258693 
-0.0766499 -0.435 -0.09199703 
-0.075 -0.425 -0.08768547 
-0.075 -0.405 -0.07860234 
-0.075 -0.395 -0.07527866 
-0.075 -0.385 -0.07853899 
-0.07499932 -0.3749989 -0.08499904 
-0.075 -0.36 -0.08837205 
-0.075 -0.345 -0.08774412 
-0.07361113 -0.3300782 -0.0939884 
-0.065 -0.462595 -0.07403002 
-0.06724028 -0.4503001 -0.08116559 
-0.06419631 -0.415 -0.08282681 
-0.06477288 -0.404344 -0.08362867 
-0.06624792 -0.3945932 -0.0896728 
-0.0629572 -0.3898978 -0.101268 
-0.06518142 -0.3713617 -0.09520414 
-0.06546419 -0.3515484 -0.09320328 
-0.05472319 -0.4646528 -0.07431765 
-0.0551272 -0.4552591 -0.08509576 
-0.05720806 -0.4335853 -0.09152923 
-0.05765889 -0.414436 -0.09769153 
-0.0525 -0.3878125 -0.1082295 
-0.05674851 -0.36625 -0.1056526 
-0.04722779 -0.3441864 -0.1131633 
-0.05721026 -0.33 -0.1053938 
-0.045 -0.455 -0.08772178 
-0.045 -0.4075 -0.1081945 
-0.04335368 -0.335 -0.1159648 
-0.04525718 -0.3247794 -0.1152161 
-0.03669252 -0.4578907 -0.09412194 
-0.03561791 -0.4420077 -0.1041164 
-0.02999468 -0.4312627 -0.1093843 
-0.0322604 -0.40875 -0.1118082 
-0.0344087 -0.3913322 -0.1135139 
-0.03706716 -0.37 -0.1158633 
-0.025 -0.4514739 -0.1035918 
-0.02408148 -0.377832 -0.1171508 
-0.025 -0.345 -0.118607 
-0.01703802 -0.4505293 -0.09517797 
-0.01835766 -0.4356223 -0.1035249 
-0.01549876 -0.38625 -0.1099211 
-0.01241296 -0.363125 -0.1066132 
-0.01199968 -0.336875 -0.1069837 
-0.003553677 -0.43875 -0.05677523 
-0.01025111 -0.398618 -0.08511918 
-0.00630034 -0.3567108 -0.08979285 
-0.001131203 -0.455 -0.045 
-0.002710637 -0.375 -0.065 
-0.001604754 -0.3425 -0.08 
-0.1453023 0.3622108 0.4652032 
-0.1325 0.343125 0.4690368 
-0.1258132 0.383655 0.471641 
-0.1467484 0.4112676 0.4584803 
-0.1161902 0.4493504 0.4668345 
-0.114917 0.3634375 0.4760509 
-0.1156821 0.3416814 0.4750104 
-0.1136533 0.4149355 0.4724103 
-0.1129625 0.4702104 0.4607755 
-0.09999999 0.3825 0.477726 
-0.08782023 0.395 0.4807237 
-0.08633348 0.4459873 0.4875201 
-0.09263632 0.4746656 0.4647848 
-0.07985742 0.37375 0.483734 
-0.08224868 0.474124 0.4690029 
-0.1390604 -0.3896563 0.4696644 
-0.1355306 -0.37 0.4752885 
-0.1361361 -0.33625 0.4773669 
0.1766576 0.2840673 0.1528303 
0.1760977 0.2947005 0.140875 
0.1849167 0.309475 0.1371739 
0.181611 0.315 0.125 
0.1958431 0.315 0.1441797 
0.1978561 0.305 0.155 
0.1796655 -0.8004739 0.5576884 
0.1800519 -0.8047481 0.5725 
0.1734425 -0.7953752 0.5446506 
0.1922308 -0.7935734 0.5912825 
0.1931213 -0.8007544 0.625 
-0.233863 -0.5228373 0.1669447 
-0.2344061 -0.5180874 0.1874822 
-0.2379519 -0.4978771 0.1998047 
-0.2345893 -0.4986124 0.2272593 
-0.2351798 -0.4951929 0.2451173 
-0.2391226 -0.485 0.24 
-0.2253401 -0.5455452 0.1714699 
-0.2256291 -0.5338921 0.2056006 
-0.2275423 -0.5175 0.20375 
-0.2259717 -0.525 0.215 
-0.2231052 -0.5205421 0.225 
-0.225547 -0.515478 0.2370648 
-0.2274597 -0.5066431 0.2431698 
-0.2227449 -0.4956514 0.2718491 
-0.2163876 -0.5579914 0.17 
-0.2157734 -0.556425 0.186443 
-0.2133552 -0.5533293 0.195 
-0.2143626 -0.5194867 0.25 
-0.2124901 -0.5200951 0.2652478 
-0.2138996 -0.5077133 0.2755447 
-0.212284 -0.4923257 0.2975 
-0.2144184 -0.4891879 0.319965 
-0.2050923 -0.5666009 0.170164 
-0.2039824 -0.5617849 0.19 
-0.2110465 -0.5507455 0.2066518 
-0.2095278 -0.5430686 0.2178357 
-0.2018438 -0.5400322 0.236807 
-0.2021567 -0.5404694 0.2849456 
-0.2040609 -0.5310279 0.255 
-0.2048978 -0.5138262 0.284765 
-0.2067334 -0.505 0.285 
-0.2049543 -0.5088742 0.3 
-0.2058627 -0.5061245 0.315 
-0.2044882 -0.5081787 0.3269745 
-0.2059531 -0.4938126 0.3305266 
-0.1906533 -0.6073413 0.3142764 
-0.1974223 -0.5786763 0.3284596 
-0.1934763 -0.5743483 0.1739026 
-0.1947944 -0.5592575 0.2512567 
-0.1976369 -0.5475 0.31 
-0.1993696 -0.545 0.25 
-0.197206 -0.53125 0.3275 
-0.1995116 -0.525 0.3025 
-0.1838188 -0.581114 0.1896211 
-0.1857916 -0.5781327 0.2542279 
-0.1914906 -0.575 0.3 
-0.1858469 -0.5670223 0.2174705 
-0.1830689 -0.570132 0.2330008 
-0.1917498 -0.555 0.225 
-0.1770049 -0.6201102 0.2862355 
-0.171804 -0.6100277 0.2083692 
-0.1733348 -0.608287 0.2327912 
-0.1757463 -0.6071226 0.25125 
-0.1764821 -0.5946108 0.2022888 
-0.1764293 -0.5875 0.2191739 
-0.177663 -0.595 0.245 
-0.1806017 -0.575 0.225 
-0.1651016 -0.6250155 0.236058 
-0.1682572 -0.6087419 0.1689337 
-0.173214 -0.605 0.215 
-0.1425 0.03411406 0.4214957 
-0.1448328 0.08446969 0.4277391 
-0.1411399 0.105 0.4343322 
-0.1446353 0.1273938 0.4367397 
-0.1249518 0.02225112 0.4202652 
-0.1294322 0.07049111 0.4288982 
-0.1228314 0.1133612 0.4482874 
-0.1224845 0.1632064 0.4571261 
-0.111147 0.0625 0.4338024 
-0.1127581 0.08308262 0.4386333 
-0.1154469 0.113471 0.4551798 
-0.1154603 0.1415805 0.45976 
-0.1041434 0.04101085 0.431399 
-0.1017692 0.1051819 0.4567408 
-0.09574413 0.06142405 0.4469493 
-0.09611835 0.1125675 0.4633334 
-0.08965465 0.1455031 0.4760002 
-0.08665818 0.04145118 0.4522097 
-0.0849901 0.08376462 0.4585546 
-0.085 0.115 0.4692356 
-0.0769909 0.02125 0.4572265 
-0.06617098 0.0514285 0.4725835 
-0.07536083 0.1097631 0.4722689 
-0.06570733 0.095 0.4759202 
-0.1420975 -0.7884796 0.8840461 
-0.1551621 -0.770125 0.8231736 
-0.1435592 -0.765898 0.8270988 
-0.1482571 -0.7639942 0.8754264 
-0.155 -0.7598888 0.835 
-0.145325 -0.7557847 0.8454574 
-0.1475032 -0.7547247 0.8645013 
-0.1549847 -0.7449745 0.844982 
-0.1498183 -0.7478166 0.8550963 
-0.133553 -0.7567358 0.83 
-0.1340552 -0.7557678 0.845 
-0.1215271 -0.7609768 0.8682344 
-0.1258352 -0.7418449 0.8187405 
-0.125 -0.7489573 0.845 
-0.110625 -0.7663547 0.8772369 
-0.1141946 -0.7479521 0.8499385 
-0.1125 -0.7405239 0.82125 
-0.115 -0.7418599 0.835 
-0.09996028 -0.7568073 0.8655161 
-0.1025182 -0.7433567 0.8476718 
-0.105 -0.7433476 0.835 
-0.09477769 -0.7354102 0.8246424 
-0.09513655 -0.7340757 0.8338507 
-0.09752317 -0.7344609 0.8453447 
-0.07670423 -0.7650952 0.881111 
-0.08485557 -0.7480444 0.8705099 
-0.08285703 -0.7357844 0.8539993 
-0.08551916 -0.7193625 0.8201792 
-0.0904457 -0.725 0.835 
-0.08010667 -0.723898 0.8445061 
-0.07633402 -0.7109349 0.825 
-0.07298423 -0.7092846 0.835 
-0.07053081 -0.6995759 0.8190607 
-0.06441841 -0.7781073 0.8883802 
-0.05359375 -0.731088 0.8747199 
-0.06127698 -0.7141485 0.8616721 
-0.06004084 -0.69 0.83 
-0.05759037 -0.686711 0.8404461 
-0.05379564 -0.6954085 0.8545941 
-0.05760827 -0.68 0.83 
-0.05789745 -0.665 0.815 
-0.03636719 -0.7802344 0.892933 
-0.0375 -0.6923515 0.8564854 
-0.0374649 -0.6621921 0.8191831 
-0.031875 -0.7370095 0.8815704 
-0.01625 -0.7497003 0.8880341 
-0.02625 -0.6790299 0.8412122 
-0.01 -0.765 0.8925545 
-0.00859375 -0.7264625 0.8776663 
-0.015 -0.6963869 0.8600045 
-0.01275988 -0.6499741 0.8099768 
-0.1246513 -0.6076369 0.6731087 
-0.1252378 -0.5946394 0.6553105 
-0.1136991 -0.6175 0.6930571 
-0.1145795 -0.6060256 0.6844791 
-0.1154397 -0.5911031 0.6647186 
-0.1127329 -0.5973058 0.675 
-0.1074604 -0.62 0.71 
-0.1081284 -0.625 0.725 
-0.1024327 -0.6202639 0.7293265 
-0.107453 -0.6047927 0.700376 
-0.1013251 -0.6061401 0.715 
-0.1017654 -0.5921967 0.684739 
-0.1000258 -0.5735331 0.6620929 
-0.09135428 -0.6151667 0.7300922 
-0.09592654 -0.5940759 0.7006092 
-0.09090368 -0.5655558 0.6643063 
-0.08303438 -0.6248984 0.7493317 
-0.08012737 -0.6064957 0.713694 
-0.085 -0.6134754 0.725 
-0.08 -0.595 0.7075115 
-0.09114111 -0.585 0.695 
-0.085 -0.5853512 0.7046542 
-0.07624104 -0.5803676 0.6849905 
-0.085 -0.5811937 0.695 
-0.075 -0.6310698 0.765 
-0.07038604 -0.6154443 0.7226076 
-0.07492646 -0.6173267 0.7400266 
-0.07252146 -0.5902121 0.70479 
-0.07243706 -0.5837081 0.695 
-0.07976986 -0.5537272 0.6563794 
-0.065 -0.6257031 0.7540753 
-0.065 -0.6196547 0.735 
-0.065 -0.6211556 0.745 
-0.065 -0.6000781 0.7051612 
-0.0551096 -0.625884 0.7436746 
-0.05121567 -0.6160979 0.7248861 
-0.04781856 -0.6062639 0.7202341 
-0.05056532 -0.5956302 0.704666 
-0.0546274 -0.5413206 0.6609799 
-0.03766693 -0.6267877 0.7567712 
-0.04092004 -0.5973597 0.7173232 
-0.04895375 -0.5781778 0.6919499 
-0.03765671 -0.5420511 0.6700895 
-0.03513378 -0.6141291 0.7377212 
-0.03616138 -0.5837705 0.705 
-0.03339913 -0.585741 0.7140204 
-0.03257255 -0.5584679 0.6836982 
-0.02705019 -0.6063104 0.7457395 
-0.025 -0.5872374 0.7227265 
-0.02859249 -0.575 0.705 
-0.02792031 -0.5744994 0.7153635 
-0.02618556 -0.563578 0.695 
-0.02450147 -0.5657389 0.7045204 
-0.02271262 -0.5457194 0.6737399 
-0.025 -0.5368806 0.6634019 
-0.01416691 -0.6129689 0.7678682 
-0.01476983 -0.5951077 0.7357959 
-0.01564565 -0.5945821 0.7463275 
-0.01330017 -0.5857832 0.7244408 
-0.015 -0.5745047 0.7154893 
-0.01268153 -0.5577552 0.6987088 
-0.01389728 -0.5353483 0.6646816 
-0.005 -0.6207016 0.7768088 
-0.005 -0.607154 0.7632477 
-0.006557728 -0.585 0.735 
-0.005 -0.588616 0.745 
-0.005 -0.5766456 0.7239662 
-0.005 -0.5270769 0.6608701 
0.174731 -0.7831815 0.5444031 
0.1751764 -0.7703497 0.5536182 
0.1796817 -0.7533778 0.5581137 
0.1739859 -0.7480685 0.6239424 
0.1745881 -0.7435058 0.5825208 
0.185555 -0.7856137 0.5441484 
0.185 -0.775 0.5403144 
0.1852966 -0.7651387 0.5452137 
0.1858562 -0.745 0.5556104 
0.1839291 -0.733542 0.5732905 
0.1843486 -0.7337611 0.6125 
0.1864024 -0.7260332 0.591875 
0.1936904 -0.7810257 0.5561435 
0.195 -0.7587645 0.5427705 
0.190994 -0.755 0.545 
0.1953282 -0.7403516 0.5532025 
0.1950671 -0.7251707 0.5651083 
0.1931903 -0.7203838 0.6225317 
0.1973281 -0.7123382 0.5961944 
0.2078813 -0.7783972 0.6097756 
0.2080132 -0.7799803 0.6246747 
0.2023419 -0.7647381 0.5537191 
0.205 -0.7545553 0.5452729 
0.2030863 -0.7443727 0.5448017 
0.205 -0.735 0.548802 
0.2052033 -0.7252731 0.5557774 
0.2042583 -0.7144618 0.5640115 
0.2034176 -0.7128361 0.635 
0.2055037 -0.7056565 0.575 
0.206034 -0.7066232 0.625 
0.2130342 -0.7499357 0.560721 
0.2185983 -0.7308348 0.5545347 
0.215 -0.725 0.549722 
0.213295 -0.7145362 0.5547323 
0.2144647 -0.7048571 0.5648868 
0.2153946 -0.6958726 0.5760385 
0.2128107 -0.6898264 0.6118567 
0.2247114 -0.7331564 0.5821875 
0.225 -0.7003405 0.5620431 
0.232141 -0.6856259 0.5753689 
0.2202929 -0.6847807 0.5911149 
0.2244563 -0.6729204 0.6123751 
0.2236294 -0.6708877 0.625 
0.2326381 -0.7088625 0.5754579 
0.2300158 -0.705 0.565 
0.2357461 -0.695 0.5736644 
0.237218 -0.6660318 0.6002789 
0.2320924 -0.6630862 0.615 
0.2362418 -0.6559091 0.6275 
0.2375087 -0.7197882 0.631107 
0.241864 -0.6914406 0.5890515 
0.2478346 -0.6743522 0.5954406 
0.245 -0.6602027 0.605 
0.2431628 -0.6547225 0.6146241 
0.245 -0.6501926 0.625 
0.2499761 -0.685 0.615 
0.2511581 -0.665 0.605 
0.2553018 -0.6548703 0.6147745 
0.2549507 -0.6449958 0.6249946 
0.2573246 -0.665 0.625 
0.2618265 -0.655 0.63 
-0.02599921 0.6253709 0.6696847 
-0.00837464 0.6353677 0.697454 
-0.1269682 -0.7808599 -0.525 
-0.1266903 -0.7816713 -0.5073056 
-0.115 -0.7726492 -0.5250858 
-0.1120596 -0.7678509 -0.502587 
-0.11512 -0.7649212 -0.4851973 
-0.09625 -0.7763193 -0.5339701 
-0.09999999 -0.7684124 -0.525 
-0.1009368 -0.7656721 -0.5152687 
-0.09676154 -0.757834 -0.4950264 
-0.09 -0.7609278 -0.505 
-0.0875 -0.7436918 -0.4808315 
-0.095 -0.7304163 -0.4696448 
-0.07407513 -0.7666736 -0.5186433 
-0.06545419 -0.759005 -0.4898288 
-0.05430344 -0.7744108 -0.5264988 
-0.05398874 -0.7740332 -0.51 
-0.05595942 -0.770111 -0.4865625 
-0.04445362 -0.7844501 -0.5100186 
-0.17423 -0.8262777 0.625193 
-0.1922316 -0.805 0.64 
-0.1787474 -0.8030162 0.573018 
-0.1674315 -0.8076041 0.555 
-0.1587326 -0.815 0.555 
-0.182966 -0.6000569 0.4845281 
-0.1862301 -0.5775 0.4834448 
-0.1880344 -0.535625 0.4809483 
-0.1793131 -0.534968 0.5049142 
-0.1821154 -0.51622 0.4920256 
-0.1742484 -0.6190969 0.5203057 
-0.1792159 -0.615 0.5025 
-0.1789621 -0.6 0.4975 
-0.1764832 -0.5988958 0.5189349 
-0.1799696 -0.5759375 0.5 
-0.1699414 -0.569375 0.5299376 
-0.1834959 -0.555625 0.4888273 
-0.1757295 -0.5053266 0.5026014 
-0.1782255 -0.4900745 0.4874518 
-0.1673444 -0.62375 0.5421636 
-0.1726526 -0.615 0.535 
-0.1657075 -0.604298 0.5488067 
-0.1671488 -0.5441368 0.5329491 
-0.1672087 -0.515 0.5205588 
-0.1656282 -0.4992817 0.5204504 
-0.1663472 -0.485 0.5089879 
-0.1585837 -0.585 0.555 
-0.1588818 -0.5275136 0.5467185 
0.02225926 -0.8304377 0.4573287 
0.02116704 -0.8159809 0.4436273 
0.03375 -0.8068542 0.4344108 
0.03880607 -0.8475034 0.4684375 
0.05004085 -0.8107134 0.4406632 
0.06892364 -0.846985 0.4754255 
0.07660254 -0.8326404 0.4715101 
0.0820049 -0.8075767 0.4599498 
0.08856021 -0.805 0.475 
-0.1402454 -0.6755716 -0.2483352 
-0.1504024 -0.6537499 -0.25 
-0.1538524 -0.6484653 -0.2024275 
-0.1566429 -0.6350536 -0.2329349 
-0.1424086 -0.6729854 -0.2903994 
-0.1352984 -0.6743077 -0.2158671 
-0.1410845 -0.659375 -0.315 
-0.1273432 -0.7109634 -0.3253098 
-0.1269231 -0.698843 -0.2605843 
-0.125676 -0.6872234 -0.2291312 
-0.1158187 -0.7267789 -0.306964 
-0.1109622 -0.7123693 -0.2671847 
-0.1131673 -0.6742188 -0.175 
-0.1004931 -0.7384697 -0.3100969 
-0.1006027 -0.7272035 -0.2865345 
-0.1080162 -0.7043772 -0.2433454 
-0.09688023 -0.6960098 -0.2205293 
-0.09437864 -0.6845447 -0.1959604 
-0.09 -0.7064216 -0.2408947 
-0.08492561 -0.6789291 -0.1877267 
-0.085 -0.7366702 -0.295 
-0.085 -0.7277884 -0.280138 
-0.07729851 -0.6893166 -0.2156276 
-0.07450558 -0.7433948 -0.3095455 
-0.0689255 -0.7317361 -0.2955714 
-0.07374382 -0.7137128 -0.2593812 
-0.07448059 -0.7027715 -0.2394653 
-0.07376518 -0.6650438 -0.16375 
-0.06316355 -0.7109904 -0.2682183 
-0.06522609 -0.696703 -0.240322 
-0.06573904 -0.6676802 -0.1875321 
-0.05763859 -0.7306079 -0.3131459 
-0.05763312 -0.710507 -0.2853362 
-0.0558447 -0.6803048 -0.2444024 
-0.05882285 -0.6688209 -0.2124587 
-0.05901616 -0.6548777 -0.1951848 
-0.05064452 -0.7090625 -0.3138672 
-0.0512195 -0.68875 -0.281875 
-0.05241681 -0.67 -0.2595312 
-0.05418148 -0.665 -0.3 
-0.05329905 -0.645 -0.2475 
-0.1354194 -0.6886357 -0.332467 
-0.1359356 -0.6682352 -0.3424792 
-0.1262134 -0.7353431 -0.3931544 
-0.1243419 -0.7340672 -0.3681316 
-0.1263897 -0.7148946 -0.4035458 
-0.1309351 -0.70625 -0.350625 
-0.1290592 -0.6784382 -0.3769505 
-0.1278563 -0.6526944 -0.3508734 
-0.1200382 -0.7675 -0.4 
-0.1214056 -0.7589062 -0.44875 
-0.1232328 -0.755 -0.42625 
-0.1152514 -0.7517403 -0.3607549 
-0.1154334 -0.7302764 -0.4460013 
-0.116878 -0.7146395 -0.4318767 
-0.1180347 -0.699901 -0.4203511 
-0.122526 -0.6798319 -0.3982893 
-0.1212337 -0.66 -0.38 
-0.1167903 -0.6494499 -0.3843495 
-0.1103328 -0.7370954 -0.460156 
-0.1056817 -0.7544384 -0.3412637 
-0.1057806 -0.7016066 -0.4387604 
-0.09977543 -0.6730337 -0.4257379 
-0.1090808 -0.6690791 -0.4152662 
-0.1036659 -0.6469186 -0.4010963 
-0.09110821 -0.7822602 -0.3674724 
-0.09008801 -0.7605436 -0.3378992 
-0.09477367 -0.7053688 -0.4487417 
-0.09715043 -0.6543974 -0.4155318 
-0.08440092 -0.7706202 -0.3490731 
-0.07743227 -0.7131642 -0.4514962 
-0.085 -0.695 -0.441362 
-0.07918768 -0.6705651 -0.4265682 
-0.07937884 -0.6538613 -0.4160374 
-0.085 -0.6441627 -0.4062042 
-0.07057469 -0.7606893 -0.3386929 
-0.07683835 -0.6905748 -0.4364786 
-0.07676571 -0.6453468 -0.4044623 
-0.05964328 -0.7680714 -0.3634587 
-0.06573115 -0.7328365 -0.4619895 
-0.0640925 -0.6736756 -0.4204682 
-0.06376903 -0.6541572 -0.406073 
-0.06569792 -0.6441163 -0.3920884 
-0.05577375 -0.7900041 -0.399718 
-0.05479643 -0.7693226 -0.4584777 
-0.05572976 -0.74875 -0.4466583 
-0.058291 -0.7476071 -0.3371072 
-0.05867609 -0.73 -0.4475 
-0.05872122 -0.72 -0.435 
-0.05558016 -0.7267891 -0.4170731 
-0.06018288 -0.7025 -0.428125 
-0.05598763 -0.6972902 -0.3851171 
-0.0578181 -0.69 -0.41125 
-0.05859478 -0.676875 -0.4064063 
-0.05817313 -0.665 -0.405 
-0.05797987 -0.66 -0.385 
-0.05374278 -0.6694097 -0.3498227 
-0.05778106 -0.65 -0.37 
-0.06049301 -0.645 -0.385 
-0.05203397 -0.785 -0.455 
-0.05405881 -0.785 -0.445 
-0.05189435 -0.785 -0.4175 
-0.05073029 -0.770625 -0.409375 
-0.04971657 -0.754375 -0.39125 
-0.04927263 -0.7454981 -0.372793 
-0.04841044 -0.73 -0.3475 
-0.05273196 -0.7075 -0.38125 
-0.04855691 -0.7090625 -0.336875 
-0.05070176 -0.6925 -0.36 
0.020625 0.8871169 0.8824219 
0.03011591 0.8729163 0.8234399 
0.0325 0.8796701 0.84375 
0.03625 0.8886178 0.95625 
0.03558615 0.88568 0.8920006 
0.055001 0.8612182 0.81259 
0.05012903 0.8707278 0.8271812 
0.04833287 0.8768656 0.8546875 
0.045 0.8817962 0.895 
0.04516574 0.885478 0.9274914 
0.05509986 0.8726156 0.8424279 
0.06037944 0.878986 0.8825 
0.06 0.882997 0.9104239 
0.05560706 0.8854455 0.93375 
0.0690111 0.8561464 0.814523 
0.065 0.8708344 0.84 
0.06521602 0.8744376 0.8589309 
0.065 0.8822388 0.9325 
0.07512987 0.8476397 0.8098473 
0.07640568 0.8595781 0.8393737 
0.07647766 0.8670117 0.8475 
0.07743589 0.8681794 0.8781195 
0.07561669 0.8757755 0.921875 
0.08190093 0.8285306 0.8505678 
0.08216977 0.8326563 0.921875 
0.08398914 0.8280227 0.8815328 
0.08051892 0.845 0.845 
0.07717723 0.855 0.825 
0.08139325 0.85375 0.876875 
0.08185912 0.85625 0.9025 
0.08070792 0.865 0.905 
0.0175 0.847562 0.78036 
0.02680408 0.8312634 0.7612304 
0.04614217 0.8517313 0.7900465 
0.0514245 0.8375956 0.7725151 
0.06474191 0.8349079 0.7751036 
0.07041961 0.8397446 0.7904443 
0.1694462 -0.67 0.455 
0.1747868 -0.6588121 0.4197237 
0.173478 -0.6512438 0.38 
0.1727524 -0.655 0.395 
0.1734669 -0.65 0.4472799 
0.1784627 -0.645 0.395 
-0.04221999 0.7786919 1.003076 
-0.03434314 0.7655881 1.02125 
-0.03284125 0.7692108 1.051921 
-0.03973106 0.7881311 1.049368 
-0.01875 0.7608402 1.005625 
-0.02618535 0.7627704 1.038867 
-0.02030124 0.7630317 1.084994 
-0.03183831 0.775 1.08 
-0.02286325 0.7797116 1.102774 
-0.03195278 0.79 1.095 
-0.0161154 0.7842095 1.115735 
-0.003950522 0.7562711 1.027187 
-0.00414503 0.7607208 1.100003 
-0.1948284 -0.8165672 0.7006232 
-0.193238 -0.8233932 0.738125 
-0.1966489 -0.8175899 0.7721875 
-0.1948733 -0.8114818 0.6760947 
-0.1852011 -0.8343548 0.7123714 
-0.1752015 -0.8552991 0.7514473 
-0.1758666 -0.8558243 0.78125 
-0.1758345 -0.8456814 0.6990835 
-0.1752866 -0.8504264 0.72125 
-0.1645208 -0.8548399 0.6832709 
-0.165 -0.8571243 0.7125 
-0.165 -0.8595942 0.7775 
-0.1745523 -0.8340911 0.6517633 
-0.1616693 -0.8637095 0.7390625 
-0.221651 -0.295 0.345 
-0.2200458 -0.2819126 0.3425 
-0.2154838 -0.2793618 0.360467 
-0.2119677 -0.2674282 0.345 
-0.2092877 -0.2660978 0.3602761 
-0.2075244 -0.255 0.355 
-0.2114191 -0.22625 0.335 
-0.2052988 -0.215625 0.3554146 
-0.2103823 -0.21 0.345 
-0.2104473 -0.195 0.34 
-0.2028421 -0.189375 0.3757938 
-0.1945959 -0.2753253 0.3893058 
-0.1983411 -0.2403906 0.3715244 
-0.1958079 -0.225 0.3773582 
-0.1960184 -0.2100107 0.3850338 
-0.1943149 -0.2113758 0.3951291 
-0.1954663 -0.18 0.3954357 
-0.2023461 -0.165 0.385 
-0.1852289 -0.2861938 0.4126149 
-0.1898208 -0.2475 0.39 
-0.1919628 -0.24 0.395 
-0.184509 -0.2544393 0.4114279 
-0.185441 -0.2274114 0.4057787 
-0.1920785 -0.225 0.385 
-0.1905253 -0.225 0.395 
-0.1841093 -0.1988289 0.404264 
-0.1839152 -0.1713583 0.4041053 
-0.1820437 -0.28625 0.42375 
-0.1687355 -0.2910156 0.4464332 
-0.1772803 -0.257579 0.4301879 
-0.1758736 -0.23492 0.4242646 
-0.181235 -0.195 0.415 
-0.1744605 -0.195 0.4237897 
-0.1752972 -0.182283 0.4193765 
-0.1665717 -0.255 0.4479429 
-0.1689825 -0.228959 0.435194 
-0.1646848 -0.2253597 0.4444692 
-0.1653194 -0.1998263 0.4353712 
-0.1646534 -0.1865461 0.434595 
-0.075 0.365 0.487845 
-0.07072122 0.4158953 0.4936973 
-0.07465093 0.4370959 0.4947735 
-0.06514934 0.3458234 0.5051337 
-0.06680807 0.3622515 0.4960183 
-0.06148767 0.3679841 0.5035615 
-0.06200302 0.39 0.4937376 
-0.06505262 0.4601552 0.4974605 
-0.05634433 0.355 0.5062137 
-0.04785384 0.3767188 0.5101982 
-0.05285409 0.39 0.5036762 
-0.0509937 0.4198819 0.5070652 
-0.0510336 0.4628209 0.5118731 
-0.045 0.335 0.5145413 
-0.045 0.3459379 0.5146492 
-0.04594927 0.3603164 0.5154684 
-0.04104513 0.4472527 0.5146497 
-0.03111914 0.3454663 0.5138594 
-0.02626609 0.3587045 0.5183975 
-0.03618454 0.4225 0.5157257 
-0.02693419 0.4535435 0.5249338 
-0.02111829 0.335 0.513519 
-0.01890425 0.3849911 0.5222434 
-0.025 0.4225 0.5215974 
-0.02232894 0.4705241 0.5304535 
-0.01934354 0.415 0.5256394 
-0.005 0.38 0.5286309 
-0.005 0.47 0.5396149 
0.01446758 -0.6236122 0.105 
0.01439458 -0.6238562 0.1206397 
0.02368688 -0.6015087 0.09194582 
0.01850315 -0.5550995 0.06285194 
0.01085984 -0.5387109 0.02649488 
0.02067432 -0.6147661 0.1125 
0.02341237 -0.6134726 0.14 
0.02675866 -0.6052338 0.1040169 
0.03375 -0.5684402 0.07705249 
0.02866227 -0.5558996 0.07152256 
0.02792038 -0.535012 0.05178047 
0.02265445 -0.5200948 0.02481398 
0.02467858 -0.505 0.01553074 
0.04177102 -0.6041714 0.1143364 
0.04028172 -0.6046398 0.1423606 
0.03529562 -0.5855879 0.08479388 
0.03954222 -0.5088581 0.04591704 
0.02997509 -0.4990025 0.02763367 
0.04567423 -0.5953056 0.0943553 
0.04625893 -0.5806776 0.08744177 
0.04964047 -0.5535194 0.07366221 
0.05324744 -0.5050744 0.05429688 
0.06 -0.6022933 0.155 
0.06050691 -0.5859231 0.09662029 
0.0625 -0.56125 0.0809784 
0.06521321 -0.5751546 0.08479643 
0.065 -0.5013844 0.05562761 
0.08035707 -0.5900552 0.1499833 
0.07929631 -0.5859561 0.12625 
0.08158452 -0.5668166 0.09648668 
0.07539029 -0.5654138 0.08451673 
0.07516532 -0.5300705 0.06768948 
0.07841777 -0.5063452 0.06036441 
0.075 -0.485 0.0494047 
0.09347157 -0.5390451 0.08537676 
0.09357322 -0.572306 0.13 
0.1006617 -0.5758027 0.1476317 
0.0993684 -0.5580074 0.114292 
0.09440202 -0.5535103 0.09614228 
0.1068962 -0.4948522 0.07826254 
0.1102601 -0.563176 0.1368561 
0.1035068 -0.5327067 0.09578037 
0.1176097 -0.5463585 0.1238587 
0.1154357 -0.5352399 0.1094492 
0.1221607 -0.5178155 0.1079438 
0.1314348 -0.5476477 0.1422441 
0.1490489 -0.4882493 0.1192349 
0.1706838 0.02359375 0.3425 
0.1748321 0.03782673 0.3770386 
0.1720347 0.0425 0.405 
0.1759145 0.0542342 0.3322969 
0.1736813 0.05646414 0.3910934 
0.174505 0.06569227 0.3606136 
0.1725549 0.0725 0.405 
0.1735805 0.1025856 0.3991137 
0.1738939 0.1269019 0.4122938 
0.1747578 0.145 0.414381 
0.1776862 0.0825 0.36 
0.1758756 0.0825 0.39 
0.1763238 0.09999999 0.385 
0.1777937 0.110625 0.35875 
0.1763341 0.1199219 0.3817188 
0.1831877 0.1342237 0.3443291 
0.025 0.005 0.01938133 
0.06325278 -0.0165315 0.0207174 
0.07238898 -0.04697844 0.01036999 
0.07931729 -0.005705982 0.03330182 
0.086078 0.002318895 0.04186062 
0.097651 -0.03844099 0.02339741 
0.1009241 -0.0203955 0.03592514 
0.1025671 0.01486889 0.05508898 
0.1233021 -0.06666942 0.01621812 
0.1234641 -0.03946114 0.03678574 
0.1289476 -0.01983122 0.05246758 
0.1257752 -0.004502094 0.05469213 
0.1249901 0.0129813 0.06428117 
0.1416535 -0.0527114 0.03454258 
0.1411791 -0.03479025 0.05058584 
0.136116 -0.01240746 0.06403872 
0.145 -0.0669384 0.02611129 
0.1504161 -0.01750576 0.07220242 
0.150252 -0.004799023 0.07950907 
0.1451977 0.005820709 0.07478875 
0.1543697 -0.07889424 0.02609547 
0.1560925 -0.05388488 0.04591169 
0.1451973 0.008608992 0.085 
0.1580756 -0.002624372 0.1009597 
0.159918 -0.055 0.055 
0.07740694 0.4560167 -0.01148398 
0.08485141 0.4545851 -0.02517517 
0.08952902 0.4646744 -0.04044207 
0.095 0.4188519 -0.003576785 
0.09462678 0.4294767 -0.01282448 
0.103424 0.4100486 -0.007424625 
0.1177094 0.4589552 -0.06835634 
0.1209967 0.4206619 -0.03385269 
0.120732 0.4353252 -0.04967522 
0.1257953 0.3845236 -0.005514563 
0.1202393 0.4024269 -0.01766416 
0.1342065 0.4464041 -0.0705087 
0.145 0.3907823 -0.01516655 
0.145 0.4224789 -0.04774318 
0.1500938 0.4390413 -0.0608306 
0.145 0.4452977 -0.07459705 
0.1522659 0.4641888 -0.0862661 
0.1659559 0.4163691 -0.03130496 
-0.2127898 0.4383203 -0.01314267 
-0.2007398 0.3825342 -0.02039001 
-0.2048781 0.4270191 -0.03451708 
-0.2109736 0.455 -0.015 
-0.2079785 0.466436 -0.018125 
-0.1908722 0.4030749 -0.05166391 
-0.1968194 0.4741062 -0.04650224 
-0.1854464 0.3548948 -0.00946353 
-0.1897931 0.4321753 -0.07321326 
-0.1842889 0.4510171 -0.1087049 
-0.1888136 0.4625 -0.09999999 
-0.1853558 0.4662438 -0.1193888 
-0.1770206 0.4169397 -0.08662655 
-0.1729891 0.4492845 -0.1262562 
-0.161551 0.3519515 -0.02828615 
-0.1734892 0.3873191 -0.06176342 
-0.1659935 0.4503925 -0.1356292 
-0.1623683 -0.6284564 -0.2021811 
-0.1687629 -0.6128505 -0.1809375 
-0.1635953 -0.597814 -0.2211825 
-0.1683067 -0.575091 -0.1968694 
-0.1723111 -0.585 -0.175 
-0.1703368 -0.555 -0.17 
-0.1673287 -0.545 -0.165 
-0.1605456 -0.556875 -0.199375 
-0.1606003 -0.525 -0.17 
-0.2239729 -0.705 0.813367 
-0.2189302 -0.7543566 0.807513 
-0.2166739 -0.7325 0.8268027 
-0.2080289 -0.7199906 0.8338852 
-0.2126826 -0.7059193 0.8246005 
-0.215 -0.6959475 0.8139967 
-0.2018821 -0.7770104 0.8396693 
-0.198851 -0.7434375 0.8465272 
-0.202757 -0.702944 0.815 
-0.1953938 -0.7298407 0.8475259 
-0.1946762 -0.7148773 0.8351442 
-0.1942965 -0.7143469 0.815 
-0.1929158 -0.7130049 0.825 
-0.2047228 -0.705 0.825 
-0.1813483 -0.7540246 0.8631549 
-0.185 -0.740097 0.8575428 
-0.1853999 -0.7250901 0.8446843 
-0.1838057 -0.7237728 0.83 
-0.169669 -0.77 0.871343 
-0.17 -0.7377733 0.8545681 
-0.175 -0.7332085 0.835 
-0.175 -0.730819 0.845 
-0.165 -0.7512149 0.8660893 
-0.1608009 -0.7524117 0.8330306 
-0.1666478 -0.7364321 0.845 
0.04880767 -0.1354688 -0.2653906 
0.04945284 -0.1325 -0.234375 
0.05328643 -0.1281371 -0.1949897 
0.05260665 -0.107473 -0.2545808 
0.05842998 -0.09679688 -0.2210254 
0.06544338 -0.09119351 -0.1629948 
0.05700967 -0.085 -0.2775 
0.06797306 -0.07512682 -0.2111099 
0.07562489 -0.06535662 -0.2515578 
0.075 -0.07051534 -0.19 
0.08 -0.05992077 -0.298125 
0.08784477 -0.0655973 -0.2073895 
0.085 -0.06183223 -0.2525 
0.09923565 -0.06520092 -0.1800764 
0.09999999 -0.06251864 -0.21375 
0.110824 -0.06657369 -0.2491934 
0.11794 -0.06798098 -0.175 
0.1271931 -0.08291093 -0.253125 
0.1322286 -0.1048576 -0.2753045 
0.1351586 -0.09498195 -0.2410051 
0.1408626 -0.1278361 -0.2537868 
0.1393908 -0.08931301 -0.1930378 
0.1493767 -0.1275 -0.21625 
0.1531661 -0.1275 -0.1942274 
0.1537825 -0.113767 -0.1777828 
0.1731343 -0.855 0.815 
0.1736511 -0.8507104 0.8423761 
0.1649358 -0.8442883 0.8706864 
0.1814441 -0.8175 0.8635044 
0.1806837 -0.845 0.82 
0.1843246 -0.8249212 0.8485814 
0.2027513 -0.8006256 0.825 
-0.2511955 -0.4934961 0.09218932 
-0.2591224 -0.485 0.1225 
-0.2457567 -0.5048556 0.1396645 
-0.2413034 -0.4984491 0.06265999 
-0.2351141 -0.5190457 0.07430831 
-0.2373317 -0.5170653 0.09813848 
-0.2391484 -0.515 0.135 
-0.2205265 -0.5417297 0.06350436 
-0.2250415 -0.540453 0.106859 
-0.2244602 -0.5457453 0.1395065 
-0.225412 -0.5175948 0.03631764 
-0.2263881 -0.49 0.01670857 
-0.2100516 -0.5776254 0.1223717 
-0.2130406 -0.5688491 0.14375 
-0.2158067 -0.5653956 0.1561437 
-0.2128426 -0.5646552 0.08222292 
-0.2137073 -0.5325714 0.02125 
-0.2024272 -0.5908219 0.0831541 
-0.2046323 -0.5848712 0.1147145 
-0.2034768 -0.5753835 0.05247391 
-0.2038269 -0.5640322 0.04732104 
-0.2034968 -0.5597167 0.03366358 
-0.2050631 -0.5452666 0.01468448 
-0.2114736 -0.545 0.025 
-0.2139707 -0.545 0.035 
-0.1967465 -0.5911174 0.04427461 
-0.1954365 -0.5951622 0.1152356 
-0.1923577 -0.5879923 0.015 
-0.1860472 -0.6162649 0.02414997 
-0.1779333 -0.6156227 0.0696875 
-0.1941215 -0.5988009 0.0937199 
-0.181395 -0.6074626 0.1141943 
-0.1899838 -0.5939118 0.125 
-0.1883207 -0.58855 0.1439772 
-0.1697565 -0.6265464 0.03875 
-0.1754695 -0.6153811 0.08966379 
-0.1654134 -0.6281121 0.05249405 
-0.1656046 -0.6182656 0.1134322 
-0.1642152 -0.6135457 0.14 
-0.05814426 -1.157046 0.6483009 
-0.05652232 -1.135 0.6568203 
-0.03839819 -1.173447 0.6592021 
-0.03985761 -1.191331 0.648141 
-0.02620888 -1.216017 0.6469907 
-0.01763206 -1.20905 0.6546217 
-0.01472245 -1.177521 0.6719037 
-0.02459665 -1.149977 0.6808948 
-0.01964792 -1.132142 0.6926635 
-0.01541803 -1.225944 0.6453412 
-0.008944212 -1.19717 0.6636934 
-0.015 -1.125 0.6985104 
-0.005 -1.225879 0.6495572 
-0.07647617 -1.138917 0.5365454 
-0.07536151 -1.136994 0.5231664 
-0.07573932 -1.135658 0.5586624 
-0.07361126 -1.135789 0.6010754 
-0.07505891 -1.127973 0.58 
-0.06311642 -1.166371 0.5431149 
-0.065 -1.153281 0.5264474 
-0.06650873 -1.161139 0.5784616 
-0.07228327 -1.147656 0.61125 
-0.06705645 -1.1475 0.635 
-0.065 -1.137073 0.5191078 
-0.05572207 -1.175778 0.5818101 
-0.05384882 -1.183877 0.6125 
-0.05699983 -1.179684 0.635 
-0.05389436 -1.174057 0.5525 
-0.04451579 -1.157504 0.5250349 
-0.04201374 -1.197076 0.6200108 
-0.04541318 -1.185667 0.5828713 
-0.04466911 -1.194627 0.635 
-0.045 -1.177005 0.5409743 
-0.04400904 -1.181969 0.56 
-0.0348427 -1.131518 0.5134781 
-0.03365697 -1.210953 0.6245977 
-0.0361024 -1.208777 0.635 
-0.03303774 -1.199431 0.6011391 
-0.0326844 -1.18865 0.5617503 
-0.03012232 -1.174469 0.535577 
-0.02002356 -1.228563 0.6330724 
-0.02502191 -1.210035 0.6097555 
-0.01980561 -1.198152 0.569885 
-0.025 -1.166837 0.523472 
-0.02315595 -1.150093 0.5167857 
-0.01336981 -1.22188 0.6082982 
-0.0141543 -1.21 0.5879938 
-0.009474585 -1.185136 0.5443684 
-0.0125 -1.175506 0.5304772 
-0.015 -1.16 0.5195174 
-0.005372114 -1.234873 0.6308333 
-0.00506219 -1.209463 0.5804564 
-0.005 -1.180533 0.535 
0.0235073 0.05624492 0.04115992 
0.0225 0.1121724 0.06085674 
0.02279382 0.1335081 0.07302983 
0.02310134 0.149201 0.08281801 
0.02460079 0.02469793 0.02713748 
0.03 0.075 0.04841104 
0.035 0.04343311 0.03593494 
0.04180884 0.08369573 0.05374945 
0.042239 0.1098176 0.06375802 
0.04125 0.1264108 0.07133961 
0.035 0.155 0.08895002 
0.04908901 0.05032704 0.04388626 
0.06 0.09432532 0.06537815 
0.051875 0.139225 0.08337138 
0.05718725 0.03359081 0.04213947 
0.065 0.075 0.06156682 
0.07317484 0.1287608 0.07891961 
0.07375 0.1471097 0.08720537 
0.07680271 0.04618739 0.05627876 
0.08092567 0.1018641 0.07515383 
0.09271321 0.06308953 0.07180639 
0.085 0.115 0.07885391 
0.09 0.14375 0.08916087 
0.09556491 0.09433727 0.0822872 
0.105 0.02867251 0.06481505 
0.1077237 0.045 0.07372582 
0.1058544 0.05576051 0.07470872 
0.11 0.06625 0.08072367 
0.1123332 0.08397711 0.08744153 
0.105 0.09999999 0.08878525 
0.105 0.115 0.08958349 
0.1055838 0.1426092 0.09410907 
0.1169891 0.1015244 0.09404732 
0.1176824 0.1240625 0.09921388 
0.1269915 0.1421499 0.1053039 
0.1308633 0.03681732 0.08418623 
0.1342112 0.07311784 0.1021042 
0.1342117 0.09999999 0.1057372 
0.135 0.12 0.11081 
0.1462656 0.02080346 0.09523132 
0.1417103 0.065 0.115 
0.1482569 0.06108185 0.1320937 
0.1446043 0.07253523 0.1211298 
0.1433826 0.09154564 0.115497 
0.1466941 0.09126416 0.1294146 
0.1422834 0.115 0.115 
0.1449633 0.1151512 0.1251001 
0.1422451 0.125 0.119 
0.1480374 0.1485269 0.134358 
0.1566345 0.02401501 0.1311602 
0.1496336 0.04008398 0.122697 
0.1523267 0.1011696 0.1405258 
0.1509737 0.1311465 0.1376324 
0.1599774 0.08 0.155 
0.1598314 0.09999999 0.155 
0.158934 0.13 0.155 
0.1606581 0.145 0.155 
-0.265 -0.6327739 0.7 
-0.2050335 -0.4850504 0.364955 
-0.1941884 -0.6177527 0.3414857 
-0.1975884 -0.6131676 0.3830115 
-0.201289 -0.59625 0.3626562 
-0.2018003 -0.58 0.390625 
-0.1981486 -0.5891588 0.4219197 
-0.2005946 -0.5555469 0.3980859 
-0.1955644 -0.5589052 0.4558159 
-0.1991045 -0.54875 0.34875 
-0.2003859 -0.5579687 0.3734375 
-0.1987555 -0.535 0.4075 
-0.1988324 -0.5337189 0.44 
-0.1937984 -0.5475 0.464676 
-0.1994178 -0.535 0.365 
-0.1963734 -0.525 0.3425 
-0.1966514 -0.5202547 0.3675 
-0.195106 -0.5170947 0.42625 
-0.1962781 -0.5222265 0.4534583 
-0.1999069 -0.515 0.335 
-0.2002347 -0.5126586 0.3495832 
-0.1973007 -0.5082178 0.392872 
-0.1990245 -0.505 0.34 
-0.201037 -0.485 0.345 
-0.1998118 -0.485 0.355 
-0.1940714 -0.4950803 0.3632027 
-0.1951877 -0.4863353 0.375686 
-0.1952992 -0.4878136 0.4006324 
-0.195 -0.4797046 0.405 
-0.185558 -0.618125 0.4715754 
-0.1890684 -0.58125 0.46 
-0.1844161 -0.5908548 0.475 
-0.1886701 -0.5059723 0.4699137 
-0.1912284 -0.505 0.365 
-0.1878153 -0.4962484 0.444375 
-0.1910697 -0.495 0.385 
-0.1919819 -0.495 0.42 
-0.1919786 -0.485 0.385 
-0.182739 -0.605 0.475 
-0.1815085 -0.485 0.445 
-0.1783761 -0.485 0.455 
-0.180384 -0.485 0.465 
3 4 2 3 
3 6 8 7 
3 10 2 4 
3 5 1 9 
3 10 4 7 
3 5 9 6 
3 7 11 10 
3 6 9 12 
3 11 7 13 
3 8 13 7 
3 8 6 13 
3 12 13 6 
3 2 14 0 
3 15 16 1 
3 9 1 16 
3 17 10 11 
3 13 17 11 
3 18 17 13 
3 19 18 13 
3 20 19 13 
3 13 12 20 
3 22 14 2 
3 23 22 2 
3 23 2 10 
3 24 17 18 
3 19 24 18 
3 25 24 19 
3 25 19 26 
3 19 20 26 
3 26 20 27 
3 21 27 20 
3 27 21 28 
3 31 22 23 
3 26 27 29 
3 29 27 30 
3 27 28 30 
3 42 23 33 
3 33 23 10 
3 33 10 17 
3 34 17 24 
3 34 24 25 
3 35 34 25 
3 36 25 26 
3 36 35 25 
3 36 26 29 
3 29 30 37 
3 31 38 22 
3 31 23 42 
3 36 39 35 
3 39 36 29 
3 39 29 37 
3 39 37 40 
3 42 38 31 
3 63 43 33 
3 33 43 42 
3 63 33 17 
3 17 34 63 
3 34 44 63 
3 45 44 34 
3 34 35 45 
3 45 35 39 
3 39 46 45 
3 40 46 39 
3 47 38 49 
3 49 38 42 
3 51 41 50 
3 63 42 43 
3 44 54 63 
3 44 56 54 
3 56 57 55 
3 55 57 52 
3 52 57 51 
3 51 57 58 
3 51 58 53 
3 45 56 44 
3 57 56 45 
3 57 45 58 
3 58 45 46 
3 58 46 53 
3 59 49 60 
3 47 49 59 
3 48 61 50 
3 41 48 50 
3 49 62 60 
3 61 51 50 
3 63 62 42 
3 42 62 49 
3 54 64 63 
3 64 54 65 
3 65 54 56 
3 65 56 51 
3 51 56 55 
3 55 52 51 
3 48 66 67 
3 60 66 59 
3 66 68 67 
3 48 67 61 
3 67 68 51 
3 61 67 51 
3 63 60 62 
3 60 63 66 
3 66 63 69 
3 66 69 68 
3 68 70 51 
3 63 64 69 
3 69 64 68 
3 68 64 65 
3 68 65 70 
3 70 65 51 
3 71 73 72 
3 72 73 74 
3 74 73 75 
3 73 76 75 
3 76 73 79 
3 78 74 75 
3 82 78 75 
3 80 82 75 
3 76 80 75 
3 76 79 80 
3 79 77 84 
3 84 77 81 
3 83 80 79 
3 83 79 85 
3 86 79 87 
3 87 79 84 
3 87 84 81 
3 80 88 82 
3 88 80 83 
3 79 86 85 
3 83 89 88 
3 90 83 85 
3 91 85 86 
3 91 86 87 
3 82 93 92 
3 82 92 7659 
3 82 88 93 
3 83 90 89 
3 91 87 94 
3 7659 92 95 
3 88 89 93 
3 90 96 89 
3 85 91 90 
3 91 97 90 
3 91 94 97 
3 92 93 102 
3 102 93 99 
3 96 100 89 
3 90 101 96 
3 96 101 100 
3 90 97 101 
3 98 644 94 
3 92 102 95 
3 89 103 99 
3 93 89 99 
3 103 89 100 
3 101 103 100 
3 97 103 101 
3 103 102 99 
3 103 97 94 
3 104 94 644 
3 104 644 2851 
3 105 106 107 
3 106 108 107 
3 115 108 106 
3 107 108 109 
3 109 108 111 
3 108 110 111 
3 123 112 105 
3 105 112 114 
3 112 113 114 
3 113 106 114 
3 106 113 115 
3 116 123 105 
3 106 105 114 
3 107 117 116 
3 105 107 116 
3 117 107 127 
3 127 107 118 
3 118 109 119 
3 118 107 109 
3 111 120 109 
3 110 120 111 
3 121 120 110 
3 122 112 123 
3 122 124 112 
3 124 113 112 
3 115 113 124 
3 125 123 126 
3 126 123 116 
3 117 126 116 
3 127 126 117 
3 127 118 128 
3 118 119 128 
3 128 119 129 
3 129 119 109 
3 109 120 129 
3 122 123 131 
3 122 132 124 
3 132 130 124 
3 123 133 131 
3 134 133 125 
3 125 133 123 
3 126 134 125 
3 126 127 135 
3 130 132 136 
3 130 136 2986 
3 137 136 131 
3 131 136 122 
3 132 122 136 
3 138 137 133 
3 131 133 137 
3 138 134 139 
3 138 133 134 
3 139 134 126 
3 126 135 139 
3 135 127 140 
3 127 128 140 
3 140 128 129 
3 2986 136 141 
3 146 136 137 
3 138 142 137 
3 146 137 142 
3 143 138 139 
3 138 143 142 
3 144 139 135 
3 144 135 140 
3 141 136 145 
3 142 147 146 
3 147 142 143 
3 148 144 140 
3 146 149 136 
3 150 146 147 
3 143 152 151 
3 147 143 151 
3 150 147 151 
3 152 143 139 
3 152 139 153 
3 144 153 139 
3 153 144 148 
3 148 140 154 
3 150 156 146 
3 151 156 150 
3 153 151 152 
3 157 153 148 
3 157 148 158 
3 158 148 154 
3 146 156 159 
3 146 159 149 
3 149 159 160 
3 136 149 160 
3 155 136 160 
3 151 161 156 
3 156 161 159 
3 159 161 162 
3 151 153 157 
3 151 157 161 
3 161 157 163 
3 162 161 163 
3 163 157 164 
3 157 158 164 
3 164 158 165 
3 165 158 154 
3 155 160 159 
3 155 159 167 
3 166 155 167 
3 162 163 159 
3 159 163 164 
3 168 166 167 
3 170 171 168 
3 167 159 172 
3 159 164 172 
3 167 172 173 
3 164 165 172 
3 172 165 169 
3 172 169 173 
3 173 169 170 
3 173 170 167 
3 167 170 168 
3 178 179 177 
3 176 177 174 
3 177 179 174 
3 174 179 180 
3 180 181 174 
3 181 183 182 
3 174 181 182 
3 182 183 184 
3 178 185 179 
3 185 186 187 
3 180 179 189 
3 179 185 189 
3 185 187 189 
3 188 190 189 
3 188 189 186 
3 186 189 187 
3 181 180 189 
3 189 190 181 
3 191 183 190 
3 190 183 181 
3 183 191 192 
3 183 192 184 
3 192 193 184 
3 194 184 193 
3 195 186 185 
3 186 196 188 
3 195 196 186 
3 190 188 197 
3 197 188 196 
3 197 191 190 
3 206 198 191 
3 198 192 191 
3 192 200 193 
3 200 192 199 
3 201 194 193 
3 193 200 201 
3 194 201 200 
3 202 194 200 
3 196 203 204 
3 196 195 203 
3 196 204 205 
3 205 197 196 
3 191 197 206 
3 206 197 205 
3 206 207 198 
3 207 192 198 
3 199 207 208 
3 192 207 199 
3 208 209 199 
3 209 200 199 
3 204 211 205 
3 203 211 204 
3 212 206 205 
3 206 212 207 
3 207 213 208 
3 213 209 208 
3 213 200 209 
3 213 214 200 
3 214 202 200 
3 210 215 203 
3 203 215 216 
3 216 211 203 
3 217 205 216 
3 216 205 211 
3 217 212 205 
3 217 207 212 
3 218 214 213 
3 219 210 203 
3 215 210 222 
3 222 216 215 
3 222 217 216 
3 220 207 217 
3 213 207 220 
3 221 213 220 
3 218 213 221 
3 224 217 223 
3 223 217 222 
3 224 225 220 
3 220 217 224 
3 225 221 220 
3 226 222 229 
3 226 227 223 
3 223 222 226 
3 227 224 223 
3 228 224 227 
3 227 225 228 
3 228 225 224 
3 230 227 229 
3 227 226 229 
3 231 227 230 
3 232 227 231 
3 233 235 234 
3 234 235 229 
3 233 231 235 
3 235 231 230 
3 230 229 235 
3 238 236 239 
3 239 236 240 
3 239 240 241 
3 244 243 245 
3 246 236 238 
3 238 239 241 
3 238 241 247 
3 247 241 242 
3 248 242 243 
3 248 243 249 
3 249 243 244 
3 249 244 250 
3 244 245 250 
3 251 246 238 
3 251 238 252 
3 252 238 247 
3 253 252 242 
3 252 247 242 
3 248 249 254 
3 249 255 254 
3 249 250 255 
3 257 251 252 
3 257 252 258 
3 253 259 252 
3 259 258 252 
3 259 253 260 
3 242 260 253 
3 261 262 260 
3 242 261 260 
3 263 261 242 
3 248 263 242 
3 262 263 264 
3 261 263 262 
3 248 264 263 
3 248 254 264 
3 254 265 264 
3 265 254 255 
3 255 266 265 
3 266 255 267 
3 251 268 256 
3 246 251 256 
3 268 251 269 
3 269 251 257 
3 270 269 257 
3 258 270 257 
3 259 270 258 
3 270 259 271 
3 272 259 260 
3 272 271 259 
3 273 272 260 
3 274 273 275 
3 262 275 260 
3 275 273 260 
3 276 274 275 
3 262 264 275 
3 264 265 275 
3 277 276 278 
3 276 275 278 
3 275 266 278 
3 265 266 275 
3 267 279 266 
3 279 278 266 
3 278 279 277 
3 280 268 269 
3 269 270 280 
3 270 281 280 
3 281 270 271 
3 282 281 271 
3 282 272 273 
3 282 273 291 
3 271 272 282 
3 291 273 292 
3 283 292 276 
3 274 276 292 
3 292 273 274 
3 284 283 276 
3 276 277 284 
3 286 284 277 
3 287 256 288 
3 288 256 268 
3 288 268 280 
3 289 288 280 
3 280 281 289 
3 289 281 290 
3 282 291 290 
3 291 289 290 
3 290 281 282 
3 293 292 283 
3 295 293 294 
3 294 293 283 
3 284 294 283 
3 284 295 294 
3 295 284 285 
3 296 297 298 
3 297 299 298 
3 297 288 299 
3 299 288 289 
3 299 291 298 
3 291 299 289 
3 292 298 291 
3 301 300 295 
3 293 295 300 
3 292 293 300 
3 302 301 295 
3 303 287 304 
3 304 287 288 
3 304 297 305 
3 297 296 305 
3 297 304 288 
3 306 305 298 
3 296 298 305 
3 307 306 298 
3 300 307 292 
3 292 307 298 
3 309 303 304 
3 310 309 305 
3 309 304 305 
3 310 305 311 
3 311 305 306 
3 312 306 300 
3 312 311 306 
3 307 300 306 
3 300 308 312 
3 303 309 313 
3 313 309 314 
3 309 310 314 
3 314 310 311 
3 314 311 315 
3 315 311 312 
3 316 287 303 
3 314 317 313 
3 317 314 318 
3 318 314 315 
3 319 313 320 
3 313 317 320 
3 320 317 318 
3 316 321 322 
3 316 303 321 
3 321 303 313 
3 320 323 319 
3 323 320 318 
3 324 322 321 
3 319 325 313 
3 325 321 313 
3 324 321 325 
3 325 319 323 
3 318 326 325 
3 323 318 325 
3 318 327 326 
3 324 328 322 
3 322 328 329 
3 326 327 945 
3 325 326 945 
3 330 332 333 
3 330 333 331 
3 334 336 335 
3 339 335 336 
3 337 340 334 
3 334 340 336 
3 339 336 71 
3 343 342 341 
3 343 345 342 
3 346 345 343 
3 6665 346 343 
3 348 344 345 
3 348 345 347 
3 345 350 347 
3 346 6665 350 
3 350 345 346 
3 349 347 350 
3 351 348 347 
3 347 349 351 
3 352 350 6665 
3 349 353 351 
3 351 353 355 
3 357 353 350 
3 350 353 349 
3 352 357 350 
3 348 351 354 
3 355 356 351 
3 356 355 353 
3 353 357 356 
3 359 365 361 
3 364 362 365 
3 362 366 365 
3 372 363 360 
3 368 372 360 
3 363 364 361 
3 363 361 360 
3 361 364 359 
3 359 364 365 
3 366 367 365 
3 370 367 362 
3 372 376 363 
3 376 364 363 
3 364 371 362 
3 362 367 366 
3 373 372 368 
3 375 374 370 
3 6651 375 371 
3 371 375 377 
3 375 362 377 
3 375 370 362 
3 378 376 372 
3 6651 364 376 
3 371 364 6651 
3 362 371 377 
3 373 378 372 
3 379 380 381 
3 382 379 381 
3 384 382 381 
3 381 383 384 
3 383 385 384 
3 385 383 386 
3 385 386 388 
3 386 389 388 
3 392 384 385 
3 385 388 392 
3 394 391 390 
3 388 393 395 
3 396 397 379 
3 379 397 380 
3 397 398 380 
3 398 400 380 
3 396 379 401 
3 380 400 381 
3 402 405 404 
3 405 402 406 
3 382 403 401 
3 379 382 401 
3 381 400 407 
3 400 402 407 
3 402 404 407 
3 404 405 407 
3 383 381 407 
3 407 405 408 
3 409 408 405 
3 405 406 409 
3 410 403 382 
3 383 407 386 
3 407 408 386 
3 408 411 386 
3 384 410 382 
3 387 386 413 
3 386 411 413 
3 387 389 386 
3 413 415 387 
3 413 411 415 
3 411 416 415 
3 384 392 414 
3 389 387 388 
3 387 417 388 
3 387 415 417 
3 415 416 417 
3 390 391 418 
3 411 419 416 
3 411 418 419 
3 393 388 417 
3 416 419 417 
3 391 420 418 
3 391 394 420 
3 417 419 421 
3 419 422 421 
3 419 418 422 
3 418 423 422 
3 418 420 423 
3 399 398 425 
3 398 402 400 
3 399 402 398 
3 426 396 401 
3 399 425 402 
3 425 431 402 
3 431 3918 402 
3 426 401 403 
3 406 402 3918 
3 3918 427 406 
3 406 427 409 
3 408 409 411 
3 409 427 411 
3 427 412 411 
3 390 411 412 
3 384 414 410 
3 428 411 390 
3 410 414 429 
3 411 428 418 
3 390 418 428 
3 432 426 403 
3 410 433 432 
3 403 410 432 
3 433 410 434 
3 434 410 429 
3 435 434 429 
3 414 435 429 
3 414 436 435 
3 430 436 414 
3 437 424 396 
3 437 396 438 
3 438 396 426 
3 438 426 432 
3 439 438 432 
3 439 432 433 
3 440 424 437 
3 433 434 442 
3 434 435 442 
3 442 435 436 
3 439 433 442 
3 441 440 437 
3 441 437 443 
3 443 437 438 
3 443 438 439 
3 443 439 442 
3 442 436 444 
3 440 441 445 
3 445 441 446 
3 446 441 443 
3 446 443 442 
3 447 6402 448 
3 447 448 449 
3 449 448 450 
3 456 6402 451 
3 451 447 452 
3 451 6402 447 
3 452 449 453 
3 447 449 452 
3 453 449 454 
3 449 450 454 
3 455 456 465 
3 455 464 456 
3 457 465 451 
3 465 456 451 
3 457 451 458 
3 459 458 451 
3 452 459 451 
3 458 459 460 
3 459 452 460 
3 460 452 453 
3 460 453 461 
3 461 453 462 
3 463 453 454 
3 455 465 464 
3 464 6423 456 
3 457 466 465 
3 468 467 466 
3 468 466 457 
3 468 457 458 
3 468 458 469 
3 469 458 470 
3 470 458 460 
3 469 470 460 
3 461 471 460 
3 471 469 460 
3 461 462 471 
3 462 472 471 
3 462 453 472 
3 463 472 453 
3 474 475 473 
3 473 465 474 
3 477 475 474 
3 476 477 474 
3 466 476 465 
3 476 474 465 
3 476 466 467 
3 476 467 478 
3 476 478 477 
3 468 478 467 
3 478 468 479 
3 469 479 468 
3 479 469 481 
3 469 471 481 
3 481 471 482 
3 472 482 471 
3 464 465 483 
3 465 484 483 
3 473 484 465 
3 486 485 473 
3 486 473 487 
3 473 475 487 
3 477 487 475 
3 477 488 487 
3 478 488 477 
3 488 478 479 
3 488 479 490 
3 492 489 493 
3 489 492 480 
3 490 481 491 
3 479 481 490 
3 491 481 482 
3 491 492 493 
3 491 482 492 
3 482 480 492 
3 495 7339 494 
3 494 7339 473 
3 7339 484 473 
3 496 495 494 
3 473 496 494 
3 473 497 496 
3 473 485 497 
3 486 497 485 
3 497 486 498 
3 486 487 498 
3 488 498 487 
3 500 489 499 
3 490 501 488 
3 501 502 500 
3 500 502 489 
3 501 490 491 
3 501 491 502 
3 502 491 493 
3 489 502 493 
3 7339 504 503 
3 7339 495 504 
3 504 495 505 
3 496 505 495 
3 505 496 497 
3 505 497 506 
3 506 497 498 
3 488 510 498 
3 510 506 498 
3 510 511 507 
3 511 512 507 
3 507 512 513 
3 507 513 508 
3 508 513 509 
3 510 488 511 
3 512 511 501 
3 512 501 513 
3 513 501 500 
3 500 509 513 
3 509 500 499 
3 501 511 488 
3 503 515 514 
3 7339 503 514 
3 504 515 503 
3 505 515 504 
3 516 505 506 
3 516 506 518 
3 507 520 519 
3 520 508 517 
3 508 509 517 
3 518 510 519 
3 518 506 510 
3 519 510 507 
3 508 520 507 
3 369 367 521 
3 515 522 514 
3 505 522 515 
3 522 505 523 
3 516 518 505 
3 505 518 523 
3 523 518 526 
3 526 519 527 
3 527 520 528 
3 519 520 527 
3 528 520 524 
3 520 517 524 
3 517 525 524 
3 518 519 526 
3 370 529 367 
3 529 530 367 
3 367 530 521 
3 521 530 369 
3 530 532 369 
3 530 531 532 
3 522 523 533 
3 524 537 536 
3 523 526 533 
3 533 526 534 
3 534 526 527 
3 534 527 535 
3 535 527 536 
3 536 527 528 
3 536 528 524 
3 525 537 524 
3 374 538 370 
3 538 529 370 
3 529 538 530 
3 538 539 530 
3 540 542 539 
3 539 542 545 
3 542 540 545 
3 540 546 545 
3 548 541 544 
3 539 545 530 
3 545 546 549 
3 546 543 549 
3 543 541 549 
3 545 531 530 
3 545 549 531 
3 541 550 549 
3 541 551 550 
3 550 552 549 
3 531 553 532 
3 531 549 553 
3 549 552 553 
3 552 2480 553 
3 556 554 555 
3 564 557 554 
3 559 561 560 
3 560 561 562 
3 562 561 555 
3 556 555 561 
3 564 561 563 
3 561 564 554 
3 556 561 554 
3 565 557 564 
3 557 565 558 
3 567 559 566 
3 568 559 567 
3 559 568 561 
3 569 570 568 
3 568 570 561 
3 563 561 570 
3 571 565 564 
3 566 572 573 
3 567 573 574 
3 566 573 567 
3 574 568 567 
3 574 569 568 
3 569 575 570 
3 570 575 563 
3 563 575 576 
3 578 564 563 
3 571 564 578 
3 579 573 572 
3 574 573 579 
3 581 574 580 
3 581 569 574 
3 581 575 569 
3 581 582 575 
3 582 576 575 
3 576 583 563 
3 576 582 583 
3 577 563 583 
3 584 577 583 
3 563 577 578 
3 585 578 577 
3 586 571 578 
3 574 579 580 
3 587 584 583 
3 587 577 584 
3 585 577 587 
3 585 586 578 
3 589 580 588 
3 588 580 579 
3 581 580 590 
3 581 590 582 
3 587 583 591 
3 592 585 587 
3 585 592 593 
3 589 588 594 
3 594 580 589 
3 594 590 580 
3 587 595 592 
3 587 591 595 
3 593 592 595 
3 594 588 596 
3 596 597 594 
3 594 597 598 
3 599 594 598 
3 590 594 599 
3 600 590 599 
3 582 590 600 
3 582 600 583 
3 601 595 591 
3 588 602 596 
3 602 603 597 
3 602 597 596 
3 603 598 597 
3 603 599 598 
3 603 604 599 
3 604 600 599 
3 605 591 600 
3 600 591 583 
3 601 591 605 
3 606 601 605 
3 595 601 606 
3 607 595 606 
3 608 603 602 
3 603 609 604 
3 604 610 600 
3 606 605 611 
3 612 603 608 
3 612 609 603 
3 612 613 609 
3 613 604 609 
3 613 610 604 
3 613 614 610 
3 614 600 610 
3 614 605 600 
3 614 615 605 
3 615 611 605 
3 611 615 616 
3 606 611 616 
3 606 616 607 
3 618 619 624 
3 336 340 620 
3 336 620 71 
3 621 620 337 
3 620 340 337 
3 617 622 337 
3 622 621 337 
3 617 623 622 
3 618 623 617 
3 623 618 622 
3 618 624 631 
3 621 622 620 
3 620 625 71 
3 71 625 73 
3 622 626 620 
3 620 626 627 
3 620 627 625 
3 618 626 622 
3 625 627 628 
3 625 628 73 
3 626 618 627 
3 630 627 629 
3 627 618 629 
3 631 629 618 
3 629 631 630 
3 632 631 624 
3 632 624 633 
3 73 628 627 
3 73 634 79 
3 627 634 73 
3 627 630 635 
3 635 630 631 
3 627 635 634 
3 635 631 634 
3 631 632 634 
3 77 79 634 
3 633 634 632 
3 634 633 636 
3 81 77 634 
3 637 81 634 
3 634 636 637 
3 81 637 638 
3 639 81 638 
3 87 81 639 
3 641 87 639 
3 641 639 640 
3 87 641 94 
3 94 641 98 
3 98 641 640 
3 642 643 640 
3 640 643 644 
3 98 640 644 
3 6383 2851 644 
3 650 649 651 
3 648 649 647 
3 649 650 647 
3 645 647 652 
3 653 647 654 
3 650 654 647 
3 651 655 650 
3 656 652 657 
3 647 658 652 
3 652 658 657 
3 653 658 647 
3 654 650 655 
3 663 656 657 
3 663 657 658 
3 658 653 663 
3 653 654 664 
3 654 655 664 
3 665 656 666 
3 661 656 665 
3 660 665 667 
3 666 656 663 
3 662 659 668 
3 659 660 668 
3 666 663 669 
3 669 663 653 
3 669 653 670 
3 653 664 670 
3 655 671 664 
3 665 672 667 
3 666 672 665 
3 667 672 673 
3 666 674 672 
3 666 669 674 
3 673 672 675 
3 672 674 675 
3 674 676 675 
3 674 669 676 
3 667 668 660 
3 673 668 667 
3 668 677 7782 
3 668 673 677 
3 673 678 677 
3 673 679 678 
3 675 679 673 
3 669 670 676 
3 7782 681 680 
3 7782 677 681 
3 678 681 677 
3 681 678 686 
3 686 678 679 
3 670 682 676 
3 682 670 664 
3 682 664 683 
3 664 671 684 
3 664 684 683 
3 676 685 675 
3 675 686 679 
3 675 685 686 
3 685 687 686 
3 685 676 687 
3 676 682 687 
3 688 680 681 
3 681 686 688 
3 687 689 686 
3 682 689 687 
3 683 689 682 
3 680 688 690 
3 683 684 691 
3 686 689 694 
3 694 689 692 
3 689 683 692 
3 692 683 693 
3 683 691 693 
3 686 694 688 
3 692 693 696 
3 690 688 697 
3 697 688 698 
3 688 694 698 
3 694 692 698 
3 697 695 690 
3 695 697 699 
3 697 698 699 
3 699 698 700 
3 700 698 692 
3 695 699 703 
3 699 700 703 
3 701 700 696 
3 700 692 696 
3 702 695 703 
3 700 708 703 
3 708 701 704 
3 700 701 708 
3 704 696 705 
3 701 696 704 
3 706 702 707 
3 703 707 702 
3 707 703 708 
3 704 705 709 
3 711 706 712 
3 712 706 707 
3 712 707 713 
3 713 707 708 
3 713 708 714 
3 704 709 714 
3 704 714 708 
3 6455 715 716 
3 717 718 6455 
3 718 715 6455 
3 718 719 715 
3 719 720 715 
3 717 721 718 
3 721 722 718 
3 722 723 718 
3 718 723 719 
3 723 724 719 
3 724 725 719 
3 725 726 719 
3 726 720 719 
3 729 727 730 
3 721 729 730 
3 730 727 722 
3 727 723 722 
3 727 728 723 
3 722 721 730 
3 723 728 724 
3 728 731 724 
3 731 732 724 
3 724 732 725 
3 732 733 725 
3 727 736 734 
3 2596 727 734 
3 728 727 2596 
3 2596 737 728 
3 736 729 735 
3 727 729 736 
3 728 737 731 
3 738 732 731 
3 738 733 732 
3 740 741 745 
3 745 743 740 
3 740 743 739 
3 739 746 742 
3 747 743 745 
3 745 744 754 
3 748 739 749 
3 748 746 739 
3 747 745 751 
3 751 753 747 
3 753 749 747 
3 747 749 743 
3 739 743 749 
3 750 745 754 
3 751 745 750 
3 746 748 752 
3 750 754 756 
3 753 751 750 
3 749 759 752 
3 748 749 752 
3 756 755 750 
3 759 749 753 
3 755 757 750 
3 753 750 757 
3 758 752 759 
3 5957 756 754 
3 757 760 753 
3 759 753 760 
3 754 744 5957 
3 759 760 761 
3 760 757 755 
3 759 761 773 
3 761 760 773 
3 762 756 763 
3 756 764 755 
3 764 765 755 
3 765 760 755 
3 759 773 758 
3 756 762 764 
3 766 762 763 
3 765 773 760 
3 767 758 773 
3 766 768 762 
3 768 769 762 
3 770 766 763 
3 768 766 770 
3 769 771 762 
3 762 771 764 
3 771 772 764 
3 764 772 765 
3 770 774 768 
3 768 775 769 
3 774 775 768 
3 775 771 769 
3 772 771 775 
3 772 773 765 
3 776 777 775 
3 777 772 775 
3 758 779 778 
3 758 780 779 
3 758 767 780 
3 780 767 773 
3 781 773 772 
3 770 784 774 
3 776 782 777 
3 772 782 781 
3 772 777 782 
3 780 783 779 
3 780 773 783 
3 773 781 783 
3 784 785 774 
3 785 775 774 
3 785 786 775 
3 786 782 775 
3 775 782 776 
3 779 787 778 
3 3030 783 781 
3 786 788 782 
3 784 331 789 
3 785 784 789 
3 785 790 786 
3 786 790 788 
3 331 785 789 
3 795 794 793 
3 796 791 792 
3 792 797 796 
3 794 798 793 
3 795 798 794 
3 799 795 791 
3 793 798 800 
3 797 792 802 
3 791 796 803 
3 801 795 804 
3 795 799 804 
3 795 801 798 
3 801 800 798 
3 796 797 803 
3 804 799 805 
3 801 804 806 
3 807 800 808 
3 800 801 808 
3 807 808 809 
3 799 791 810 
3 791 803 810 
3 810 803 811 
3 797 802 811 
3 797 811 803 
3 805 806 804 
3 806 805 810 
3 805 799 810 
3 801 806 808 
3 813 820 817 
3 811 813 810 
3 820 813 811 
3 810 813 814 
3 810 814 806 
3 806 814 815 
3 808 806 815 
3 809 816 812 
3 817 818 813 
3 818 821 813 
3 821 814 813 
3 814 822 815 
3 822 808 815 
3 822 816 808 
3 816 809 808 
3 821 818 817 
3 821 822 814 
3 828 817 827 
3 827 817 829 
3 817 820 829 
3 817 828 821 
3 830 831 828 
3 828 831 822 
3 822 821 828 
3 830 822 831 
3 822 830 832 
3 822 832 833 
3 834 822 833 
3 826 825 836 
3 1742 837 835 
3 825 824 836 
3 824 839 836 
3 836 839 826 
3 826 839 1742 
3 1742 839 837 
3 837 839 840 
3 838 841 823 
3 823 841 824 
3 839 824 842 
3 839 827 840 
3 824 841 842 
3 839 842 828 
3 828 827 839 
3 827 829 840 
3 840 829 1164 
3 841 830 842 
3 828 842 830 
3 830 843 832 
3 843 844 833 
3 832 843 833 
3 833 844 834 
3 840 835 837 
3 848 846 847 
3 846 848 845 
3 845 848 849 
3 847 851 848 
3 851 849 848 
3 852 847 850 
3 853 852 850 
3 853 854 852 
3 853 856 854 
3 857 858 855 
3 858 859 855 
3 855 859 860 
3 861 856 853 
3 862 863 857 
3 858 857 863 
3 864 859 858 
3 859 864 860 
3 862 866 863 
3 858 863 867 
3 863 866 867 
3 858 867 864 
3 867 868 864 
3 864 868 860 
3 869 868 867 
3 845 849 3958 
3 3958 849 871 
3 849 873 871 
3 847 852 874 
3 847 874 851 
3 851 874 849 
3 873 849 874 
3 852 875 874 
3 872 876 870 
3 870 876 855 
3 852 854 875 
3 854 877 875 
3 876 857 855 
3 856 877 854 
3 877 856 879 
3 878 857 876 
3 856 861 879 
3 862 857 878 
3 861 865 880 
3 861 880 879 
3 862 878 866 
3 881 866 878 
3 867 866 881 
3 882 867 881 
3 867 882 869 
3 869 882 883 
3 883 882 884 
3 886 887 870 
3 3958 888 885 
3 888 3958 889 
3 889 3958 871 
3 870 887 872 
3 889 871 873 
3 890 889 873 
3 891 874 875 
3 874 891 873 
3 873 891 892 
3 873 892 890 
3 893 878 872 
3 872 878 876 
3 875 877 891 
3 878 893 894 
3 877 879 891 
3 891 879 892 
3 892 879 895 
3 894 896 878 
3 880 895 879 
3 897 880 865 
3 880 897 895 
3 896 898 878 
3 878 898 881 
3 865 895 897 
3 896 900 898 
3 900 901 881 
3 900 881 898 
3 882 881 901 
3 901 902 882 
3 884 882 902 
3 903 884 902 
3 884 903 904 
3 884 904 883 
3 885 907 905 
3 906 905 907 
3 906 907 908 
3 909 907 885 
3 888 909 885 
3 907 909 908 
3 908 910 886 
3 888 889 911 
3 888 911 909 
3 909 911 912 
3 909 912 908 
3 908 912 913 
3 908 913 914 
3 908 914 910 
3 910 914 915 
3 886 910 887 
3 887 910 915 
3 911 889 912 
3 912 889 916 
3 912 916 913 
3 913 916 914 
3 914 916 915 
3 915 916 917 
3 915 917 887 
3 887 917 872 
3 889 890 916 
3 917 916 893 
3 893 872 917 
3 890 892 916 
3 892 918 916 
3 893 916 894 
3 892 919 918 
3 920 919 892 
3 895 920 892 
3 919 920 918 
3 896 894 916 
3 895 921 920 
3 920 921 922 
3 920 922 918 
3 921 895 922 
3 918 922 916 
3 916 922 923 
3 916 923 896 
3 924 865 899 
3 895 865 924 
3 895 924 922 
3 925 900 896 
3 926 922 924 
3 926 923 922 
3 925 901 900 
3 901 927 902 
3 927 928 902 
3 903 902 928 
3 903 928 904 
3 929 896 923 
3 925 896 929 
3 930 923 926 
3 923 930 929 
3 931 925 930 
3 925 929 930 
3 931 901 925 
3 924 932 926 
3 926 932 933 
3 926 933 930 
3 931 934 901 
3 924 935 932 
3 932 936 933 
3 937 933 936 
3 930 933 937 
3 931 930 938 
3 934 931 938 
3 938 940 934 
3 940 941 901 
3 940 901 934 
3 927 901 941 
3 942 932 939 
3 932 942 936 
3 937 936 943 
3 930 937 943 
3 329 328 944 
3 324 950 328 
3 324 325 950 
3 950 944 328 
3 944 946 947 
3 949 944 950 
3 325 945 951 
3 327 952 945 
3 948 947 946 
3 946 944 949 
3 953 946 949 
3 948 946 953 
3 950 953 949 
3 325 951 963 
3 950 325 963 
3 951 945 963 
3 945 954 963 
3 945 952 954 
3 955 956 948 
3 955 948 953 
3 955 953 957 
3 953 950 963 
3 958 935 948 
3 956 959 948 
3 958 948 959 
3 955 957 960 
3 956 955 961 
3 961 955 960 
3 956 961 959 
3 953 962 957 
3 962 960 957 
3 960 959 961 
3 963 962 953 
3 965 935 958 
3 958 959 965 
3 962 966 960 
3 960 966 959 
3 966 965 959 
3 967 963 954 
3 954 964 967 
3 964 968 967 
3 966 962 970 
3 971 962 963 
3 970 962 971 
3 968 969 967 
3 967 969 972 
3 972 969 973 
3 974 966 970 
3 971 963 970 
3 970 963 974 
3 963 967 976 
3 975 963 976 
3 975 976 977 
3 967 978 976 
3 976 978 988 
3 967 972 978 
3 978 972 988 
3 965 966 980 
3 974 963 981 
3 974 981 982 
3 974 982 966 
3 966 982 983 
3 966 983 980 
3 981 963 985 
3 986 983 982 
3 983 986 980 
3 980 986 987 
3 980 987 984 
3 985 963 975 
3 994 984 987 
3 975 977 985 
3 977 976 985 
3 976 988 985 
3 985 988 989 
3 988 972 989 
3 972 979 989 
3 989 979 990 
3 986 982 981 
3 985 992 981 
3 981 992 993 
3 981 993 986 
3 986 993 994 
3 994 987 986 
3 985 989 992 
3 993 992 994 
3 992 989 995 
3 992 995 994 
3 994 995 996 
3 989 990 995 
3 995 990 996 
3 996 990 991 
3 1003 1004 997 
3 997 1004 998 
3 999 998 1004 
3 1009 999 1004 
3 1000 999 1009 
3 1001 1000 1009 
3 1009 1005 1001 
3 1005 1002 1001 
3 997 1015 1003 
3 1003 1015 1004 
3 1008 1004 1007 
3 1009 1004 1008 
3 1009 1010 1005 
3 1002 1005 1010 
3 1011 1002 1010 
3 1011 1012 1006 
3 1002 1011 1006 
3 1014 1015 1013 
3 1015 1016 1004 
3 1007 1004 1016 
3 1007 1016 1017 
3 1007 1017 1008 
3 1017 1018 1008 
3 1008 1018 1009 
3 1010 1018 1021 
3 1021 1018 1019 
3 1018 1010 1009 
3 1021 1019 1010 
3 1011 1010 1019 
3 1020 1022 1019 
3 1022 1011 1019 
3 1020 1790 1022 
3 1011 1022 1012 
3 904 1023 1024 
3 1013 1024 1025 
3 1014 1013 1025 
3 1026 1014 1025 
3 1015 1014 1026 
3 1015 1026 1016 
3 1016 1026 1027 
3 1028 1027 1026 
3 1016 1027 1017 
3 1027 1028 1019 
3 1027 1019 1018 
3 1017 1027 1018 
3 1028 1029 1019 
3 1029 1030 1019 
3 1019 1030 1020 
3 1790 1020 1030 
3 1024 1023 1031 
3 1025 1024 1032 
3 1024 1031 1032 
3 1025 1032 1026 
3 1032 1034 1033 
3 1032 1033 1028 
3 1028 1026 1032 
3 1034 1035 1033 
3 1033 1035 1028 
3 1028 1035 1029 
3 1030 1029 1035 
3 927 1036 928 
3 928 1023 904 
3 928 1036 1023 
3 935 1037 932 
3 932 1037 939 
3 941 1036 927 
3 1036 1038 1023 
3 1038 1039 1023 
3 1031 1023 1032 
3 1039 1034 1023 
3 1034 1032 1023 
3 1030 1035 1046 
3 1928 1030 1046 
3 939 1037 935 
3 939 935 1040 
3 942 939 1040 
3 940 938 1041 
3 941 940 1041 
3 935 965 1042 
3 1040 935 1042 
3 1036 941 1038 
3 941 1041 1038 
3 1041 1043 1038 
3 1039 1038 1043 
3 1034 1039 1035 
3 1043 1044 1039 
3 1039 1044 1035 
3 1044 1045 1046 
3 1046 1035 1044 
3 1928 1046 1047 
3 943 936 942 
3 1040 1042 1048 
3 1040 1048 942 
3 942 1048 943 
3 1049 943 1048 
3 930 943 1049 
3 938 930 1049 
3 1042 965 1048 
3 1048 1050 1049 
3 938 1049 1041 
3 1050 1051 1049 
3 1052 1049 1051 
3 1049 1053 1041 
3 1041 1053 1043 
3 1049 1052 1053 
3 1053 1052 1043 
3 1043 1052 1044 
3 1054 1062 1052 
3 1052 1062 1044 
3 1062 1055 1044 
3 1044 1055 1045 
3 1055 1056 1045 
3 1045 1056 1046 
3 1047 1046 1057 
3 1057 1046 1056 
3 1057 1058 1047 
3 965 980 1048 
3 1050 1048 980 
3 1050 980 1051 
3 1051 980 1059 
3 1051 1059 1052 
3 1052 1059 980 
3 980 984 1061 
3 980 1061 1052 
3 1052 1061 1054 
3 984 994 1060 
3 1061 1062 1054 
3 1060 994 1063 
3 1060 1063 984 
3 984 1063 1061 
3 1061 1063 1062 
3 1062 1063 1064 
3 1055 1062 1064 
3 1055 1064 1056 
3 1064 1065 1056 
3 1064 1066 1065 
3 1065 1066 1058 
3 1065 1058 1057 
3 1056 1065 1057 
3 1063 994 1064 
3 994 996 1067 
3 1064 994 1067 
3 996 991 1067 
3 1067 991 1066 
3 1064 1067 1066 
3 1068 1069 1070 
3 1070 1069 1071 
3 1721 1071 1069 
3 1073 1070 1071 
3 1721 1072 1071 
3 1728 1071 1072 
3 1075 1076 1074 
3 1071 1077 1078 
3 1073 1071 1078 
3 1073 1079 1074 
3 1079 1075 1074 
3 1071 1080 1077 
3 1081 1071 1728 
3 1071 1081 1080 
3 1728 1082 1081 
3 1080 1081 1082 
3 1082 1083 1080 
3 1083 1082 1084 
3 1082 1085 1084 
3 1085 1087 1088 
3 1085 1088 1084 
3 1084 1088 1086 
3 1089 1076 1075 
3 1079 1090 1089 
3 1079 1089 1075 
3 1073 1078 1091 
3 1090 1079 1091 
3 1079 1073 1091 
3 1077 1092 1078 
3 1078 1092 1091 
3 1077 1080 1083 
3 1077 1083 1092 
3 1092 1083 1091 
3 1091 1093 1094 
3 1091 1083 1093 
3 1084 1093 1083 
3 1084 1086 1095 
3 1084 1095 1093 
3 1096 1086 1088 
3 1086 1096 1095 
3 1088 1087 1097 
3 1088 1097 1096 
3 1097 1098 1096 
3 1099 1089 1090 
3 1099 1090 1100 
3 1100 1090 1091 
3 1091 1094 1100 
3 1100 1094 1101 
3 1101 1094 1093 
3 1095 1102 1093 
3 1093 1102 1101 
3 1095 1103 1102 
3 1095 1096 1103 
3 1102 1103 1104 
3 1102 1104 1101 
3 1096 1105 1103 
3 1101 1105 1106 
3 1101 1104 1105 
3 1104 1103 1105 
3 1096 1098 1105 
3 1107 1098 835 
3 1107 1105 1098 
3 1109 1099 1100 
3 1109 1100 1101 
3 1106 1111 1110 
3 1101 1106 1110 
3 1105 1112 1106 
3 1106 1112 1111 
3 1105 1113 1112 
3 1107 1114 1105 
3 1105 1114 1113 
3 1115 1108 1099 
3 1115 1099 1109 
3 1115 1109 1116 
3 1117 1109 1101 
3 1118 1101 1110 
3 1110 1119 1118 
3 1110 1111 1121 
3 1120 1110 1121 
3 1112 1121 1111 
3 1121 1112 1122 
3 1112 1123 1122 
3 1112 1113 1123 
3 1115 1116 1125 
3 1126 1116 1109 
3 1126 1109 1117 
3 1118 1117 1101 
3 1119 1117 1118 
3 1127 1119 1128 
3 1117 1119 1127 
3 1110 1120 1119 
3 1128 1120 1129 
3 1119 1120 1128 
3 1120 1121 1129 
3 1129 1121 1122 
3 1115 1132 1124 
3 1132 1131 1124 
3 1115 1125 1132 
3 1116 1133 1125 
3 1116 1126 1133 
3 1126 1117 1134 
3 1117 1127 1134 
3 1127 1135 1134 
3 1135 1127 1128 
3 1135 1128 1136 
3 1136 1128 1129 
3 1122 1137 1136 
3 1129 1122 1136 
3 1137 1122 1138 
3 1138 1122 1130 
3 236 1131 237 
3 236 237 1132 
3 237 1131 1132 
3 236 1125 240 
3 1132 1125 236 
3 1125 1133 240 
3 240 1133 241 
3 241 1133 242 
3 242 1133 1126 
3 242 1126 1134 
3 242 1134 1135 
3 242 1135 243 
3 243 1135 1136 
3 243 1136 1137 
3 243 1137 245 
3 245 1137 1138 
3 1142 792 1141 
3 1139 1140 1143 
3 792 1142 1144 
3 1144 1142 1145 
3 1142 1139 1145 
3 1139 1143 1145 
3 1146 1145 1143 
3 1140 1146 1143 
3 1146 1140 1147 
3 1140 2232 1147 
3 792 1144 802 
3 802 1144 1145 
3 1145 1146 1148 
3 1148 1146 1147 
3 802 1145 1151 
3 1151 1145 1148 
3 820 802 1150 
3 1150 802 1151 
3 1151 1148 1149 
3 1147 1149 1148 
3 802 820 811 
3 1149 1147 1152 
3 1152 1147 2245 
3 820 1150 1153 
3 1151 1149 1154 
3 1154 1149 1155 
3 829 820 1156 
3 820 1153 1156 
3 1156 1150 1157 
3 1153 1150 1156 
3 1157 1150 1151 
3 1157 1151 1154 
3 1158 1155 1149 
3 1149 1152 1158 
3 829 1156 1164 
3 1156 1159 1164 
3 1157 1159 1156 
3 1160 1159 1157 
3 1160 1157 1161 
3 1161 1157 1154 
3 1155 1158 1154 
3 1107 835 1163 
3 835 840 1163 
3 1164 1159 1160 
3 1165 1164 1160 
3 1165 1160 1166 
3 1166 1160 1161 
3 1161 1154 1167 
3 1158 1168 1154 
3 1169 1158 1162 
3 1113 1114 1170 
3 840 1107 1163 
3 1107 840 1114 
3 1114 840 1171 
3 1114 1171 1170 
3 1170 1171 1172 
3 1170 1172 1173 
3 840 1164 1171 
3 1171 1164 1172 
3 1172 1164 1173 
3 1173 1164 1174 
3 1164 1165 1174 
3 1167 1154 1168 
3 1168 1169 1162 
3 1168 1158 1169 
3 1113 1170 1176 
3 1113 1176 1123 
3 1122 1123 1176 
3 1177 1176 1170 
3 1173 1177 1170 
3 1177 1173 1178 
3 1173 1174 1178 
3 1178 1174 1179 
3 1179 1174 1165 
3 1179 1165 1166 
3 1161 1167 1180 
3 1180 1168 1181 
3 1180 1167 1168 
3 1181 1168 1182 
3 1168 1162 1182 
3 1182 1162 1175 
3 1183 1130 1122 
3 1184 1183 1177 
3 1183 1122 1176 
3 1183 1176 1177 
3 1177 1178 1184 
3 1185 1184 1178 
3 1178 1179 1185 
3 1179 1166 1186 
3 1186 1166 1161 
3 1186 1161 1180 
3 1180 1181 1187 
3 1182 1187 1181 
3 1182 1175 1187 
3 1138 1130 1183 
3 1183 1184 1138 
3 1185 1188 1184 
3 1185 1179 1188 
3 1179 1186 1189 
3 1189 1186 1180 
3 1191 245 1138 
3 1138 1184 1191 
3 1192 1191 1184 
3 1188 1192 1184 
3 1192 1188 1193 
3 1193 1188 1179 
3 1194 1189 1180 
3 1194 1180 1190 
3 1187 1190 1180 
3 1190 1187 1195 
3 1197 1198 1196 
3 1197 1199 1198 
3 1199 1201 1200 
3 1208 1201 1199 
3 1210 1209 1204 
3 1204 1205 1211 
3 1210 1204 1211 
3 1206 1211 1205 
3 1206 1212 1211 
3 1207 1212 1206 
3 1213 1197 1196 
3 1199 1197 1213 
3 1213 1208 1199 
3 1215 1204 1209 
3 1211 1220 1216 
3 1208 1213 1201 
3 1213 1218 1201 
3 1218 1202 1201 
3 4900 1215 1209 
3 1209 1210 1211 
3 1219 1209 1211 
3 1219 1211 1216 
3 1220 1219 1216 
3 1220 1211 1212 
3 1217 1223 1196 
3 1223 1224 1196 
3 1224 1213 1196 
3 1224 1225 1213 
3 1221 1227 1222 
3 1226 1218 1213 
3 1222 1227 1228 
3 1229 1202 1218 
3 1229 1203 1202 
3 4900 1228 1227 
3 1228 1230 1222 
3 1203 1231 1214 
3 1228 4900 1209 
3 1209 1232 1228 
3 1228 1232 1230 
3 1209 1230 1232 
3 1230 1209 1219 
3 1219 1233 1230 
3 1219 1234 1233 
3 1219 1220 1234 
3 1222 1235 1217 
3 1217 1235 1223 
3 1223 1235 1224 
3 1225 1224 1235 
3 1235 1239 1225 
3 1213 1225 1236 
3 1236 1225 1239 
3 1226 1213 1236 
3 1237 1226 1236 
3 1226 1237 1218 
3 1222 1238 1235 
3 1235 1238 1239 
3 1218 1237 1240 
3 1229 1218 1240 
3 1222 1239 1238 
3 1240 1237 1241 
3 1242 1229 1240 
3 1230 1239 1222 
3 1236 1239 1237 
3 1229 1242 1203 
3 1242 1231 1203 
3 1239 1243 1237 
3 1237 1243 1241 
3 1233 1239 1230 
3 1239 1233 1243 
3 1243 1233 1241 
3 1233 1234 1241 
3 1241 1234 1247 
3 1241 1247 1245 
3 1245 1247 1248 
3 1234 1220 1247 
3 1247 1220 1248 
3 1248 1220 1249 
3 1220 1250 1249 
3 1250 1220 1212 
3 1250 1212 1249 
3 1249 1212 1251 
3 1240 1241 1252 
3 1242 1240 1252 
3 1231 1242 1252 
3 1241 1245 1246 
3 1241 1246 1252 
3 1252 1253 1231 
3 1252 1246 1253 
3 1231 1253 1254 
3 1231 1254 1244 
3 1246 1255 1253 
3 1246 1245 1248 
3 1246 1248 1255 
3 1248 1249 1255 
3 1255 1257 1253 
3 1255 1249 1257 
3 1253 1257 1258 
3 1249 1251 1257 
3 1257 1251 1258 
3 1254 1253 1256 
3 1254 1256 1259 
3 1254 1259 1244 
3 1256 1253 1259 
3 1253 1258 1259 
3 1261 1262 4288 
3 1262 1263 4288 
3 1266 1268 1267 
3 1267 1268 1269 
3 1269 1268 1265 
3 1272 1270 1271 
3 1266 1272 1271 
3 1266 1267 1272 
3 1274 1275 1273 
3 1270 1274 1273 
3 1272 1274 1270 
3 1277 1275 1274 
3 1277 1274 1276 
3 1278 533 1276 
3 1276 533 1277 
3 1277 533 1279 
3 1268 1280 1265 
3 1271 1281 1266 
3 1280 1268 1281 
3 1268 1266 1281 
3 1282 1271 1270 
3 1270 1273 1275 
3 1270 1275 1283 
3 1282 1270 1283 
3 1277 1284 1275 
3 1275 1284 1283 
3 1284 1277 1279 
3 1279 1285 1284 
3 1284 1285 1283 
3 1286 1285 1279 
3 1287 1280 1281 
3 1287 1281 1271 
3 1282 1287 1271 
3 1287 1282 1283 
3 1287 1283 1288 
3 1288 1283 1289 
3 1283 1285 1289 
3 1285 1286 1289 
3 1292 1291 1280 
3 1287 1292 1280 
3 1287 1289 1293 
3 1288 1289 1287 
3 1295 1294 1297 
3 1294 1291 1297 
3 1290 1298 1296 
3 1296 1295 1290 
3 1295 1297 1290 
3 1297 1292 1290 
3 1297 1291 1292 
3 1290 1299 1298 
3 1290 1292 1299 
3 1287 1299 1292 
3 1300 1299 1287 
3 1311 1299 1300 
3 1311 1300 1301 
3 1300 1287 1301 
3 5520 1301 1287 
3 1302 1306 1305 
3 1302 1307 1295 
3 1302 1295 1306 
3 1295 1307 1303 
3 1305 1306 1296 
3 1306 1295 1296 
3 1294 1295 1303 
3 1308 1298 1309 
3 1298 1308 1296 
3 1310 1309 1298 
3 1298 1299 1310 
3 1310 1299 1318 
3 1311 1318 1299 
3 1311 1301 1312 
3 341 1311 1312 
3 395 392 388 
3 420 394 1303 
3 393 1313 395 
3 1304 422 1302 
3 422 1307 1302 
3 422 420 1307 
3 1307 420 1303 
3 1313 1304 1315 
3 1314 1313 1315 
3 1302 1305 1304 
3 1314 1308 1313 
3 1314 1315 1308 
3 1296 1315 1304 
3 1296 1308 1315 
3 1304 1305 1296 
3 1317 1313 1308 
3 1316 1317 1318 
3 1308 1309 1317 
3 1317 1310 1318 
3 1309 1310 1317 
3 1319 1311 342 
3 1311 1319 1318 
3 342 1311 341 
3 421 1304 417 
3 1304 421 422 
3 422 423 420 
3 395 1320 392 
3 393 417 1313 
3 417 1304 1313 
3 395 1321 1320 
3 1321 1316 1320 
3 1321 1322 1316 
3 1321 395 1322 
3 395 1313 1322 
3 1316 1322 1317 
3 1317 1322 1313 
3 1324 1323 1320 
3 1320 1318 1324 
3 1316 1318 1320 
3 344 1324 345 
3 1324 1319 345 
3 1318 1319 1324 
3 1319 342 345 
3 392 430 414 
3 430 392 1325 
3 1325 392 1320 
3 1325 1320 1323 
3 1323 1326 1325 
3 1323 1324 1326 
3 348 1324 344 
3 430 1325 436 
3 1325 1326 348 
3 348 1326 1324 
3 1327 436 1325 
3 1327 1325 1328 
3 1328 1325 348 
3 354 1328 348 
3 1329 436 1327 
3 354 1327 1328 
3 444 436 1329 
3 444 1329 1330 
3 1330 1329 1327 
3 1331 444 1330 
3 1340 1333 1332 
3 1333 1335 1334 
3 1335 1336 1334 
3 1337 1338 1332 
3 1332 1338 1339 
3 1340 1332 1339 
3 1341 1340 1339 
3 1333 1340 1341 
3 1342 1333 1341 
3 558 1344 1332 
3 1332 1344 1337 
3 1344 1345 1337 
3 1338 1337 1339 
3 1346 1347 1341 
3 1347 1342 1341 
3 1333 1342 1348 
3 1342 1347 1348 
3 1348 1343 1333 
3 558 1349 1344 
3 1344 1349 1350 
3 1345 1344 1350 
3 1345 1350 1337 
3 1350 1339 1337 
3 1350 1351 1339 
3 1351 1341 1339 
3 1351 1346 1341 
3 1352 1347 1346 
3 1352 1348 1347 
3 1343 1348 1353 
3 1352 1353 1348 
3 1354 1355 1350 
3 1355 1351 1350 
3 1351 1356 1346 
3 1356 1352 1346 
3 1353 1352 1356 
3 1356 1357 1353 
3 1362 1363 1361 
3 1362 1332 1363 
3 1360 1358 1365 
3 1359 1358 1360 
3 1366 1367 1364 
3 1367 1358 1364 
3 1367 1368 1358 
3 1368 1365 1358 
3 1368 554 1365 
3 1360 1365 554 
3 1369 1360 554 
3 1361 1360 1369 
3 1361 1332 1362 
3 1370 1368 1367 
3 554 557 1369 
3 558 1369 557 
3 1361 1369 558 
3 558 1332 1361 
3 1371 1367 1366 
3 1370 1367 560 
3 560 555 1370 
3 555 1368 1370 
3 555 554 1368 
3 1371 559 1367 
3 560 1367 559 
3 560 562 555 
3 1374 1372 1373 
3 1376 1378 1427 
3 1427 1377 1376 
3 1427 1378 1379 
3 1427 1379 1372 
3 1379 1378 1372 
3 1373 1372 1378 
3 1373 1380 1374 
3 1380 1375 1374 
3 1376 1377 1382 
3 1378 1376 1383 
3 1384 1378 1383 
3 1373 1378 1384 
3 1390 1373 1384 
3 1390 1380 1373 
3 1375 1385 1381 
3 1385 1386 1381 
3 1387 1383 1376 
3 1388 1383 1387 
3 1388 1384 1383 
3 1390 1388 1389 
3 1390 1384 1388 
3 1392 1390 1391 
3 1380 1390 1392 
3 1393 1380 1392 
3 1380 1393 1375 
3 1375 1393 1385 
3 1393 1394 1386 
3 1393 1386 1385 
3 1376 1395 1396 
3 1396 1387 1376 
3 1388 1387 1396 
3 1396 1389 1388 
3 3329 1392 1391 
3 1393 1397 1394 
3 1397 1398 1394 
3 3264 1403 1399 
3 1403 1400 1399 
3 1400 1404 1401 
3 1405 1403 3264 
3 1405 1406 1403 
3 1406 1400 1403 
3 1406 1407 1400 
3 1407 1408 1400 
3 1408 1404 1400 
3 1410 1405 1409 
3 1405 1411 1406 
3 1406 1411 1407 
3 1408 1510 1404 
3 1405 1410 1412 
3 1412 1410 1409 
3 1411 1405 1412 
3 1411 1412 1413 
3 1411 1413 1407 
3 1414 1407 1413 
3 1408 1407 1414 
3 1414 1415 1408 
3 1415 1510 1408 
3 1412 1416 1413 
3 1418 1413 1417 
3 1414 1413 1418 
3 1421 1414 1418 
3 1419 1415 1414 
3 1417 1421 1418 
3 1419 1414 1421 
3 1419 1421 1415 
3 1421 1420 1415 
3 1427 1416 1412 
3 1423 1413 1422 
3 1422 1413 1416 
3 1417 1413 1425 
3 1421 1417 1425 
3 1422 1427 1423 
3 1422 1416 1427 
3 1413 1423 1372 
3 1374 1413 1372 
3 1425 1413 1374 
3 1425 1424 1421 
3 1372 1423 1427 
3 1374 1375 1425 
3 1424 1425 1375 
3 1381 1424 1375 
3 1426 1424 1381 
3 1377 1427 1382 
3 1430 1431 1429 
3 1430 1432 1431 
3 1431 1432 1434 
3 1432 1433 1434 
3 1433 1432 1435 
3 1435 1434 1433 
3 1432 1436 1435 
3 1435 1437 1438 
3 1437 997 1438 
3 997 1439 1438 
3 1428 1442 1443 
3 1443 1442 1429 
3 1429 1428 1443 
3 1441 1444 1442 
3 870 1445 1440 
3 1442 1444 1432 
3 1442 1432 1430 
3 1430 1429 1442 
3 1440 1445 1441 
3 1441 1446 1444 
3 1446 1432 1444 
3 1445 1447 1441 
3 1441 1447 1446 
3 870 855 1445 
3 1445 855 1448 
3 1447 1445 1448 
3 1446 1447 1449 
3 1446 1449 1432 
3 855 860 1448 
3 1450 1449 1447 
3 860 1451 1448 
3 1448 1451 1450 
3 1450 1451 1452 
3 1450 1452 1449 
3 868 1451 860 
3 1451 1453 1452 
3 1452 1453 1449 
3 1432 1449 1454 
3 1454 1449 1453 
3 1436 1432 1454 
3 869 883 868 
3 868 883 1455 
3 868 1455 1451 
3 1451 1455 1453 
3 1453 1455 1456 
3 1453 1456 1454 
3 1435 1436 1454 
3 1454 1456 1457 
3 1454 1458 1435 
3 1435 1458 1437 
3 1459 1456 1455 
3 1457 1458 1454 
3 1458 997 1437 
3 886 870 3981 
3 3981 870 1440 
3 1450 1447 1448 
3 904 1460 1455 
3 904 1455 883 
3 1460 1461 1455 
3 1455 1461 1459 
3 1461 1462 1459 
3 1459 1462 1456 
3 1462 1463 1456 
3 1463 1457 1456 
3 1463 1015 1457 
3 1457 1015 1458 
3 997 1458 1015 
3 904 1024 1460 
3 1461 1460 1024 
3 1024 1462 1461 
3 1013 1463 1462 
3 1015 1463 1013 
3 1013 1462 1024 
3 1465 1464 1466 
3 4944 1466 1464 
3 4944 1467 1466 
3 1872 1468 1467 
3 1470 1469 1467 
3 1470 1467 1468 
3 1465 1472 1471 
3 1465 1466 1472 
3 1472 1466 1473 
3 1473 1466 1474 
3 1467 1474 1466 
3 1474 1467 1475 
3 1475 1467 1476 
3 1476 1467 1477 
3 1477 1467 1469 
3 1470 1477 1469 
3 1479 1478 4962 
3 1471 1479 4962 
3 1479 1471 1478 
3 1478 1471 1480 
3 1480 1471 1472 
3 1473 1474 1481 
3 1481 1474 1475 
3 1482 1476 1477 
3 1478 1483 4028 
3 1478 1484 1483 
3 1484 1478 1485 
3 1480 1485 1478 
3 1480 1472 1485 
3 1485 1472 1486 
3 1486 1472 1473 
3 1473 1481 1475 
3 1473 1475 1487 
3 1487 1475 1488 
3 1476 1488 1475 
3 1482 1488 1476 
3 1489 1482 1477 
3 4028 1483 1490 
3 1483 1484 1491 
3 1491 1485 1492 
3 1491 1484 1485 
3 1492 1485 1486 
3 1486 1473 1487 
3 1487 1488 1493 
3 1489 1493 1482 
3 1493 1488 1482 
3 792 1490 1483 
3 1491 792 1483 
3 1492 792 1491 
3 1494 792 1492 
3 1492 1486 1494 
3 1486 1487 1493 
3 1494 1141 792 
3 1142 1141 1494 
3 1494 1139 1142 
3 1494 1486 1139 
3 1486 1493 1140 
3 1139 1486 1140 
3 1493 1489 1140 
3 1401 1495 1402 
3 1495 1496 1402 
3 1496 1498 1497 
3 1498 1504 1497 
3 1502 1499 1504 
3 1502 1500 1499 
3 1401 1501 1495 
3 1501 1496 1495 
3 1498 1501 1504 
3 1496 1501 1498 
3 1503 1364 1500 
3 1364 1358 1500 
3 1401 1404 1501 
3 1505 1504 1501 
3 1502 1503 1500 
3 1366 1364 1503 
3 1505 1501 1404 
3 1506 1503 1502 
3 1366 1503 1507 
3 1504 1505 1508 
3 1508 1509 1504 
3 1509 1502 1504 
3 1509 1506 1502 
3 1506 1507 1503 
3 1507 1371 1366 
3 1404 1510 1505 
3 1508 1510 1511 
3 1505 1510 1508 
3 1509 1512 1513 
3 1508 1512 1509 
3 1515 1506 1514 
3 1516 1517 1515 
3 1515 1507 1506 
3 1515 1517 1507 
3 1516 559 1517 
3 1507 1517 1371 
3 1517 559 1371 
3 1513 1512 1511 
3 1511 1512 1508 
3 1518 1509 1513 
3 1519 1506 1518 
3 1518 1506 1509 
3 1520 1514 1506 
3 1521 1515 1520 
3 1520 1515 1514 
3 1515 1521 1516 
3 1510 1415 1420 
3 1522 1513 1511 
3 1518 1513 1522 
3 1522 1519 1518 
3 1506 1519 1523 
3 1523 1521 1506 
3 1521 1520 1506 
3 1421 1424 1420 
3 1424 1510 1420 
3 1522 1511 1510 
3 1522 1524 1525 
3 1525 1519 1522 
3 1519 1525 1523 
3 1522 1510 1526 
3 1524 1522 1526 
3 1527 1525 1524 
3 1426 1510 1424 
3 1426 1526 1510 
3 1426 1524 1526 
3 1528 1426 1381 
3 1426 1528 1524 
3 1524 1528 1527 
3 1532 1533 1531 
3 1532 1534 1533 
3 1534 1536 1535 
3 1536 1538 1537 
3 1530 1529 1539 
3 1539 1531 1530 
3 1540 1541 1532 
3 1534 1532 1542 
3 1536 1534 1543 
3 1529 1544 1545 
3 1545 1539 1529 
3 1531 1539 1546 
3 1546 1532 1531 
3 1546 1540 1532 
3 1546 1541 1540 
3 1534 1542 1547 
3 1534 1547 1543 
3 1547 1548 1543 
3 1548 1536 1543 
3 1548 1549 1536 
3 1544 1550 1545 
3 1545 1546 1539 
3 1551 1541 1546 
3 1542 1532 1541 
3 1542 1541 1551 
3 1542 1551 1547 
3 1547 1552 1548 
3 1548 1552 1549 
3 1555 1546 1545 
3 1555 1556 1546 
3 1551 1546 1556 
3 1547 1551 1557 
3 1558 1547 1557 
3 1552 1547 1558 
3 1553 1549 1552 
3 1559 1545 1550 
3 1560 1555 1545 
3 1561 1555 1560 
3 1561 1556 1555 
3 1551 1556 1562 
3 1563 1551 1562 
3 1557 1551 1563 
3 1558 1557 1563 
3 1564 1558 1563 
3 1552 1558 1564 
3 1552 1564 1565 
3 1552 1565 1553 
3 1553 1565 1566 
3 1567 1550 1554 
3 1567 1559 1550 
3 1559 1560 1545 
3 1560 1559 1568 
3 1560 1568 1561 
3 1561 1568 1556 
3 1556 1568 1569 
3 1569 1570 1556 
3 1570 1562 1556 
3 1570 1563 1562 
3 1570 1571 1563 
3 1571 1564 1563 
3 1565 1564 1572 
3 1572 1564 1571 
3 1565 1572 1566 
3 1567 1573 1559 
3 1575 1559 1574 
3 1559 1575 1568 
3 1575 1569 1568 
3 1575 1576 1569 
3 1576 1570 1569 
3 1577 1571 1570 
3 1572 1571 1577 
3 1577 1578 1572 
3 1572 1578 1566 
3 1567 1579 1573 
3 1579 1580 1573 
3 1580 1559 1573 
3 1580 1581 1559 
3 1581 1574 1559 
3 1581 1575 1574 
3 1582 1576 1575 
3 1582 1577 1576 
3 1577 1570 1576 
3 1578 1577 1583 
3 1579 1584 1585 
3 1585 1584 1586 
3 1588 1580 1579 
3 1579 1585 1588 
3 1589 1580 1588 
3 1580 1589 1581 
3 1591 1586 1587 
3 1590 1591 1587 
3 1589 1592 1575 
3 1581 1589 1575 
3 1592 1593 1575 
3 1593 1594 1575 
3 1593 1592 1594 
3 1575 1594 1582 
3 1594 1595 1582 
3 1577 1582 1597 
3 1582 1595 1597 
3 1577 1597 1598 
3 1597 1595 1598 
3 1577 1598 1599 
3 1583 1577 1599 
3 1599 1600 1583 
3 1585 1586 1588 
3 1586 1601 1588 
3 1601 1591 1602 
3 1586 1591 1601 
3 1601 1589 1588 
3 1592 1589 1601 
3 1601 1602 1603 
3 1590 1604 1591 
3 1591 1604 1602 
3 1602 1604 1603 
3 1592 1601 1603 
3 1604 1605 1603 
3 1594 1592 1603 
3 1605 1606 1603 
3 1594 1603 1595 
3 1603 1606 1595 
3 1606 1607 1595 
3 1607 1606 1596 
3 1595 1607 1598 
3 1596 1608 1607 
3 1607 1608 1598 
3 1598 1608 1599 
3 1599 1608 1609 
3 1600 1599 1609 
3 1612 1611 1610 
3 1613 1611 1612 
3 1614 1613 1612 
3 1619 1615 1616 
3 1616 1617 1620 
3 1617 1618 1620 
3 1618 1623 1620 
3 1620 1623 1631 
3 1621 1622 1624 
3 1627 1626 1628 
3 1625 1626 1621 
3 1626 1627 1621 
3 1628 1619 1627 
3 1619 1628 1615 
3 1621 1627 1622 
3 1616 1620 1619 
3 1619 1620 1630 
3 1627 1629 1622 
3 1627 1619 1629 
3 1620 1631 1630 
3 1622 1629 1624 
3 1629 1619 1632 
3 1619 1630 1632 
3 1630 1636 1632 
3 1630 1631 1636 
3 1623 1636 1631 
3 1633 1636 1623 
3 1635 1634 1624 
3 1624 1629 1635 
3 1635 1629 1632 
3 1637 1636 1633 
3 1638 1635 1632 
3 1638 1632 1639 
3 1632 1636 1639 
3 1639 1636 1637 
3 1634 1635 1640 
3 1640 1635 1638 
3 1637 1633 1641 
3 1640 1638 1642 
3 1639 1642 1638 
3 1639 1637 1642 
3 1642 1637 1641 
3 1642 1641 1643 
3 1643 1641 1644 
3 1644 1641 1645 
3 1642 1648 1640 
3 1648 1642 1649 
3 1650 1649 1642 
3 1643 1650 1642 
3 1651 1650 1643 
3 1651 1643 1644 
3 1651 1644 1652 
3 1644 1645 1652 
3 1647 1646 1661 
3 1646 1647 1653 
3 1653 1647 1654 
3 1656 1655 1648 
3 1656 1648 1649 
3 1650 1656 1649 
3 1657 1656 1650 
3 1651 1657 1650 
3 1657 1651 1652 
3 1657 1652 1658 
3 1660 1653 1654 
3 1660 1654 1647 
3 1647 1661 1662 
3 1663 1647 1662 
3 1647 1663 1660 
3 1660 1664 1659 
3 1662 1661 1663 
3 1663 1661 1660 
3 1660 1661 1665 
3 1660 1665 1664 
3 1664 1665 1659 
3 1659 1665 1666 
3 1661 1668 1665 
3 1659 1666 1667 
3 1668 1669 1665 
3 1665 1669 1670 
3 1665 1670 1666 
3 1671 1658 1667 
3 1669 1655 1670 
3 1670 1655 1656 
3 1670 1656 1657 
3 1670 1657 1666 
3 1666 1657 1667 
3 1667 1657 1671 
3 1671 1657 1658 
3 1667 1672 1659 
3 1672 1667 1673 
3 1658 1673 1667 
3 6200 1675 1674 
3 1674 1675 4233 
3 1675 6200 1678 
3 1678 1679 1675 
3 1679 4233 1675 
3 1679 1680 4233 
3 1680 1676 4233 
3 1680 1681 1676 
3 1681 1677 1676 
3 1683 1678 6200 
3 1683 1684 1678 
3 1678 1684 1685 
3 1678 1685 1679 
3 1685 1686 1679 
3 1686 1687 1680 
3 1679 1686 1680 
3 1680 1687 1681 
3 1687 1688 1681 
3 1681 1688 1677 
3 1684 1683 1690 
3 1685 1684 1690 
3 1686 1691 1687 
3 1688 1687 1691 
3 1691 1692 1688 
3 1688 1692 1677 
3 1677 1692 1682 
3 1692 1689 1682 
3 1685 1693 1686 
3 1686 1694 1691 
3 1694 1692 1691 
3 1694 1695 1692 
3 1696 1690 1683 
3 1696 1697 1690 
3 1697 1685 1690 
3 1693 1685 1697 
3 1697 1686 1693 
3 1694 1686 1697 
3 1695 1694 1698 
3 1697 1696 1699 
3 1697 1698 1694 
3 1336 1700 1699 
3 1700 1697 1699 
3 1702 1698 1697 
3 1704 5654 7740 
3 1703 5654 1704 
3 7740 1705 1704 
3 1709 1710 1708 
3 1710 1709 1711 
3 1705 1712 1704 
3 1707 1713 1706 
3 1713 1705 1706 
3 1708 1714 1713 
3 1708 1713 1707 
3 1714 1708 1715 
3 1708 1716 1715 
3 1708 1710 1716 
3 1703 1068 5654 
3 1703 1704 1068 
3 1712 1705 1713 
3 1718 1713 1714 
3 1714 1715 1719 
3 1718 1714 1719 
3 1716 1719 1715 
3 1716 1720 1719 
3 1704 1712 1069 
3 1704 1069 1068 
3 1712 1713 1721 
3 1718 1726 1713 
3 1718 1722 1726 
3 1719 1722 1718 
3 1716 1717 1723 
3 1716 1723 1720 
3 1721 1069 1712 
3 1713 1726 1721 
3 1722 1724 1726 
3 1722 1719 1724 
3 1720 1723 2207 
3 1726 1725 1721 
3 1719 1727 1724 
3 1719 1720 1727 
3 1721 1728 1072 
3 1728 1721 1725 
3 1725 1726 1728 
3 1726 1724 1729 
3 1724 1727 1729 
3 1730 1727 1720 
3 2207 1731 1720 
3 1720 1731 1730 
3 2207 819 1731 
3 1732 1728 1726 
3 1728 1732 1082 
3 1082 1732 1085 
3 1726 1729 1733 
3 1726 1733 1732 
3 1732 1734 1085 
3 1733 1729 1732 
3 1734 1735 1085 
3 1085 1735 1736 
3 1085 1736 1087 
3 1729 1737 1732 
3 1732 1737 1734 
3 1735 1734 1738 
3 1736 1735 1738 
3 1737 1739 1734 
3 1734 1739 1738 
3 1738 1739 1736 
3 1740 1727 1730 
3 1729 1727 1740 
3 1729 1740 1737 
3 1737 1741 1739 
3 1730 1731 1740 
3 1740 825 1737 
3 1737 825 1741 
3 1731 819 823 
3 1731 823 1740 
3 1740 823 824 
3 1740 824 825 
3 1741 825 826 
3 1739 1097 1736 
3 1087 1736 1097 
3 1739 1742 1097 
3 1097 1742 1098 
3 1739 1741 1742 
3 1741 826 1742 
3 1743 1098 1742 
3 835 1098 1743 
3 1743 1742 835 
3 1750 1749 1748 
3 1745 1754 1746 
3 1751 1749 1750 
3 1744 1747 1756 
3 1745 1744 1756 
3 1745 1756 1754 
3 1747 1755 1756 
3 1757 1747 1748 
3 1747 1757 1755 
3 1755 1757 1756 
3 1749 1758 1748 
3 1748 1758 1757 
3 1751 1759 1749 
3 1760 1751 1752 
3 1760 1752 1753 
3 1760 1753 1770 
3 1761 1756 1757 
3 1756 1761 1762 
3 1754 1756 1762 
3 1758 1761 1757 
3 1763 1749 1759 
3 1749 1764 1758 
3 1764 1765 1758 
3 1765 1761 1758 
3 1751 1766 1759 
3 1751 1760 1766 
3 1763 1764 1749 
3 1767 1761 1765 
3 1759 1766 1768 
3 1763 1759 1768 
3 1769 1766 1760 
3 1769 1760 1770 
3 1771 1761 1767 
3 1762 1761 1772 
3 1772 1761 1771 
3 1768 1773 1763 
3 1773 1774 1763 
3 1764 1763 1774 
3 1765 1764 1774 
3 1767 1765 1774 
3 1775 1767 1774 
3 1767 1775 1771 
3 1762 1772 1776 
3 1776 1772 4848 
3 1768 1766 1778 
3 1773 1768 1778 
3 1774 1773 1779 
3 1779 1773 1778 
3 1771 1775 1774 
3 1780 1771 1774 
3 1771 1780 1772 
3 1781 1778 1766 
3 1778 1781 1779 
3 1772 1780 1777 
3 1766 1769 1782 
3 1770 1782 1769 
3 1774 1783 1784 
3 1774 1784 1780 
3 1780 1784 3156 
3 1777 1780 3156 
3 1781 1766 1782 
3 1779 1781 1774 
3 1774 1781 1783 
3 1786 4641 1785 
3 1786 1921 4641 
3 1002 1006 1785 
3 1788 1921 1787 
3 1921 1786 1787 
3 1924 1921 1788 
3 1022 1789 1012 
3 1012 1789 1785 
3 1006 1012 1785 
3 1786 1785 1789 
3 1789 1787 1786 
3 1789 1924 1788 
3 1788 1787 1789 
3 1790 1789 1022 
3 1793 1792 1795 
3 1795 1792 1796 
3 1796 1792 1791 
3 1797 1796 1791 
3 1791 1794 1797 
3 1794 1798 1797 
3 1797 1798 1799 
3 1795 1800 1793 
3 1794 4128 1798 
3 1796 1802 1795 
3 1796 1797 1802 
3 1803 1798 1801 
3 1799 1798 1803 
3 1801 1804 1803 
3 1802 1797 1805 
3 1797 1799 1805 
3 1803 1804 1799 
3 1798 4128 1806 
3 1801 1798 1806 
3 1806 1621 1801 
3 1800 1795 1807 
3 1807 1795 1802 
3 1804 1801 1621 
3 1805 1808 1802 
3 1804 1809 1799 
3 1804 1621 1809 
3 1621 1624 1809 
3 1799 1810 1805 
3 1810 1799 1811 
3 1799 1809 1811 
3 1812 1793 1800 
3 1813 1621 1806 
3 1813 1625 1621 
3 1812 1800 1814 
3 1815 1800 1807 
3 1805 1811 1808 
3 1810 1811 1805 
3 1811 1809 1816 
3 1816 1624 1634 
3 1816 1809 1624 
3 1800 1815 1817 
3 1800 1817 1814 
3 1814 1817 1812 
3 1819 1807 1802 
3 1802 1808 1819 
3 1816 1818 1811 
3 1816 1634 1818 
3 1818 1634 1640 
3 1815 1807 1819 
3 1819 1808 1811 
3 1820 1811 1818 
3 1821 1817 1815 
3 1822 1815 1819 
3 1811 1823 1819 
3 1823 1811 1820 
3 1820 1818 1824 
3 1824 1818 1640 
3 1826 1817 1821 
3 1823 1820 1825 
3 1824 1825 1820 
3 1648 1825 1640 
3 1640 1825 1824 
3 1828 1661 1646 
3 1822 1821 1815 
3 1822 1827 1821 
3 1822 1819 1827 
3 1819 1823 1827 
3 1655 1825 1648 
3 1826 1821 1829 
3 1661 1828 1830 
3 1829 1821 1831 
3 1828 1832 1830 
3 1832 1668 1830 
3 1668 1661 1830 
3 1832 1669 1668 
3 1821 1827 1831 
3 1827 1833 1831 
3 1669 1834 1655 
3 1823 1835 1827 
3 1835 1833 1827 
3 1836 1825 1834 
3 1834 1825 1655 
3 1825 1835 1823 
3 1836 1835 1825 
3 1826 1829 1837 
3 1838 1829 1831 
3 1831 1833 1838 
3 1828 1839 1832 
3 1832 1839 1669 
3 1840 1836 1839 
3 1836 1834 1839 
3 1834 1669 1839 
3 1835 1840 1833 
3 1836 1840 1835 
3 1837 1829 1841 
3 1843 1828 1842 
3 1843 1844 1828 
3 1829 1838 1845 
3 1829 1845 1843 
3 1843 1845 1844 
3 1844 1845 1839 
3 1844 1839 1828 
3 1838 1833 1845 
3 1845 1833 1840 
3 1845 1840 1839 
3 1837 1841 1846 
3 1846 1847 1842 
3 1841 1829 1847 
3 1841 1847 1846 
3 1847 1829 1848 
3 1843 1842 1848 
3 1848 1842 1847 
3 1843 1848 1829 
3 1849 1852 1851 
3 1862 1853 1854 
3 1853 1855 1854 
3 1855 1853 1856 
3 1853 1857 1856 
3 1854 1855 1849 
3 1855 1856 1849 
3 1849 1856 1850 
3 1856 1857 1850 
3 1852 1850 1857 
3 1849 1850 1852 
3 1857 1858 1852 
3 1858 1859 1852 
3 1852 1861 1851 
3 1852 1859 1861 
3 1860 1851 1861 
3 1862 1863 1853 
3 1863 1865 1864 
3 1853 1863 1864 
3 1857 1853 1864 
3 1865 1866 1864 
3 1864 1866 1857 
3 1857 1866 1868 
3 1866 1867 1868 
3 1857 1868 1858 
3 1858 1868 1859 
3 1868 1869 1859 
3 1859 1870 1861 
3 1871 1870 1859 
3 1869 1871 1859 
3 1860 1861 1872 
3 1872 1861 1873 
3 1870 1871 1874 
3 6482 1875 1865 
3 1865 1875 1876 
3 1865 1876 1866 
3 1876 1867 1866 
3 1868 1867 1877 
3 1878 1868 1877 
3 1868 1878 1869 
3 1878 1879 1869 
3 1881 1874 1871 
3 1869 1881 1871 
3 1869 1880 1881 
3 1861 1870 1873 
3 1874 1882 1870 
3 1881 1882 1874 
3 1875 1883 1876 
3 1883 1884 1876 
3 1876 1884 1867 
3 1867 1884 1885 
3 1867 1885 1877 
3 1885 1886 1877 
3 1886 1887 1877 
3 1878 1877 1887 
3 1878 1887 1879 
3 1879 1887 1889 
3 1879 1889 1869 
3 1880 1869 1890 
3 1869 1889 1890 
3 1890 1881 1880 
3 1875 6500 1883 
3 1888 1889 1887 
3 1891 1889 1888 
3 1890 1889 1891 
3 1892 1881 1890 
3 1890 1891 1892 
3 1896 1902 1897 
3 1893 1894 1899 
3 1894 1895 1899 
3 1895 1905 1899 
3 1902 1896 1893 
3 1900 1897 1901 
3 1901 1897 1902 
3 1902 1893 1903 
3 1903 1899 1904 
3 1903 1893 1899 
3 1906 1901 1902 
3 1902 1903 1908 
3 1904 1908 1903 
3 1899 1907 1904 
3 1902 1912 1906 
3 1912 1902 1908 
3 1912 1904 1913 
3 1908 1904 1912 
3 1907 1913 1904 
3 1905 1910 1907 
3 1907 1899 1905 
3 969 1909 1911 
3 1911 1909 1906 
3 1911 1906 1912 
3 1913 1907 1910 
3 1913 1910 1914 
3 969 1911 973 
3 973 1911 1915 
3 1911 1912 1915 
3 1915 1912 1916 
3 1916 1912 1913 
3 1916 1913 991 
3 1914 991 1913 
3 973 1915 972 
3 972 1915 979 
3 1915 1917 979 
3 1917 1915 1916 
3 990 979 1917 
3 1917 1916 990 
3 990 1916 991 
3 1919 1905 3500 
3 1920 1919 1922 
3 5928 1918 1923 
3 1918 1924 1923 
3 1921 1924 1918 
3 1905 1919 1920 
3 1925 5928 1923 
3 1925 1920 5928 
3 1925 1926 1920 
3 1926 1905 1920 
3 1925 1923 1924 
3 1790 1924 1789 
3 1926 1927 1905 
3 1928 1924 1030 
3 1030 1924 1790 
3 1925 1924 1928 
3 1910 1905 1914 
3 1927 1914 1905 
3 1914 1927 1925 
3 1925 1927 1926 
3 1928 1929 1925 
3 1066 1929 1058 
3 1929 1928 1058 
3 1047 1058 1928 
3 1914 1925 1066 
3 1066 1925 1929 
3 991 1914 1066 
3 1933 1932 1934 
3 1382 3326 1937 
3 1937 3326 1936 
3 1938 1395 1936 
3 1395 1937 1936 
3 1938 1939 1395 
3 1942 1943 1931 
3 1944 1931 1943 
3 1931 1944 1932 
3 1932 1944 1934 
3 1944 1943 1945 
3 1933 1934 1944 
3 1933 1944 1945 
3 1933 1945 1935 
3 1935 1945 1947 
3 1945 1946 1947 
3 1946 1948 1947 
3 1948 1936 1947 
3 1948 1949 1936 
3 1950 1936 1949 
3 1951 1938 1949 
3 1949 1938 1950 
3 1936 1950 1938 
3 1951 1952 1938 
3 1953 1941 1940 
3 1930 1954 1940 
3 1940 1954 1953 
3 1941 1953 1955 
3 1941 1955 1942 
3 1943 1942 1955 
3 1953 1957 1955 
3 1955 1957 1956 
3 1955 1956 1943 
3 1943 1956 1958 
3 1943 1958 1945 
3 1957 1959 1956 
3 1956 1959 1960 
3 1956 1960 1958 
3 1958 1960 1961 
3 1945 1958 1961 
3 1946 1945 1948 
3 1948 1945 1961 
3 1949 1948 1961 
3 1961 1962 1949 
3 1963 1951 1962 
3 1951 1949 1962 
3 1963 1964 1951 
3 1951 1964 1966 
3 1951 1966 1952 
3 1965 1967 1964 
3 1954 1968 1953 
3 1957 1953 1968 
3 1954 5025 1968 
3 1968 5025 1957 
3 1957 5025 1969 
3 1959 1957 1969 
3 1960 1959 1969 
3 5025 5027 1969 
3 1960 1969 1961 
3 1969 5027 1970 
3 1969 1970 1971 
3 1961 1969 1971 
3 1962 1961 1971 
3 5027 1972 1970 
3 1963 1971 1970 
3 1962 1971 1963 
3 1970 1965 1964 
3 1963 1970 1964 
3 1972 1973 1970 
3 1970 1973 1965 
3 1965 1973 1967 
3 1976 1975 1977 
3 1978 1976 1977 
3 1980 1979 537 
3 1975 1980 1981 
3 1974 1983 1978 
3 1975 1976 1984 
3 1976 1985 1984 
3 1976 1978 1985 
3 1982 1978 1986 
3 1986 1978 1983 
3 1987 1975 1984 
3 1984 1988 1987 
3 1985 1988 1984 
3 1982 1989 1978 
3 1975 1992 1980 
3 1992 1991 1980 
3 1987 1992 1975 
3 1987 1993 1992 
3 1988 1993 1987 
3 1994 1985 1978 
3 1989 1994 1978 
3 1993 1995 1992 
3 1993 1988 1995 
3 1996 1990 1991 
3 1991 1992 1997 
3 1999 1990 1996 
3 1997 1992 2000 
3 1992 1995 2000 
3 2000 1999 1996 
3 2000 2001 1999 
3 2001 541 1999 
3 1995 2002 2000 
3 1995 2003 2002 
3 541 2001 547 
3 2000 2002 2001 
3 547 2004 548 
3 547 2001 2004 
3 2001 2002 2004 
3 1986 2005 1982 
3 1983 2006 1986 
3 2007 2006 1983 
3 2008 1982 2005 
3 2008 1989 1982 
3 2005 1986 2009 
3 2008 2005 2009 
3 2009 1986 2006 
3 1985 2010 1988 
3 1985 1994 2010 
3 1994 1989 2008 
3 1988 2010 1995 
3 2010 2011 1995 
3 1994 2012 2010 
3 2012 2011 2010 
3 2013 1995 2011 
3 2013 1998 1995 
3 2013 2011 2012 
3 2013 2014 1998 
3 2014 1995 1998 
3 2003 2014 2015 
3 1995 2014 2003 
3 2003 2016 2002 
3 2016 2003 2015 
3 2002 2018 2017 
3 2002 2016 2018 
3 2018 2016 2019 
3 2004 2002 2020 
3 2020 2002 2017 
3 2021 2022 2009 
3 2009 2022 2008 
3 2021 2009 2023 
3 2023 2009 2006 
3 2023 2006 2024 
3 2025 2024 2007 
3 2024 2006 2007 
3 2026 1994 2022 
3 2022 1994 2008 
3 2026 2012 1994 
3 2013 2026 2027 
3 2013 2012 2026 
3 2027 2014 2013 
3 2014 2028 2015 
3 2028 2016 2015 
3 2019 2029 2018 
3 2029 2019 2028 
3 2028 2019 2016 
3 2017 2018 2029 
3 2020 2017 2030 
3 2022 2032 2033 
3 2022 2021 2032 
3 2021 2023 2032 
3 2032 2023 2034 
3 2034 2023 2035 
3 2023 2024 2035 
3 2024 2036 2035 
3 2025 2036 2024 
3 2026 2033 2037 
3 2026 2022 2033 
3 2037 2038 2027 
3 2026 2037 2027 
3 2014 2029 2028 
3 2029 2039 2017 
3 2030 2017 2040 
3 2039 2040 2017 
3 2020 2030 2041 
3 2030 2040 2041 
3 2031 2020 2041 
3 2032 2042 2033 
3 2042 2032 2043 
3 2032 2034 2043 
3 2043 2034 2035 
3 2037 2033 2042 
3 2045 2043 2035 
3 2044 2045 2035 
3 2036 2044 2035 
3 2036 2046 2044 
3 2047 2038 2037 
3 2027 2038 2048 
3 2048 2014 2027 
3 2014 2049 2029 
3 2049 2014 2048 
3 2029 2049 2050 
3 2039 2029 2051 
3 2050 2051 2029 
3 2039 2052 2040 
3 2039 2051 2052 
3 2051 2053 2041 
3 2051 2041 2052 
3 2052 2041 2040 
3 2037 2042 2056 
3 2042 2043 2056 
3 2043 2045 2056 
3 2057 2037 2056 
3 2047 2037 2057 
3 2056 2045 2057 
3 2045 2058 2057 
3 2044 2058 2045 
3 2046 2059 2044 
3 2047 2060 2038 
3 2047 2057 2060 
3 2057 2058 2060 
3 2044 2059 2058 
3 2038 2060 2048 
3 2062 2061 2058 
3 2062 2058 2059 
3 2060 2058 2063 
3 2058 2061 2063 
3 2049 2048 2064 
3 2048 2060 2064 
3 2060 2063 2064 
3 2065 2050 2049 
3 2049 2064 2065 
3 2064 2063 2065 
3 2050 2065 2051 
3 2063 2066 2065 
3 2051 2065 2053 
3 2065 2055 2054 
3 2065 2066 2055 
3 2066 2067 2055 
3 2065 2068 2053 
3 2068 2065 2054 
3 2061 2062 2069 
3 2063 2061 2070 
3 2063 2070 2071 
3 2072 2061 2069 
3 2063 2073 2066 
3 2063 2071 2073 
3 2071 2070 2073 
3 2061 2074 2070 
3 2074 2073 2070 
3 2074 2072 2075 
3 2061 2072 2074 
3 2076 2066 2073 
3 2076 2067 2066 
3 2073 2074 2075 
3 2076 2073 2075 
3 2077 2067 2076 
3 2078 2079 2069 
3 2079 2072 2069 
3 2072 2079 2075 
3 2076 2080 2081 
3 2076 2075 2080 
3 2079 2080 2075 
3 2077 2076 2083 
3 2076 2081 2083 
3 2079 2082 2080 
3 2080 2082 2081 
3 2079 2078 2084 
3 2085 2081 2082 
3 2079 2084 2082 
3 2086 2083 2081 
3 2085 2086 2081 
3 2086 2085 2087 
3 2085 2082 2087 
3 2095 2096 2089 
3 2090 2089 2096 
3 2096 2097 2090 
3 2091 2090 2098 
3 2098 2090 2097 
3 2092 2091 2098 
3 2093 2098 2099 
3 2092 2098 2093 
3 2093 2100 2094 
3 2100 2093 2099 
3 2100 2101 2094 
3 1529 2094 2101 
3 2102 2098 2097 
3 2103 2100 2099 
3 2103 2101 2100 
3 2103 1544 2101 
3 1544 1529 2101 
3 2104 2099 2098 
3 2104 2105 2099 
3 2103 2099 2105 
3 1550 1544 2103 
3 2106 2102 2097 
3 2104 2098 2102 
3 1554 1550 2103 
3 2104 2102 2106 
3 2107 2105 2104 
3 2107 2103 2105 
3 1554 2103 1567 
3 2104 2106 2108 
3 2107 2104 2108 
3 2108 2109 2107 
3 2109 2103 2107 
3 1567 2103 2109 
3 1584 1579 2109 
3 1579 1567 2109 
3 1584 2109 2108 
3 1586 1584 2108 
3 2108 1587 1586 
3 2113 2111 2110 
3 2110 2112 2113 
3 2117 2116 2115 
3 2114 2112 2110 
3 2114 2115 2112 
3 2115 2118 2112 
3 2112 2118 2113 
3 2111 2113 5235 
3 2118 2115 2113 
3 2119 5235 2113 
3 2116 2121 2120 
3 2120 2115 2116 
3 2121 2122 2120 
3 2115 2120 2123 
3 2120 2124 2123 
3 2122 2124 2120 
3 2115 2125 2113 
3 2115 2123 2125 
3 2125 2123 2124 
3 2126 2119 2113 
3 2127 2126 2113 
3 2113 2125 2127 
3 2119 2126 2128 
3 2128 2126 2127 
3 2121 1610 2129 
3 1610 1611 2129 
3 2122 2130 2124 
3 2124 2130 2131 
3 2125 2124 2131 
3 2132 2127 2125 
3 2128 2127 2133 
3 1611 2121 2129 
3 1613 2121 1611 
3 2122 2121 2135 
3 2135 2121 1613 
3 2130 2122 2135 
3 2130 2135 2131 
3 2132 2125 2136 
3 2131 2136 2125 
3 2127 2132 2133 
3 2135 1614 2137 
3 2135 1613 1614 
3 2131 2135 2138 
3 2132 2136 2139 
3 2136 2131 2139 
3 2128 2140 2134 
3 2140 2128 2141 
3 2141 2128 2133 
3 2133 2132 2139 
3 2134 2140 2142 
3 1335 1700 1336 
3 1697 1700 2143 
3 2144 1697 2143 
3 2145 1697 2144 
3 1701 1697 2145 
3 2146 1701 2145 
3 1701 2146 1697 
3 2146 1702 1697 
3 1335 2143 1700 
3 1335 2144 2143 
3 1335 2147 2144 
3 2147 2145 2144 
3 2149 1333 1343 
3 2150 1333 2149 
3 1333 2150 1335 
3 2147 2151 2145 
3 2151 2146 2145 
3 1343 1353 2149 
3 2150 2149 1353 
3 2152 2147 1335 
3 2153 2151 2152 
3 2152 2151 2147 
3 2146 2151 2153 
3 2154 2146 2153 
3 2146 2154 2155 
3 2155 2148 2146 
3 2156 2148 2155 
3 2157 2150 1353 
3 2152 2150 2157 
3 2150 2152 1335 
3 2157 2158 2152 
3 2158 2159 2152 
3 2153 2152 2159 
3 2155 2154 2156 
3 1353 2160 2157 
3 2159 2158 2161 
3 2161 2153 2159 
3 2161 2154 2153 
3 1357 2160 1353 
3 1357 2163 2160 
3 2163 2157 2160 
3 2163 2158 2157 
3 1357 2164 2163 
3 2168 2167 2169 
3 2167 2165 2169 
3 2170 2169 2165 
3 2166 2170 2165 
3 2175 2174 2173 
3 2171 2177 3575 
3 2178 2177 2172 
3 2177 2171 2172 
3 2178 2172 2179 
3 2172 2173 2179 
3 2188 2179 2180 
3 2180 2179 2173 
3 2189 2188 2180 
3 2173 2174 2180 
3 2189 2180 2181 
3 2180 2174 2181 
3 800 2182 793 
3 2191 2189 2181 
3 793 2176 2175 
3 793 2182 2176 
3 2176 2182 800 
3 2175 2183 2174 
3 2176 2183 2175 
3 2184 2181 2174 
3 2174 2185 2184 
3 2174 2183 2185 
3 2186 3575 2177 
3 2186 2177 2178 
3 2186 2178 2187 
3 2188 2187 2179 
3 2187 2178 2179 
3 5603 2189 5605 
3 2190 5605 2189 
3 2190 2189 2191 
3 2176 2192 2183 
3 2176 800 2192 
3 2181 2184 2191 
3 2184 2193 2191 
3 2194 2193 2184 
3 2185 2194 2184 
3 2183 2195 2185 
3 2183 2192 2195 
3 2194 2185 2193 
3 2185 2196 2193 
3 2185 2195 2196 
3 2188 2198 2187 
3 5603 2199 2200 
3 2200 2189 5603 
3 2188 2189 2200 
3 807 2192 800 
3 2192 2201 2195 
3 2192 807 2201 
3 2191 5612 2190 
3 2195 2201 2196 
3 2201 807 2202 
3 809 2202 807 
3 2197 2186 1723 
3 1723 2186 2203 
3 2186 2187 2203 
3 2203 2187 2204 
3 2198 2204 2187 
3 2199 2205 2200 
3 2205 2206 2200 
3 2200 2206 2188 
3 2198 2188 2204 
3 2188 2206 2204 
3 809 812 2202 
3 2206 2208 2204 
3 2209 2206 2205 
3 2203 2207 1723 
3 2203 2204 2210 
3 2210 2204 2208 
3 2211 2209 2205 
3 2206 2212 2208 
3 819 2207 2213 
3 2213 2207 2203 
3 2213 2203 2210 
3 2211 2215 2209 
3 2209 2215 2206 
3 2206 2215 2212 
3 819 2213 823 
3 823 2213 2214 
3 2214 2213 2210 
3 2214 2210 2216 
3 2208 2216 2210 
3 2215 2220 2212 
3 822 834 2217 
3 823 2218 838 
3 823 2214 2218 
3 838 2218 841 
3 2214 2216 2218 
3 2218 2219 841 
3 841 2219 830 
3 2208 2212 2220 
3 2221 2208 2220 
3 2208 2221 2216 
3 2216 2221 2218 
3 2220 2222 2221 
3 2219 2223 830 
3 843 830 844 
3 2220 2224 2222 
3 830 2223 844 
3 2222 2224 2225 
3 834 844 2217 
3 2224 2286 2225 
3 2222 2286 2226 
3 2222 2225 2286 
3 844 2223 2217 
3 2218 2227 2219 
3 2218 2228 2227 
3 2221 2222 2229 
3 2221 2229 2218 
3 2218 2229 2228 
3 2219 2227 2223 
3 2228 2229 2227 
3 2229 2222 2226 
3 2227 2230 2223 
3 2229 2226 2231 
3 2229 2231 2227 
3 2227 2231 2230 
3 2237 2235 2238 
3 2239 2238 2235 
3 2235 2233 2239 
3 2233 2236 2239 
3 1147 2232 2240 
3 2240 2234 2243 
3 2240 2232 2234 
3 2237 2243 2234 
3 2237 2238 2241 
3 2238 2239 2242 
3 2239 2236 2242 
3 2243 2237 2247 
3 2247 2237 2241 
3 2244 2238 2242 
3 1147 2240 2245 
3 2246 2243 2247 
3 2241 2238 2247 
3 2247 2238 2244 
3 2244 2242 2248 
3 2248 2242 2249 
3 2245 2240 2250 
3 2240 2243 2250 
3 2250 2243 2246 
3 2251 2247 2244 
3 2250 2246 2252 
3 2246 2247 2253 
3 2252 2246 2253 
3 2253 2247 2251 
3 2254 2244 2248 
3 2249 2254 2248 
3 2250 2252 2256 
3 2253 2251 2255 
3 2251 2244 2255 
3 2255 2244 2254 
3 1158 1152 1162 
3 1152 2245 1162 
3 1162 2245 2256 
3 2245 2250 2256 
3 2256 2252 2253 
3 2257 2256 2253 
3 2255 2257 2253 
3 1162 2256 2259 
3 2259 2256 2260 
3 2260 2256 2257 
3 2257 2255 2261 
3 2255 2254 2261 
3 1162 2259 1175 
3 2260 2257 2262 
3 2262 2257 2261 
3 2258 2263 2254 
3 2254 2263 2261 
3 1175 2259 2260 
3 2264 2262 2265 
3 2265 2262 2261 
3 2261 2263 2266 
3 2267 1175 2260 
3 2260 2262 2268 
3 2268 2262 2269 
3 2269 2262 2270 
3 2262 2264 2270 
3 2270 2264 2265 
3 2261 2266 2265 
3 1187 1175 2267 
3 2267 2260 2268 
3 2269 2270 2271 
3 2270 2265 2271 
3 2273 2265 2266 
3 2269 2271 2268 
3 2271 2265 2274 
3 2274 2265 2273 
3 2272 2267 2268 
3 2268 2271 2274 
3 2268 2274 2273 
3 2275 5612 2276 
3 2276 5612 2277 
3 2278 2275 2276 
3 2276 2277 2279 
3 2275 2278 2280 
3 2280 2278 2281 
3 2276 2281 2278 
3 2281 2276 2282 
3 2276 2279 2282 
3 2277 2282 2279 
3 2283 2282 2277 
3 2284 2280 2281 
3 2281 2282 2285 
3 2285 2282 2283 
3 2284 2281 2286 
3 2286 2281 2285 
3 2286 2285 2287 
3 2290 2292 2291 
3 1897 2295 1898 
3 2291 2292 2296 
3 2297 2298 2294 
3 2295 2294 2299 
3 2294 2298 2299 
3 2296 2292 2301 
3 2300 2298 2297 
3 2302 2298 2300 
3 233 234 2292 
3 2292 234 2301 
3 2300 2301 234 
3 2289 2303 2288 
3 2290 2304 2289 
3 2303 2289 2304 
3 2304 2290 2305 
3 2308 2306 2319 
3 2319 2306 1900 
3 2319 1900 1901 
3 2291 2305 2290 
3 2306 2295 1900 
3 1900 2295 1897 
3 2307 2294 2308 
3 2308 2295 2306 
3 2297 2294 2307 
3 2294 2295 2308 
3 2301 2305 2291 
3 2296 2301 2291 
3 2305 2301 2309 
3 2309 2300 2307 
3 2300 2297 2307 
3 2309 2301 2300 
3 2288 2311 3507 
3 3507 2311 2310 
3 2311 2288 2312 
3 2312 2288 2313 
3 2303 2304 2288 
3 2288 2304 2314 
3 2288 2314 2315 
3 2288 2315 2313 
3 2305 2314 2304 
3 2319 2313 2308 
3 2315 2307 2313 
3 2313 2307 2308 
3 2305 2309 2314 
3 2314 2309 2315 
3 2315 2309 2307 
3 2317 2316 2310 
3 2311 2317 2310 
3 2311 2312 2317 
3 2317 2312 2318 
3 2312 2313 2318 
3 2318 2313 2319 
3 1901 1906 2319 
3 2316 2317 2320 
3 2317 2318 2320 
3 2320 2318 2321 
3 2320 2321 1909 
3 2318 2319 2321 
3 2321 2319 1906 
3 2321 1906 1909 
3 2322 969 2320 
3 969 2322 1909 
3 2322 2320 1909 
3 2323 5612 2191 
3 2191 2193 2323 
3 2196 2201 2324 
3 2202 2324 2201 
3 2193 2325 2323 
3 2196 2325 2193 
3 2196 2324 2326 
3 2327 2325 2196 
3 2196 2326 2327 
3 2325 2327 2326 
3 2328 2277 5612 
3 2202 2329 2324 
3 812 2329 2202 
3 2323 2328 5612 
3 2328 2323 2330 
3 2325 2330 2323 
3 2326 2324 2329 
3 2330 2325 2331 
3 2331 2326 2332 
3 2331 2325 2326 
3 2329 812 816 
3 2333 2277 2328 
3 2330 2333 2328 
3 2334 2326 2329 
3 2333 2330 2335 
3 2332 2326 2334 
3 2330 2331 2336 
3 2332 2337 2331 
3 2329 816 2334 
3 2277 2333 2338 
3 2338 2333 2339 
3 2339 2333 2335 
3 2332 816 2340 
3 2332 2334 816 
3 2335 2330 2341 
3 2330 2336 2341 
3 2341 2336 2342 
3 2336 2331 2342 
3 2342 2331 2343 
3 2343 2331 2337 
3 2332 2340 2337 
3 816 822 2344 
3 2285 2283 2345 
3 2277 2345 2283 
3 2338 2345 2277 
3 2346 2339 2335 
3 2346 2338 2339 
3 2340 816 2347 
3 816 2344 2347 
3 2346 2335 2341 
3 2348 2341 2342 
3 2337 2349 2348 
3 2347 2349 2340 
3 2340 2349 2337 
3 2348 2342 2343 
3 2348 2343 2337 
3 2287 2350 2286 
3 2352 822 2217 
3 2285 2345 2287 
3 2287 2345 2350 
3 2345 2351 2350 
3 2352 2344 822 
3 2351 2345 2338 
3 2351 2338 2353 
3 2338 2346 2353 
3 2352 2353 2347 
3 2344 2352 2347 
3 2341 2353 2346 
3 2348 2353 2341 
3 2349 2353 2348 
3 2353 2349 2347 
3 2286 2350 2351 
3 2286 2351 2226 
3 2223 2352 2217 
3 2226 2351 2353 
3 2353 2354 2226 
3 2352 2223 2355 
3 2353 2356 2354 
3 2355 2356 2352 
3 2356 2353 2352 
3 2231 2226 2354 
3 2231 2354 2230 
3 2357 2223 2230 
3 2230 2354 2357 
3 2357 2354 2356 
3 2357 2356 2355 
3 2223 2357 2355 
3 2362 2368 2363 
3 2362 2364 2368 
3 2364 2365 2366 
3 2364 2366 2368 
3 2363 2368 2367 
3 2369 2372 2371 
3 2373 2358 2359 
3 2358 2373 2374 
3 2373 2375 2374 
3 2360 2358 2361 
3 2374 2375 2358 
3 2358 2375 2376 
3 2358 2376 2361 
3 2377 2378 2375 
3 2376 2375 2361 
3 2361 2375 2362 
3 2375 2379 2362 
3 2375 2380 2379 
3 2375 2378 2380 
3 2362 2379 2364 
3 2363 2361 2362 
3 2379 2380 2364 
3 2380 2378 2364 
3 2378 2381 2364 
3 2361 2363 2367 
3 2378 2382 2381 
3 2364 2383 2365 
3 2364 2381 2383 
3 2384 2366 2365 
3 2365 2383 2384 
3 2382 2385 2381 
3 2383 2386 2384 
3 2383 2381 2386 
3 2381 2385 2386 
3 2368 2366 2387 
3 2384 2369 2366 
3 2384 2386 2369 
3 2366 2388 2387 
3 2388 2366 2369 
3 2369 2386 2372 
3 2386 2385 2372 
3 2388 2368 2387 
3 2370 2368 2388 
3 2369 2371 2388 
3 2372 2385 4218 
3 2373 1537 1538 
3 2389 2375 1538 
3 2375 2373 1538 
3 2377 2375 2389 
3 2390 2378 2377 
3 2390 7114 2378 
3 7116 2385 2382 
3 7116 4218 2385 
3 2396 2394 2395 
3 2395 2397 2396 
3 2398 2391 2392 
3 2399 2398 2392 
3 2392 2400 2399 
3 2392 2401 2400 
3 2400 2401 2402 
3 2402 2393 2403 
3 2402 2392 2393 
3 2402 2401 2392 
3 2403 2393 2394 
3 2404 2403 2394 
3 2404 2394 2396 
3 2536 2404 2396 
3 2396 2397 2536 
3 2405 2400 2402 
3 2403 2406 2402 
3 2406 2407 2402 
3 2406 2403 2407 
3 2403 2408 2407 
3 2403 2404 2408 
3 2409 2402 2407 
3 2407 2408 2409 
3 2404 2410 2408 
3 2411 2409 2408 
3 2408 2410 2411 
3 2410 2412 2411 
3 2404 2412 2410 
3 2412 2413 2411 
3 2404 2536 2412 
3 2399 2418 2398 
3 2414 2405 2402 
3 2409 2414 2402 
3 2409 2411 2414 
3 2399 2400 2418 
3 2400 2405 2415 
3 2415 2405 2414 
3 2416 2414 2411 
3 2415 2414 2417 
3 2414 2419 2417 
3 2414 2416 2419 
3 2400 2415 2417 
3 2418 2400 2420 
3 2417 2420 2400 
3 2417 2419 2420 
3 2418 2420 2421 
3 2419 2422 2420 
3 2420 2422 2421 
3 2422 2419 2421 
3 2421 2419 2423 
3 709 2426 2425 
3 2426 2427 2437 
3 2427 2428 2437 
3 2430 2431 2439 
3 2439 2431 2432 
3 2435 2425 2436 
3 2436 2425 2426 
3 2429 2437 2428 
3 2429 2438 2437 
3 2430 2438 2429 
3 2438 2430 2439 
3 2433 2449 2440 
3 2442 2435 2443 
3 2435 2436 2443 
3 2443 2436 2444 
3 2444 2436 2426 
3 2426 2437 2444 
3 2444 2437 2445 
3 2438 2446 2437 
3 2446 2438 2447 
3 2447 2438 2448 
3 2438 2439 2448 
3 2439 2432 2448 
3 2432 2453 2448 
3 2432 2433 2453 
3 2453 2433 2440 
3 2441 2449 2433 
3 2443 2444 2450 
3 2450 2444 2445 
3 2450 2445 2451 
3 2451 2445 2437 
3 2446 2447 2437 
3 2452 2447 2453 
3 2447 2448 2453 
3 2440 2454 2453 
3 2449 2454 2440 
3 2455 2454 2456 
3 2454 2449 2456 
3 2450 2457 2443 
3 2451 2437 2447 
3 2452 2453 2458 
3 2460 2459 2461 
3 2458 2460 2461 
3 2453 2455 2458 
3 2458 2455 2460 
3 2454 2455 2453 
3 2462 2457 2463 
3 2457 2450 2463 
3 2463 2450 2464 
3 2450 2451 2464 
3 2464 2451 2465 
3 2451 2447 2465 
3 2465 2447 2452 
3 2465 2452 2466 
3 2452 2467 2466 
3 2467 2469 2468 
3 2468 2469 2474 
3 2474 2469 2470 
3 2452 2458 2467 
3 2467 2458 2469 
3 2470 2469 2459 
3 2461 2459 2469 
3 2458 2461 2469 
3 2462 2463 2471 
3 2463 2464 2465 
3 2463 2465 2471 
3 2471 2465 2472 
3 2465 2466 2472 
3 2472 2466 2467 
3 2467 2473 2472 
3 2473 2468 2474 
3 2473 2467 2468 
3 2471 2475 2462 
3 2475 2471 2472 
3 2475 2472 2476 
3 2472 2477 2476 
3 2477 2472 2478 
3 2473 2477 2478 
3 2473 2478 2472 
3 2479 2476 2477 
3 2480 2482 2481 
3 2482 2483 2481 
3 2481 2484 2480 
3 2481 2483 2484 
3 2484 2486 2485 
3 2485 2486 2488 
3 2489 2487 2485 
3 2485 2488 2489 
3 7364 2487 2489 
3 2489 2488 7364 
3 2491 7364 2490 
3 2493 2483 2482 
3 2482 2020 2493 
3 2483 2493 2484 
3 2494 2484 2493 
3 2486 2484 2494 
3 2494 2495 2486 
3 2488 2486 2496 
3 2495 2496 2486 
3 7364 2488 2497 
3 2488 2496 2497 
3 7364 2498 2490 
3 7364 2497 2498 
3 2491 2490 2498 
3 2491 2498 2499 
3 2491 2505 2492 
3 2494 2493 2500 
3 2494 2500 2501 
3 2501 2495 2494 
3 2495 2502 2496 
3 2501 2502 2495 
3 2503 2496 2502 
3 2503 2497 2496 
3 2498 2497 2503 
3 2498 2504 2499 
3 2491 2499 2505 
3 2504 2505 2499 
3 2500 2507 2506 
3 2500 2506 2501 
3 2506 2507 2501 
3 2501 2507 2509 
3 2507 2508 2509 
3 2501 2509 2508 
3 2501 2503 2502 
3 2498 2503 2510 
3 2498 2510 2504 
3 2501 2508 2512 
3 2501 2513 2503 
3 2501 2512 2513 
3 2503 2513 2510 
3 2504 2514 2511 
3 2510 2514 2504 
3 2511 2517 2504 
3 2517 2511 2514 
3 2504 2517 2505 
3 2513 2515 2510 
3 2515 2513 2512 
3 2510 2515 2516 
3 2514 2510 2517 
3 2512 7217 2515 
3 2510 2516 2518 
3 2517 2510 2518 
3 2515 7217 2519 
3 2516 2515 2518 
3 2517 2518 2520 
3 2521 2518 2515 
3 2521 2515 2519 
3 2521 2520 2518 
3 2522 2521 2519 
3 2521 2522 2520 
3 2522 2523 2520 
3 2520 2523 2525 
3 2525 2517 2520 
3 2517 2525 2524 
3 2523 2522 2526 
3 2528 2527 2525 
3 2523 2526 2528 
3 2523 2528 2525 
3 2526 2529 2528 
3 2529 3264 2528 
3 2535 2533 2534 
3 2536 2397 2530 
3 2530 2537 2536 
3 2531 2537 2530 
3 2537 2531 2538 
3 2537 2538 2539 
3 2531 2540 2538 
3 2531 2532 2540 
3 2540 2532 2541 
3 2532 2533 2541 
3 2542 2541 2533 
3 2533 2535 2542 
3 2537 2543 2536 
3 2543 2537 2544 
3 2544 2537 2539 
3 2538 2540 2539 
3 2545 2539 2540 
3 2540 2541 2545 
3 2541 2546 2545 
3 2546 2542 2545 
3 2541 2542 2546 
3 2547 2545 2542 
3 2535 2547 2542 
3 2413 2548 2411 
3 2413 2549 2548 
3 2413 2412 2549 
3 2550 2548 2549 
3 2549 2412 2550 
3 2412 2551 2550 
3 2412 2536 2551 
3 2550 2551 2552 
3 2536 2543 2551 
3 2553 2552 2551 
3 2551 2543 2553 
3 2544 2553 2543 
3 2554 2544 2539 
3 2539 2545 2554 
3 2545 2547 2555 
3 2556 2416 2548 
3 2416 2411 2548 
3 2548 2550 2556 
3 2556 2550 2557 
3 2552 2557 2550 
3 2552 2558 2557 
3 2558 2552 2553 
3 2553 2559 2558 
3 2553 2560 2559 
3 2553 2544 2560 
3 2544 2554 2560 
3 2555 2554 2545 
3 2556 2561 2416 
3 2557 2561 2556 
3 2557 2563 2562 
3 2557 2558 2563 
3 2563 2558 2564 
3 2564 2558 2559 
3 2560 2554 2559 
3 2559 2554 2565 
3 2554 2570 2565 
3 2555 2566 2554 
3 2566 2555 2567 
3 2567 2555 2547 
3 2561 2419 2416 
3 2561 2568 2419 
3 2561 2557 2568 
3 2557 2562 2568 
3 2569 2562 2563 
3 2564 2569 2563 
3 2559 2569 2564 
3 2419 2568 2571 
3 2568 2562 2572 
3 2569 2559 2565 
3 2419 2571 2573 
3 2571 2568 2572 
3 2571 2572 2574 
3 2574 2572 2562 
3 2574 2562 2569 
3 2554 2575 2570 
3 2576 2554 2566 
3 2571 2577 2573 
3 2571 2574 2577 
3 2578 2565 2570 
3 2575 2554 2576 
3 2419 2573 2579 
3 2573 2577 2580 
3 2577 2574 2580 
3 2565 2578 2569 
3 2570 2581 2578 
3 2570 2575 2581 
3 2581 2575 2582 
3 2575 2576 2582 
3 2574 2569 2583 
3 2583 2569 2578 
3 2579 2573 2584 
3 2580 2574 2585 
3 2578 2586 2583 
3 2578 2581 2587 
3 2587 2581 2582 
3 2423 2419 2579 
3 2573 2580 2588 
3 2588 2580 2585 
3 2589 2588 2585 
3 2583 2585 2574 
3 2586 2590 2583 
3 2578 2587 2586 
3 2586 2587 2590 
3 2579 2591 2423 
3 2579 2584 2591 
3 2591 2584 2573 
3 2592 2591 2573 
3 2588 2592 2573 
3 2590 2585 2583 
3 2593 2424 2423 
3 2591 2592 2588 
3 2596 734 2597 
3 2597 735 2595 
3 736 735 2597 
3 734 736 2597 
3 731 737 2596 
3 2595 2598 2597 
3 2596 2597 2598 
3 2596 2598 2599 
3 2599 2600 2596 
3 2600 731 2596 
3 2600 2601 731 
3 2601 738 731 
3 7137 733 738 
3 2595 2607 2598 
3 2598 2607 2602 
3 2600 2599 2603 
3 2603 2604 2600 
3 2600 2604 2601 
3 2605 738 2601 
3 2605 2606 738 
3 2606 7137 738 
3 2602 2599 2598 
3 2599 2608 2603 
3 2609 2602 2607 
3 2602 2608 2599 
3 2604 2603 2610 
3 2604 2610 2611 
3 2604 2611 2601 
3 2611 2605 2601 
3 2607 3895 2612 
3 2607 2612 2609 
3 2616 2613 2602 
3 2613 2608 2602 
3 2610 2603 2608 
3 2611 2614 2605 
3 2614 2606 2605 
3 2615 2609 2612 
3 2609 2615 2616 
3 2616 2602 2609 
3 2613 2616 2617 
3 2617 2608 2613 
3 2608 2618 2610 
3 2618 2611 2610 
3 2618 2614 2611 
3 2621 2619 2612 
3 2612 2619 2615 
3 2619 2620 2615 
3 2616 2615 2620 
3 2621 2622 2619 
3 2619 2622 2620 
3 2620 2622 2616 
3 2616 2623 2617 
3 2608 2617 2623 
3 2623 2618 2608 
3 2624 2614 2618 
3 2621 2630 2622 
3 2622 2630 2625 
3 2616 2622 2625 
3 2625 2626 2616 
3 2626 2623 2616 
3 2618 2623 2627 
3 2627 2628 2618 
3 2628 2629 2618 
3 2629 2624 2618 
3 2614 2624 2629 
3 2629 7170 2614 
3 2625 2632 2626 
3 2627 2623 2631 
3 2631 2628 2627 
3 2625 2630 2621 
3 2621 2632 2625 
3 2633 2626 2632 
3 2634 2623 2626 
3 2634 2631 2623 
3 2634 2628 2631 
3 2635 2632 2621 
3 2633 2634 2626 
3 2636 2628 2634 
3 2636 2637 2628 
3 2638 2632 2635 
3 2638 2639 2632 
3 2639 2633 2632 
3 2639 2634 2633 
3 2634 3513 2636 
3 2640 2642 2641 
3 2641 2642 2643 
3 1883 2641 1884 
3 2641 2643 2644 
3 2641 1885 1884 
3 2641 2644 1885 
3 2644 2654 1885 
3 1886 1885 1887 
3 1885 2654 1887 
3 2654 2645 1887 
3 1887 2645 1888 
3 6500 2646 1883 
3 2640 2646 6500 
3 2640 2647 2642 
3 1883 2646 2641 
3 2640 2641 2646 
3 2642 2648 2643 
3 2642 2647 2648 
3 2647 2649 2648 
3 2650 2643 2648 
3 2648 2649 2650 
3 2649 2651 2650 
3 2652 2644 2643 
3 2643 2650 2652 
3 2652 2650 2644 
3 2650 2651 2644 
3 2651 2653 2644 
3 2644 2655 2654 
3 2645 2654 2655 
3 2645 2656 1888 
3 2645 2655 2656 
3 1888 2656 1891 
3 2656 2667 1891 
3 2667 1892 1891 
3 2657 2640 6500 
3 2657 2658 2640 
3 2658 2647 2640 
3 2658 2659 2647 
3 2647 2659 2649 
3 2649 2659 2660 
3 2651 2649 2661 
3 2653 2662 2644 
3 2651 2662 2653 
3 2651 2663 2662 
3 2651 2661 2663 
3 2644 2662 2655 
3 2663 2664 2662 
3 2661 2665 2663 
3 2662 2664 2655 
3 2663 2666 2664 
3 2663 2665 2666 
3 2656 2655 2667 
3 2655 2664 2667 
3 2664 2668 2667 
3 2666 2668 2664 
3 2668 2669 2667 
3 2670 2660 2659 
3 2649 2660 2671 
3 2661 2649 2671 
3 2671 2672 2661 
3 2666 2665 2673 
3 2668 2666 2674 
3 2673 2674 2666 
3 2668 2674 2669 
3 2675 2676 2660 
3 2671 2660 2676 
3 2676 2677 2672 
3 2671 2676 2672 
3 2672 2677 2661 
3 2665 2661 2680 
3 2661 2679 2680 
3 2665 2680 2673 
3 2673 2680 2674 
3 2661 2677 2678 
3 2661 2678 2679 
3 2674 2680 2682 
3 2674 2682 5881 
3 2677 2676 2681 
3 2683 2678 2677 
3 2679 2678 2683 
3 2683 7027 2679 
3 7027 2684 2679 
3 2680 2679 2685 
3 2679 2684 2685 
3 2682 2680 2685 
3 2686 2687 2688 
3 2689 2688 2691 
3 2690 2688 2692 
3 2686 2694 2693 
3 2693 2695 2686 
3 2694 2686 2688 
3 2687 2686 2695 
3 2695 2696 2687 
3 2697 2694 2688 
3 2688 2687 2696 
3 2696 2698 2688 
3 2688 2698 2699 
3 2697 2688 2689 
3 2689 2691 2697 
3 2688 2700 2692 
3 2688 2699 2700 
3 2698 2701 2700 
3 2699 2698 2700 
3 2691 0 2702 
3 1 2692 2700 
3 2700 2701 1 
3 2703 2693 2704 
3 2704 2693 2694 
3 2693 2703 2695 
3 2705 2696 2695 
3 2694 2697 2704 
3 2705 2698 2696 
3 2702 2697 2691 
3 2701 2698 2706 
3 2701 2706 15 
3 2702 0 14 
3 1 2701 15 
3 2703 2704 2707 
3 2707 2695 2703 
3 2707 2705 2695 
3 2697 2708 2707 
3 2704 2697 2707 
3 2702 2708 2697 
3 2702 14 22 
3 2709 2707 2710 
3 2709 2712 2707 
3 2709 2711 2712 
3 2707 2713 2710 
3 2707 2712 2705 
3 2707 2708 2713 
3 2712 2698 2705 
3 2712 2714 2698 
3 2712 2711 2714 
3 2698 2714 2716 
3 2698 2716 2706 
3 2702 2715 2708 
3 2702 22 2715 
3 2717 32 2706 
3 32 15 2706 
3 2718 2709 2710 
3 2709 2718 2711 
3 2718 2719 2711 
3 2720 2718 2713 
3 2713 2718 2710 
3 2721 2711 2719 
3 2720 2713 2722 
3 2722 2713 2708 
3 2721 2714 2711 
3 2723 2714 2721 
3 2708 2715 2722 
3 2714 2723 2716 
3 2716 2724 2706 
3 2717 2706 2724 
3 2724 32 2717 
3 38 2715 22 
3 2725 2718 2720 
3 2721 2719 2718 
3 2726 2720 2722 
3 2720 2726 2725 
3 2726 2718 2725 
3 2723 2721 2718 
3 2723 2718 2727 
3 2723 2727 2716 
3 2724 2716 2727 
3 2718 2726 2728 
3 2727 2718 2728 
3 2728 2722 2729 
3 2728 2726 2722 
3 2728 2730 2727 
3 2729 2722 2731 
3 2731 2722 2715 
3 2732 2727 2730 
3 2732 2724 2727 
3 41 2724 2732 
3 2724 41 32 
3 2731 2715 38 
3 2728 2729 2733 
3 2733 2734 2728 
3 2734 2730 2728 
3 2732 2730 2736 
3 2736 48 2732 
3 48 41 2732 
3 47 2731 38 
3 2737 2733 2729 
3 2733 2738 2734 
3 2737 2738 2733 
3 2738 2735 2730 
3 2738 2730 2734 
3 2729 2731 2739 
3 2737 2729 2739 
3 2735 2736 2730 
3 2739 2731 59 
3 47 59 2731 
3 2737 2739 66 
3 2737 66 2738 
3 2735 2738 66 
3 2735 66 2736 
3 59 66 2739 
3 2736 66 48 
3 2740 2741 2742 
3 2741 6128 2743 
3 2743 2742 2741 
3 6128 2744 2743 
3 2745 2744 6128 
3 2743 2744 2746 
3 2747 2745 2749 
3 2747 2748 2745 
3 2745 2748 2744 
3 2750 2746 2748 
3 2746 2744 2748 
3 2751 2752 2750 
3 2752 2746 2750 
3 2757 2748 2747 
3 2747 2754 2757 
3 2757 2754 2753 
3 2754 2747 2749 
3 2750 2755 2756 
3 2755 2750 2748 
3 2756 2751 2750 
3 2760 2758 2761 
3 2758 2760 2762 
3 2756 2759 2762 
3 2762 2759 2758 
3 2755 2759 2756 
3 2761 2763 2760 
3 2763 2764 2760 
3 2756 2762 2764 
3 2764 2762 2760 
3 2748 2757 2765 
3 2766 2755 2767 
3 2755 2748 2767 
3 2748 2765 2767 
3 2768 2758 2766 
3 2758 2755 2766 
3 2768 2769 2758 
3 2759 2755 2758 
3 2770 2761 2769 
3 2769 2761 2758 
3 2761 2770 2763 
3 2770 2773 2763 
3 2776 2777 2775 
3 2778 2757 2774 
3 2777 2779 2780 
3 2777 2776 2779 
3 2781 2765 2778 
3 2778 2765 2757 
3 2780 2766 2783 
3 2780 2768 2766 
3 2780 2779 2768 
3 2783 2766 2781 
3 2766 2767 2781 
3 2765 2781 2767 
3 2785 2786 2782 
3 2782 2786 2776 
3 2776 2786 2787 
3 2768 2779 2787 
3 2787 2779 2776 
3 2784 2788 2785 
3 2785 2788 2789 
3 2786 2785 2789 
3 2790 2769 2786 
3 2769 2787 2786 
3 2768 2787 2769 
3 3254 2788 2784 
3 2789 2791 2792 
3 2789 2788 2791 
3 2769 2790 2770 
3 2790 2773 2770 
3 2788 3254 2793 
3 2791 2793 2771 
3 2791 2788 2793 
3 2792 2791 2794 
3 2794 2791 2771 
3 2794 2771 2772 
3 2773 2794 2772 
3 2796 2774 2806 
3 2797 2775 2795 
3 2796 2795 2774 
3 2798 2775 2797 
3 2795 2775 2774 
3 2774 2775 2799 
3 2798 2800 2776 
3 2798 2776 2775 
3 2777 2799 2775 
3 2774 2799 2778 
3 2776 2800 2801 
3 2777 2780 2799 
3 2781 2778 2799 
3 2801 2782 2776 
3 2799 2780 2783 
3 2781 2799 2783 
3 2802 2803 2784 
3 2782 2802 2784 
3 2785 2782 2784 
3 2804 2784 2803 
3 3254 2784 2804 
3 2786 2789 2792 
3 2786 2792 2773 
3 2790 2786 2773 
3 2805 3254 2804 
3 2773 2792 2794 
3 2795 2806 2807 
3 2795 2809 2808 
3 2795 2807 2809 
3 2796 2806 2795 
3 2808 2797 2795 
3 2808 2811 2797 
3 2811 2810 2798 
3 2797 2811 2798 
3 2811 2800 2810 
3 2798 2810 2800 
3 2811 2812 2801 
3 2800 2811 2801 
3 2802 2813 2803 
3 2813 2802 2782 
3 2812 2782 2801 
3 2803 2813 2814 
3 2804 2814 2815 
3 2814 2804 2803 
3 2804 2816 2805 
3 2817 2818 2819 
3 2822 2821 2817 
3 2817 2821 2818 
3 2806 2818 2807 
3 2808 2809 2821 
3 2807 2818 2809 
3 2809 2818 2821 
3 2808 2825 2811 
3 2812 2811 2825 
3 2826 2827 2828 
3 2826 2828 2825 
3 2825 2828 2782 
3 2825 2782 2812 
3 2828 2827 2813 
3 2782 2828 2813 
3 2830 2815 2829 
3 2829 2815 2827 
3 2827 2815 2814 
3 2814 2813 2827 
3 2804 2815 2830 
3 2816 2804 2830 
3 2831 2817 2832 
3 2817 2819 2832 
3 2832 2819 2833 
3 2835 2836 2834 
3 2836 2822 2837 
3 2822 2817 2837 
3 2817 2838 2837 
3 2831 2838 2817 
3 2820 2823 2840 
3 2820 2840 2839 
3 2840 2842 2841 
3 2823 2842 2840 
3 2841 2842 2843 
3 2842 2844 2843 
3 2843 2846 2845 
3 2844 2846 2843 
3 2845 2846 2834 
3 2846 2847 2834 
3 2834 2847 2835 
3 2835 2847 2836 
3 2836 2847 2848 
3 2821 2822 2848 
3 2848 2822 2836 
3 2848 2847 2821 
3 2823 2849 2842 
3 2842 2849 2844 
3 2846 2844 2847 
3 2808 2821 2825 
3 2825 2821 2847 
3 2823 2824 2849 
3 2849 2850 2844 
3 2844 2850 2847 
3 2847 2850 2825 
3 2826 2825 2850 
3 2826 2850 2827 
3 2850 2830 2827 
3 2827 2830 2829 
3 2851 2852 2853 
3 2857 2858 2856 
3 2854 2856 2858 
3 2851 2853 2859 
3 2853 2852 2859 
3 2859 2852 2860 
3 2852 2854 2860 
3 2860 2854 2867 
3 2854 2855 2867 
3 2867 2855 2861 
3 2855 2862 2861 
3 2854 2863 2855 
3 2855 2863 2862 
3 2854 2864 2863 
3 2862 2863 2861 
3 2868 2861 2865 
3 2868 2865 2442 
3 2859 2860 2866 
3 2866 2860 2867 
3 2861 2868 2867 
3 1615 2869 1616 
3 2869 1617 1616 
3 2869 2870 1617 
3 2871 4910 2869 
3 2871 2869 2872 
3 1628 2872 1615 
3 2869 1615 2872 
3 2871 2873 4910 
3 2871 2872 2874 
3 2874 2875 2871 
3 2873 2871 2875 
3 2872 2876 2874 
3 1625 2878 1626 
3 2878 2876 1626 
3 1626 2876 1628 
3 1628 2876 2872 
3 2879 2880 2874 
3 2880 2873 2874 
3 2874 2873 2875 
3 2882 2879 2876 
3 2876 2879 2874 
3 2881 2883 2877 
3 2883 1625 2877 
3 1625 2883 2878 
3 2883 2882 2878 
3 2882 2876 2878 
3 2880 2879 2873 
3 2881 1646 2883 
3 1646 2884 2883 
3 2883 2884 2882 
3 2873 2879 2886 
3 2882 2887 2879 
3 1646 1653 2884 
3 2884 1653 2882 
3 2873 2886 2885 
3 2887 2888 2879 
3 2879 2888 2889 
3 2879 2889 2886 
3 2882 2890 2887 
3 1653 2890 2882 
3 2887 2890 2888 
3 2886 2889 1659 
3 1660 2890 1653 
3 2888 2890 1660 
3 2888 1660 2889 
3 2889 1660 1659 
3 1672 2886 1659 
3 2893 2894 2895 
3 2893 2895 2896 
3 2896 2895 2897 
3 2898 2900 2897 
3 2900 2898 236 
3 2892 2899 2891 
3 2893 2899 2892 
3 2901 2891 2899 
3 2899 2893 2901 
3 2902 2893 2896 
3 2897 2900 2902 
3 2902 2896 2897 
3 2904 2903 236 
3 2903 2900 236 
3 2904 236 246 
3 2905 2594 2891 
3 2905 2891 2901 
3 2901 2907 2906 
3 2893 2907 2901 
3 2902 2900 2908 
3 2908 2900 2909 
3 256 2904 246 
3 2905 2901 2906 
3 2907 2893 2910 
3 2910 2893 2902 
3 2910 2902 2908 
3 2910 2908 2911 
3 2911 2908 2909 
3 2911 2900 2903 
3 2911 2903 2912 
3 2911 2909 2900 
3 2912 2903 2904 
3 2913 2904 256 
3 2906 2914 2905 
3 2914 2906 2915 
3 2915 2906 2907 
3 2910 2911 2916 
3 2912 2916 2911 
3 2917 2914 2915 
3 2918 2907 2910 
3 2912 2904 2913 
3 287 2913 256 
3 2917 2915 2907 
3 2917 2907 2918 
3 2919 2918 2910 
3 2920 2910 2921 
3 2921 2910 2916 
3 2921 2916 2912 
3 2922 2912 2913 
3 2923 2914 2917 
3 2923 2917 2918 
3 2919 2910 2920 
3 2919 2920 2921 
3 2921 2912 2922 
3 2924 2922 2913 
3 2924 2913 287 
3 2925 2914 2923 
3 2918 2919 2926 
3 2927 2919 2921 
3 2922 2927 2921 
3 2928 2914 2925 
3 2925 2923 2918 
3 2929 2925 2918 
3 2926 2929 2918 
3 2919 2927 2929 
3 2919 2929 2926 
3 2930 2927 2922 
3 2930 2922 2931 
3 2931 2922 2924 
3 2924 287 2931 
3 2925 2932 2928 
3 2929 2932 2925 
3 2929 2927 2934 
3 2929 2934 2933 
3 2934 2930 2935 
3 2934 2927 2930 
3 2935 2930 2931 
3 287 2936 2931 
3 2935 2931 2936 
3 2937 2928 2932 
3 2938 2937 2932 
3 2938 2932 2939 
3 2939 2932 2929 
3 2939 2929 2933 
3 2940 2939 2933 
3 2940 2933 2934 
3 2940 2934 2935 
3 2941 2936 287 
3 2941 2935 2936 
3 2942 2937 2943 
3 2937 2938 2943 
3 2943 2938 2944 
3 2938 2939 2944 
3 2944 2939 2945 
3 2935 2941 2946 
3 316 322 287 
3 287 322 2941 
3 2937 2942 2947 
3 2942 2943 2948 
3 2944 2948 2943 
3 2944 2945 2949 
3 2945 2939 2950 
3 2945 2950 2951 
3 2945 2951 2949 
3 2939 2952 2951 
3 2939 2951 2950 
3 2951 2952 2940 
3 2952 2939 2940 
3 2935 2946 2954 
3 2946 2953 2954 
3 2935 2954 2940 
3 322 2955 2941 
3 2955 2946 2941 
3 2953 2946 2955 
3 2942 2956 2947 
3 2956 2942 2957 
3 2942 2948 2957 
3 2948 2958 2957 
3 850 2958 2948 
3 2944 850 2948 
3 2949 2959 2944 
3 2949 865 2959 
3 2949 2951 865 
3 2951 2940 2960 
3 2940 2954 2960 
3 322 329 2955 
3 2953 2955 944 
3 2955 329 944 
3 944 2961 2953 
3 108 115 2962 
3 2962 110 108 
3 115 2963 2962 
3 2963 2965 2962 
3 2973 2966 2963 
3 2973 2964 2966 
3 2963 2966 2967 
3 110 2962 2968 
3 110 2968 121 
3 2970 2971 2973 
3 124 2972 115 
3 2969 2963 2972 
3 2969 2970 2963 
3 2963 115 2972 
3 2973 2963 2970 
3 2963 2974 2965 
3 2964 2976 2966 
3 2965 2975 2962 
3 2965 2974 2975 
3 2963 2967 2974 
3 2967 2966 2974 
3 2966 2976 2974 
3 2968 2962 2977 
3 2962 2975 2977 
3 130 2978 2969 
3 2969 2978 2970 
3 2978 2979 2970 
3 2979 2971 2970 
3 2972 124 130 
3 2969 2972 130 
3 2980 2975 2974 
3 2981 2980 2974 
3 2981 2974 2982 
3 2974 2976 2982 
3 2983 2977 2975 
3 2983 2975 2980 
3 2984 2985 130 
3 130 2985 2978 
3 2984 130 2986 
3 2985 2987 2978 
3 2978 2987 2979 
3 2983 2980 2989 
3 2980 2981 2989 
3 2989 2981 2990 
3 2981 2982 2990 
3 2990 2982 2991 
3 2985 2984 2987 
3 2979 2984 2992 
3 2979 2987 2984 
3 2993 2983 2989 
3 2994 2995 2984 
3 141 145 2986 
3 2986 145 2984 
3 2995 2997 2984 
3 2984 2997 2992 
3 2997 2996 2992 
3 2998 2989 2999 
3 2989 2990 2999 
3 2990 3000 2999 
3 3001 2993 2998 
3 2989 2998 2993 
3 2991 3000 2990 
3 145 2994 2984 
3 2994 3002 2995 
3 2997 2995 3002 
3 2996 2997 3003 
3 3004 3006 3007 
3 3008 3001 3005 
3 3001 2998 3005 
3 2999 3005 2998 
3 3004 3005 2999 
3 3006 3004 2999 
3 3000 3006 2999 
3 3007 3006 3000 
3 3008 3009 3001 
3 145 3010 2994 
3 2994 3010 3011 
3 2994 3011 3002 
3 3012 3002 3011 
3 2997 3002 3012 
3 3003 2997 3012 
3 136 155 145 
3 3010 145 155 
3 3012 3014 3003 
3 3003 3014 3013 
3 3012 3011 3014 
3 3014 3011 3013 
3 3011 3015 3013 
3 3015 3011 3007 
3 3016 3005 3011 
3 3011 3005 3004 
3 3007 3011 3004 
3 3008 3005 3016 
3 3011 3010 3017 
3 3010 155 3018 
3 3010 3018 3017 
3 3017 3016 3011 
3 3017 3018 3016 
3 3019 3018 155 
3 3018 3019 3016 
3 3008 3016 3019 
3 155 166 3019 
3 166 168 3019 
3 3019 168 3008 
3 168 171 3008 
3 3008 171 3020 
3 845 2956 2957 
3 845 2957 846 
3 847 2957 2958 
3 847 846 2957 
3 2958 850 847 
3 2944 853 850 
3 853 2944 861 
3 861 2944 2959 
3 2959 865 861 
3 781 782 788 
3 3021 788 790 
3 790 785 3021 
3 3022 3023 331 
3 331 3023 785 
3 3021 785 3023 
3 3024 3022 331 
3 783 3025 779 
3 787 779 3025 
3 3030 3025 783 
3 3030 781 3026 
3 3026 781 788 
3 3023 3027 3021 
3 3022 3027 3023 
3 3026 788 3021 
3 3028 3021 3027 
3 787 3025 3029 
3 3026 3031 3030 
3 3025 3030 3029 
3 3031 3032 3030 
3 3032 3031 3026 
3 3032 3026 3033 
3 3021 3034 3026 
3 3034 3021 3035 
3 3035 3021 3028 
3 3028 3027 3035 
3 3030 3036 3029 
3 3030 3032 3036 
3 3032 3037 3036 
3 3037 3032 3033 
3 3037 3033 3026 
3 3038 3035 3027 
3 3036 3040 3039 
3 3039 3029 3036 
3 3037 3040 3036 
3 3041 3026 3034 
3 3039 3040 3042 
3 3040 3037 3043 
3 3042 3040 3043 
3 3037 3026 3044 
3 3043 3037 3044 
3 3041 3044 3026 
3 3034 3035 3038 
3 3043 3045 3042 
3 3046 3041 3034 
3 3038 3048 3047 
3 3038 3047 3034 
3 3043 3049 3045 
3 3044 3041 3050 
3 3041 3046 3050 
3 3046 3051 3050 
3 3034 3052 3046 
3 3034 3047 3052 
3 3046 3052 3051 
3 3049 3043 5376 
3 3049 5376 3045 
3 3043 3044 3056 
3 3044 3050 3056 
3 3050 3051 3053 
3 3047 3054 3052 
3 3054 3051 3052 
3 3053 3051 3054 
3 3056 3050 3055 
3 3050 3053 3057 
3 3057 3055 3050 
3 3053 3054 3057 
3 3055 3057 3056 
3 3059 3058 3057 
3 3056 3057 3058 
3 3060 3056 3058 
3 558 3061 1349 
3 1350 1349 3061 
3 3063 565 571 
3 565 3063 558 
3 3063 3061 558 
3 1354 1350 3062 
3 3062 1355 1354 
3 3061 3062 1350 
3 3066 1355 3062 
3 3064 1355 3066 
3 1351 1355 3064 
3 1356 1351 3064 
3 3063 571 586 
3 3063 3065 3061 
3 3061 3066 3062 
3 3061 3065 3066 
3 3064 3067 1356 
3 3063 3068 3065 
3 3063 586 3068 
3 3069 3065 3068 
3 3064 3066 3070 
3 3079 3064 3070 
3 3071 3064 3079 
3 3064 3071 3067 
3 3071 3072 3067 
3 3067 3072 1356 
3 3073 585 593 
3 585 3073 586 
3 586 3073 3068 
3 3069 3068 3074 
3 3074 3075 3069 
3 3065 3077 3066 
3 3065 3069 3077 
3 3076 3077 3069 
3 3076 3069 3075 
3 3077 3078 3066 
3 3078 3070 3066 
3 3079 3070 3078 
3 3080 3072 3071 
3 3073 593 595 
3 3068 3073 3081 
3 3083 3068 3082 
3 3074 3068 3083 
3 3074 3083 3084 
3 3074 3084 3075 
3 3083 3082 3077 
3 3077 3076 3084 
3 3077 3084 3083 
3 3084 3076 3075 
3 3078 3077 3085 
3 3085 3077 3082 
3 3078 3085 3079 
3 3079 3086 3071 
3 3080 3071 3086 
3 5749 3080 3086 
3 3087 3073 595 
3 3081 3073 3087 
3 3081 3082 3068 
3 3081 3088 3082 
3 3088 3085 3082 
3 3085 3088 3089 
3 3079 3085 3090 
3 3085 3089 3090 
3 3086 3079 3090 
3 3091 3081 3087 
3 3081 3091 3092 
3 3089 3093 3090 
3 3086 3094 5749 
3 607 3087 595 
3 3091 3087 607 
3 3091 3095 3092 
3 3081 3092 3088 
3 3089 3088 3092 
3 3089 3096 3093 
3 3096 3090 3093 
3 3101 3090 3096 
3 3086 3090 3101 
3 3094 3086 3101 
3 616 3097 607 
3 3097 3091 607 
3 3091 3098 3095 
3 3091 3097 3098 
3 3095 3099 3092 
3 3099 3089 3092 
3 3089 3100 3096 
3 3089 3099 3100 
3 3101 1428 3094 
3 3102 2096 2095 
3 2096 3102 3104 
3 3102 3103 3104 
3 3104 2097 2096 
3 3103 3105 3104 
3 2097 3104 2106 
3 3107 3105 3103 
3 3106 3104 3105 
3 3108 3104 3106 
3 3105 3109 3106 
3 3109 3108 3106 
3 3109 3104 3108 
3 2106 3104 3109 
3 3110 3105 3107 
3 3110 3111 3105 
3 3109 3105 3111 
3 2106 3109 3112 
3 3112 3113 2106 
3 2108 2106 3113 
3 3112 3109 3111 
3 3112 3114 3113 
3 3113 1587 2108 
3 3115 3116 3110 
3 3111 3110 3116 
3 3111 3117 3112 
3 3114 3112 3118 
3 3112 3117 3118 
3 3113 3114 3119 
3 3114 3118 3119 
3 1587 3119 3120 
3 3113 3119 1587 
3 3115 3111 3116 
3 3121 3118 3117 
3 3119 3118 3121 
3 3121 3122 3119 
3 3119 3122 3120 
3 3115 3110 3123 
3 3124 3111 3115 
3 3124 3125 3111 
3 3125 3117 3111 
3 3117 3126 3121 
3 3122 3121 3126 
3 3122 3127 3120 
3 3128 3122 3126 
3 3122 3129 3127 
3 3129 3120 3127 
3 1496 1497 3123 
3 1497 3115 3123 
3 3124 3115 3130 
3 3115 1497 3130 
3 3131 3126 3117 
3 3131 1500 3126 
3 1500 3128 3126 
3 1500 3122 3128 
3 3129 1500 1358 
3 3122 1500 3129 
3 1402 1496 3123 
3 1504 3130 1497 
3 3130 1504 3124 
3 1504 1499 3124 
3 1499 3125 3124 
3 1499 3117 3125 
3 1499 3131 3117 
3 1499 1500 3131 
3 3135 3137 3136 
3 3134 3133 3138 
3 3138 3139 3134 
3 3132 3140 3133 
3 3138 3133 3140 
3 3139 3138 3141 
3 3142 3143 3134 
3 3134 3143 3135 
3 3141 3144 3139 
3 3132 4849 3140 
3 3145 3146 3140 
3 3140 3146 3138 
3 3146 3141 3138 
3 3146 3147 3141 
3 3141 3148 3144 
3 3144 3148 3139 
3 3139 3148 3134 
3 3134 3148 3142 
3 3140 4849 3149 
3 3140 3149 3145 
3 3146 3145 3149 
3 3142 3150 3143 
3 3143 3150 3135 
3 3137 3135 3150 
3 3147 3151 3141 
3 3141 3152 3148 
3 3151 3152 3141 
3 3152 3153 3148 
3 3153 3154 3148 
3 3148 3154 3142 
3 3155 3137 3150 
3 4849 3156 3149 
3 3158 3156 3157 
3 3156 3158 3149 
3 3159 3149 3158 
3 3146 3149 3159 
3 3159 3160 3146 
3 3147 3146 3160 
3 3147 3161 3151 
3 3161 3152 3151 
3 3142 3154 3150 
3 3154 3155 3150 
3 3161 3162 3152 
3 3152 3162 3153 
3 3162 3163 3153 
3 3158 3164 3165 
3 3159 3158 3165 
3 3160 3159 3165 
3 3166 3160 3165 
3 3147 3160 3166 
3 3167 3154 3153 
3 3154 3167 3155 
3 3166 3161 3147 
3 3163 3168 3153 
3 3169 3165 3164 
3 3166 3165 3170 
3 3168 3171 3153 
3 3171 3167 3153 
3 3165 3169 3170 
3 3162 3172 3163 
3 3163 3172 3168 
3 3167 3173 3155 
3 3169 3175 3174 
3 3169 3174 3176 
3 3174 3175 3177 
3 3176 3174 3177 
3 3178 3166 3170 
3 3161 3166 3178 
3 3162 3161 3178 
3 3171 3168 3179 
3 3171 3179 3180 
3 3167 3171 3173 
3 3173 3171 3180 
3 3170 3169 3178 
3 3172 3187 3168 
3 3168 3187 3179 
3 3180 3179 3187 
3 3178 3169 3181 
3 3176 3181 3169 
3 3176 3177 3181 
3 3181 3177 3183 
3 3184 3162 3178 
3 3172 3162 3185 
3 3178 3181 3186 
3 3184 3178 3186 
3 3185 3187 3172 
3 3181 3188 3186 
3 3186 3188 3184 
3 3173 3180 3187 
3 3181 3189 3188 
3 3190 3189 3181 
3 3191 3173 3187 
3 3173 3191 3182 
3 3181 3183 3190 
3 3192 3162 3184 
3 3185 3162 3192 
3 3188 3193 3184 
3 3184 3193 3192 
3 3192 3193 3185 
3 3193 3194 3185 
3 3194 3187 3185 
3 3187 3194 3195 
3 3188 3189 3193 
3 3196 3195 3194 
3 3187 3195 3191 
3 3189 3190 3197 
3 3189 3197 3193 
3 3198 3195 3196 
3 3195 3198 3191 
3 3194 3193 3199 
3 3194 3199 3200 
3 3196 3194 3200 
3 3199 3193 3201 
3 3199 3201 3200 
3 3196 3200 3202 
3 3196 3202 3198 
3 3208 3209 3206 
3 3209 3207 3206 
3 3208 3210 3209 
3 3209 3210 2529 
3 2740 3203 2088 
3 3206 3205 3212 
3 3213 3208 3212 
3 3206 3212 3208 
3 3213 3210 3208 
3 2742 3203 2740 
3 2742 3211 3203 
3 3211 3205 3204 
3 3212 3215 3216 
3 3205 3215 3212 
3 3213 3212 3216 
3 3217 3218 3210 
3 3217 3210 3213 
3 3218 3214 3210 
3 3223 3224 3211 
3 3211 3224 3205 
3 3215 3224 3219 
3 3224 3215 3205 
3 3215 3219 3216 
3 3217 3213 3220 
3 3216 3220 3213 
3 3220 3218 3217 
3 3211 2742 3221 
3 3222 3211 3221 
3 3223 3211 3222 
3 3225 3219 3224 
3 3216 3229 3226 
3 3225 3229 3219 
3 3219 3229 3216 
3 3226 3220 3216 
3 3220 3226 3269 
3 3221 2742 2743 
3 3221 3227 3222 
3 3228 3224 3223 
3 3229 3225 3236 
3 3224 3236 3225 
3 3230 3226 3229 
3 3269 3226 3230 
3 3231 3233 3232 
3 3221 3232 3233 
3 3221 2743 3232 
3 2743 2746 3232 
3 3234 3222 3231 
3 3231 3222 3227 
3 3233 3231 3227 
3 3221 3233 3227 
3 3234 3223 3222 
3 3234 3235 3223 
3 3223 3235 3228 
3 3224 3228 3236 
3 3236 3238 3229 
3 3239 3230 3237 
3 3229 3238 3230 
3 3230 3238 3237 
3 2752 2751 3232 
3 3232 2751 3231 
3 2746 2752 3232 
3 3231 3240 3234 
3 3241 3235 3234 
3 3240 3241 3234 
3 3236 3228 3235 
3 3242 3239 3237 
3 3242 3237 3243 
3 3243 3237 3238 
3 3243 3238 3236 
3 2751 2756 2764 
3 2751 2764 3231 
3 3231 3241 3240 
3 3235 3241 3245 
3 3245 3244 3236 
3 3235 3245 3236 
3 3236 3244 3246 
3 3242 3243 3252 
3 3252 3243 3236 
3 2764 2763 3231 
3 3244 3245 3249 
3 3245 3250 3249 
3 3247 3231 2763 
3 3247 3250 3231 
3 3244 3248 3251 
3 3241 3250 3245 
3 3250 3241 3231 
3 3252 3246 3251 
3 3251 3246 3244 
3 3246 3252 3236 
3 3254 3244 2771 
3 3244 3249 2771 
3 2772 3249 3255 
3 2772 2771 3249 
3 3247 2772 3256 
3 2772 3247 2763 
3 2773 2772 2763 
3 3254 3257 3248 
3 3244 3254 3248 
3 3255 3249 3250 
3 3256 3250 3247 
3 3258 3251 3257 
3 3248 3257 3251 
3 3251 3258 3252 
3 3257 3254 3259 
3 2793 3254 2771 
3 2772 3255 3256 
3 3255 3250 3256 
3 3261 3258 3260 
3 3260 3258 3259 
3 3259 3258 3257 
3 3258 3261 3252 
3 3259 2805 3262 
3 3254 2805 3259 
3 3263 3261 3262 
3 3262 3260 3259 
3 3262 3261 3260 
3 2816 3263 2805 
3 2805 3263 3262 
3 2529 3210 3264 
3 3265 3264 3214 
3 3214 3264 3210 
3 3265 3214 3266 
3 3264 3266 3267 
3 3265 3266 3264 
3 3218 3220 3214 
3 3266 3214 3268 
3 3266 3268 3267 
3 3214 3220 3269 
3 3268 3270 3267 
3 3214 3269 3270 
3 3214 3270 3268 
3 3267 1405 3264 
3 3269 3271 3270 
3 3269 3230 3271 
3 3270 3272 3267 
3 3267 3272 3273 
3 1405 3273 1409 
3 3267 3273 1405 
3 3274 3275 3239 
3 3275 3230 3239 
3 3276 3275 3274 
3 3276 3271 3275 
3 3275 3271 3230 
3 3270 3271 3272 
3 3272 3271 3276 
3 3273 3277 1412 
3 1412 1409 3273 
3 3278 3239 3242 
3 3279 3280 3278 
3 3278 3280 3274 
3 3239 3278 3274 
3 3276 3274 3280 
3 3272 3281 3282 
3 3276 3281 3272 
3 3283 3273 3282 
3 3277 3273 3283 
3 3282 3273 3272 
3 1412 3277 3283 
3 3284 3242 3252 
3 3285 3278 3284 
3 3242 3284 3278 
3 3278 3285 3279 
3 3280 3285 3286 
3 3279 3285 3280 
3 3281 3280 3286 
3 3280 3281 3276 
3 3287 3282 3281 
3 3287 3288 3283 
3 3282 3287 3283 
3 3288 1412 3283 
3 3252 3253 3284 
3 3285 3290 3286 
3 3290 3281 3286 
3 3291 3287 3290 
3 3287 3281 3290 
3 3287 3291 3292 
3 3292 3288 3287 
3 1412 3288 3289 
3 1427 1412 3289 
3 3293 3253 3252 
3 3284 3293 3294 
3 3253 3293 3284 
3 3284 3294 3295 
3 3284 3295 3285 
3 3295 3290 3285 
3 3305 3291 3290 
3 3301 3296 3288 
3 3296 3297 3288 
3 3288 3297 3289 
3 1427 3289 3297 
3 3261 3293 3252 
3 3261 3295 3294 
3 3261 3298 3295 
3 3293 3261 3294 
3 3290 3295 3298 
3 3305 3290 3299 
3 3291 3305 3300 
3 3305 3288 3300 
3 3288 3292 3300 
3 3291 3300 3292 
3 3301 3288 3305 
3 3296 3301 3297 
3 3302 3261 3263 
3 3261 3302 3303 
3 3303 3298 3261 
3 3299 3290 3304 
3 3304 3290 3298 
3 3306 3297 3301 
3 3306 1427 3297 
3 3307 3263 2816 
3 3307 3308 3263 
3 3302 3308 3309 
3 3263 3308 3302 
3 3303 3309 3310 
3 3302 3309 3303 
3 3304 3298 3310 
3 3310 3298 3303 
3 3304 3311 3299 
3 3313 3301 3312 
3 3306 3301 3313 
3 3321 1427 3313 
3 3313 1427 3306 
3 1382 1427 3321 
3 3308 3307 3314 
3 3315 3308 3314 
3 3308 3315 3309 
3 3315 3316 3309 
3 3309 3316 3310 
3 3304 3310 3316 
3 3311 3304 3316 
3 3299 3316 3318 
3 3318 3316 3317 
3 3311 3316 3299 
3 3318 3319 3299 
3 3299 3319 3320 
3 3320 3305 3299 
3 3312 3301 3320 
3 3320 3301 3305 
3 3321 3313 3312 
3 3314 3322 3315 
3 3322 3323 3315 
3 3322 3324 3323 
3 3323 3324 3315 
3 3324 3317 3315 
3 3315 3317 3316 
3 3324 3325 3317 
3 3318 3317 3325 
3 3318 3325 3319 
3 3319 3325 3320 
3 3326 3312 3320 
3 3321 3312 3326 
3 1396 1395 1939 
3 3327 1396 1939 
3 3328 1396 3327 
3 1396 3328 1389 
3 1390 1389 3328 
3 1391 1390 3328 
3 3336 1393 1392 
3 3329 3336 1392 
3 1397 1393 3336 
3 1397 3330 1398 
3 1952 3331 1939 
3 1939 1938 1952 
3 3327 1939 3331 
3 3327 3331 3328 
3 3328 3332 3333 
3 3333 3334 3328 
3 1391 3328 3334 
3 1391 3334 3335 
3 3329 1391 3335 
3 1397 3336 3330 
3 3338 1964 1967 
3 1964 3338 1966 
3 1966 3338 3331 
3 1952 1966 3331 
3 3331 3338 3339 
3 3339 3340 3331 
3 3331 3340 3328 
3 3328 3340 3332 
3 3332 3341 3333 
3 3341 3334 3333 
3 3341 3342 3334 
3 3334 3342 3335 
3 3336 3329 3335 
3 3337 3330 3336 
3 1973 3343 1967 
3 3338 1967 3344 
3 1967 3343 3344 
3 3338 3344 3345 
3 3338 3345 3339 
3 3343 3347 3344 
3 3346 3347 3343 
3 3347 3345 3344 
3 3345 3348 3339 
3 3340 3339 3348 
3 3349 3340 3348 
3 3340 3349 3332 
3 3349 3341 3332 
3 3351 3341 3350 
3 3342 3341 3351 
3 3335 3342 3351 
3 3352 3335 3351 
3 3336 3335 3352 
3 3336 3353 3337 
3 3343 3354 3346 
3 3354 3347 3346 
3 3354 3355 3347 
3 3347 3355 3345 
3 3355 3348 3345 
3 3348 3341 3349 
3 3350 3341 3348 
3 3352 3351 3350 
3 3353 3336 3352 
3 3352 3356 3353 
3 3355 3354 3357 
3 3357 3359 3355 
3 3358 3359 3357 
3 3359 3360 3355 
3 3348 3355 3361 
3 3361 3355 3360 
3 3348 3361 3350 
3 3361 3360 3359 
3 3361 3362 3350 
3 3352 3350 3362 
3 3362 3363 3352 
3 3356 3352 3363 
3 3358 3357 3364 
3 3358 3364 3359 
3 3364 3362 3361 
3 3359 3364 3361 
3 3364 3365 3362 
3 3365 3366 3362 
3 3365 3367 3366 
3 3362 3366 3367 
3 3363 3362 3367 
3 3365 3364 3368 
3 3368 3369 3365 
3 3370 3365 3369 
3 3367 3365 3370 
3 3369 3371 3370 
3 3375 3372 3373 
3 3373 3374 3376 
3 3375 3373 3376 
3 3379 3375 3376 
3 3379 3376 3374 
3 3379 3374 3380 
3 3380 3374 3377 
3 3377 3378 3380 
3 3380 3378 3381 
3 3382 4430 3375 
3 3375 3379 3382 
3 3382 3379 3383 
3 3384 3383 3379 
3 3379 3380 3384 
3 3380 3381 3385 
3 3382 3383 3386 
3 3386 3384 3387 
3 3383 3384 3386 
3 3380 3387 3384 
3 3387 3380 3385 
3 3387 2293 3386 
3 2292 2293 3387 
3 3387 3388 2292 
3 2292 3388 233 
3 3390 3391 3400 
3 3400 3395 3392 
3 3392 3395 3396 
3 3394 3392 3396 
3 3397 3392 3394 
3 3392 3397 3393 
3 1973 3393 3343 
3 3400 5021 3390 
3 3400 3398 3395 
3 3397 3399 3393 
3 3393 3399 3343 
3 3400 3401 3398 
3 3398 3401 3395 
3 3395 3401 3396 
3 3396 3401 3402 
3 3391 3403 3400 
3 3397 3394 3404 
3 3404 3394 3396 
3 3404 3396 3405 
3 3404 3405 3399 
3 3397 3404 3399 
3 3343 3399 3354 
3 3396 3406 3405 
3 3399 3405 3407 
3 3407 3405 3406 
3 3408 3354 3399 
3 3400 3409 3401 
3 3409 3410 3401 
3 3410 3411 3401 
3 3402 3401 3411 
3 3402 3411 3396 
3 3396 3411 3406 
3 3407 3412 3399 
3 3406 3412 3407 
3 3412 3408 3399 
3 3403 3413 3400 
3 3413 3409 3400 
3 3408 3357 3354 
3 3357 3408 3412 
3 3414 3411 3410 
3 3415 3406 3411 
3 3412 3406 3415 
3 3414 3415 3411 
3 3416 3413 3403 
3 3417 3409 3413 
3 3409 3417 3410 
3 3410 3417 3418 
3 3414 3410 3418 
3 3415 3414 3418 
3 3412 3415 3419 
3 3412 3419 3420 
3 3412 3420 3357 
3 3413 3416 3417 
3 3418 3417 3416 
3 3421 3420 3419 
3 3423 3419 3415 
3 3357 3420 3421 
3 3364 3357 3421 
3 3416 3424 3418 
3 3418 3424 3425 
3 3418 3425 3426 
3 3427 3415 3426 
3 3415 3418 3426 
3 3427 3423 3415 
3 3419 3423 3421 
3 3422 3428 3416 
3 3424 3416 3428 
3 3429 3421 3423 
3 3364 3421 3429 
3 3429 3368 3364 
3 3429 3369 3368 
3 3426 3425 3424 
3 3427 3426 3423 
3 3423 3426 3430 
3 3424 3431 3426 
3 3429 3423 3430 
3 3428 3432 3424 
3 3424 3432 3431 
3 3426 3431 3432 
3 3430 3433 3429 
3 3429 3433 3369 
3 3428 3434 3432 
3 3433 3435 3369 
3 3369 3435 3371 
3 3433 3430 3436 
3 3432 3437 3426 
3 3426 3437 3430 
3 3433 3436 3435 
3 3432 3434 3438 
3 3432 3438 3437 
3 3436 3430 3439 
3 3436 3439 3435 
3 245 1191 3440 
3 3440 1191 1192 
3 3440 1192 1193 
3 1179 3441 1193 
3 1179 1189 3441 
3 3442 1189 1194 
3 3442 1194 3443 
3 1190 3443 1194 
3 250 245 3444 
3 245 3440 3444 
3 1189 3442 3441 
3 3445 3443 1190 
3 1195 1187 3446 
3 255 250 3447 
3 3447 250 3444 
3 3447 3444 3440 
3 3447 3440 3448 
3 3448 3440 1193 
3 3441 3449 1193 
3 3450 3443 3445 
3 3445 1190 3451 
3 1190 1195 3451 
3 3451 1195 3446 
3 255 3447 267 
3 3448 267 3447 
3 3449 3448 1193 
3 3449 3452 3448 
3 3452 267 3448 
3 3453 3452 3449 
3 3449 3441 3453 
3 3442 3453 3441 
3 3442 3443 3453 
3 3443 3454 3453 
3 3454 3443 3450 
3 277 279 3455 
3 279 3456 3455 
3 279 267 3456 
3 3452 3456 267 
3 3456 3452 3457 
3 3452 3458 3457 
3 3452 3453 3459 
3 3452 3459 3460 
3 3453 3461 3459 
3 3454 3450 3462 
3 3450 3445 3462 
3 3462 3445 3463 
3 3463 3445 3451 
3 3456 3465 3455 
3 3456 3466 3465 
3 3457 3466 3456 
3 3458 3466 3457 
3 3452 3460 3458 
3 3460 3467 3458 
3 3459 3467 3460 
3 3461 3467 3459 
3 3467 3461 3468 
3 3469 3468 3453 
3 3453 3468 3461 
3 3453 3454 3469 
3 3469 3454 3470 
3 3470 3454 3471 
3 3454 3462 3471 
3 3471 3462 3463 
3 3463 3451 3472 
3 3473 3451 3464 
3 3463 3475 3471 
3 3472 3451 3473 
3 3473 3464 3476 
3 3468 3474 3467 
3 3468 3469 3477 
3 3475 3463 3472 
3 3474 3468 3478 
3 3472 3479 3475 
3 3479 3471 3475 
3 3472 3473 3479 
3 3479 3473 3480 
3 3473 3476 3480 
3 3469 3470 3477 
3 3474 3478 3481 
3 3482 3474 3481 
3 3471 3479 3470 
3 3477 3470 3484 
3 3481 3478 3485 
3 3483 3468 3477 
3 3486 3470 3479 
3 3477 3484 3483 
3 3483 3484 3470 
3 3487 3479 3480 
3 3468 3483 3478 
3 3482 3481 3489 
3 3489 3481 3485 
3 3490 3470 3486 
3 3486 3479 3491 
3 3492 3483 3490 
3 3490 3483 3470 
3 3491 3479 3487 
3 3478 3493 3485 
3 3478 3488 3493 
3 3493 3488 3492 
3 3488 3478 3492 
3 3483 3492 3478 
3 3489 3485 3493 
3 3486 3494 3490 
3 3494 3486 3491 
3 3498 3492 3490 
3 3492 3499 3493 
3 3496 3489 3493 
3 3494 3491 3497 
3 3495 3497 3491 
3 3498 3490 3494 
3 3499 3492 3498 
3 3499 3502 3493 
3 3493 3502 3496 
3 3495 3500 3497 
3 3494 3501 3498 
3 3494 3500 3503 
3 3503 3501 3494 
3 3497 3500 3494 
3 3499 3498 3504 
3 3505 3499 3504 
3 3499 3505 3502 
3 1893 3501 1894 
3 3503 1894 3501 
3 1895 1894 3503 
3 1905 1895 3503 
3 1905 3503 3500 
3 1897 3498 1896 
3 1896 3498 1893 
3 3501 1893 3498 
3 3498 1897 3504 
3 1898 3505 1897 
3 3504 1897 3505 
3 3509 3508 3506 
3 3507 3509 3506 
3 952 7725 954 
3 3508 3509 3510 
3 3509 2310 3510 
3 3507 2310 3509 
3 2310 2316 3510 
3 954 7725 964 
3 7725 3508 964 
3 964 3508 3510 
3 964 3510 3511 
3 2316 2320 3510 
3 3510 2320 3511 
3 3511 968 964 
3 969 968 3511 
3 2320 969 3511 
3 3512 2638 2635 
3 2639 3513 2634 
3 3512 3515 3519 
3 3512 3519 2638 
3 3519 3514 2638 
3 2638 3514 3516 
3 3516 2639 2638 
3 3518 2637 2636 
3 3518 6115 2637 
3 3519 3516 3514 
3 3516 3517 2639 
3 3517 3513 2639 
3 3521 2636 3513 
3 3521 3518 2636 
3 3526 3517 3516 
3 3526 3520 3517 
3 3520 3513 3517 
3 3523 3513 3520 
3 3523 3521 3513 
3 3515 3522 3525 
3 3532 3515 3525 
3 3515 3532 3519 
3 3532 3516 3519 
3 3523 3520 3526 
3 3518 3523 3527 
3 3523 3518 3521 
3 3528 3518 3527 
3 3524 3529 3522 
3 3529 3530 3522 
3 3522 3530 3531 
3 3525 3522 3531 
3 3516 3533 3526 
3 3534 3523 3526 
3 3523 3534 3527 
3 3529 3524 3535 
3 3531 3530 3525 
3 3536 3532 3525 
3 3532 3537 3516 
3 3533 3516 3537 
3 3533 3534 3526 
3 3538 3529 3535 
3 3530 3529 3538 
3 3538 3539 3530 
3 3539 3525 3530 
3 3525 3539 3536 
3 3537 3532 3540 
3 3540 3532 3536 
3 3537 3541 3533 
3 3542 3527 3534 
3 3542 3543 3527 
3 3535 3191 3544 
3 3544 3538 3535 
3 3538 3545 3539 
3 3536 3539 3545 
3 3545 3540 3536 
3 3546 3540 3545 
3 3537 3540 3546 
3 3546 3541 3537 
3 3544 3191 3547 
3 3547 3548 3544 
3 3538 3544 3548 
3 3545 3538 3548 
3 3549 3541 3546 
3 3541 3550 3533 
3 3551 3534 3533 
3 3552 3542 3534 
3 3553 3554 3548 
3 3553 3548 3547 
3 3554 3555 3548 
3 3555 3545 3548 
3 3555 3546 3545 
3 3556 3550 3541 
3 3551 3533 3550 
3 3551 3552 3534 
3 3551 3542 3552 
3 3551 3557 3542 
3 3554 3553 3558 
3 3558 3555 3554 
3 3555 3559 3546 
3 3546 3559 3549 
3 3556 3541 3559 
3 3559 3541 3549 
3 3556 3551 3550 
3 3560 3557 3551 
3 3555 3558 3561 
3 3559 3555 3561 
3 3562 3556 3559 
3 3561 3563 3559 
3 3559 3563 3564 
3 3562 3559 3564 
3 3562 3565 3556 
3 3551 3556 7804 
3 3562 3564 3567 
3 3562 3567 3565 
3 3563 3561 3795 
3 3563 3568 3564 
3 3567 3564 3568 
3 3795 3569 3563 
3 3563 3569 3568 
3 3551 7804 3560 
3 3557 3560 3566 
3 3567 3568 3571 
3 3568 3570 3571 
3 3567 3572 3565 
3 3571 3572 3567 
3 3572 3556 3565 
3 3570 3569 3573 
3 3569 3795 3573 
3 3570 3568 3569 
3 3574 3560 7804 
3 3574 3566 3560 
3 1711 3575 1716 
3 1710 1711 1716 
3 3575 1711 2171 
3 1716 3575 1717 
3 1717 3575 2186 
3 2186 2197 1717 
3 1717 2197 1723 
3 3577 3578 3576 
3 3580 3576 3579 
3 3580 3586 3577 
3 3576 3580 3577 
3 3586 3581 3578 
3 3577 3586 3578 
3 3584 3580 3579 
3 3585 3587 3588 
3 3585 3588 3589 
3 3587 3590 3588 
3 3591 3587 2455 
3 3587 3591 3590 
3 3590 3592 3588 
3 3588 3592 3593 
3 3586 3580 3584 
3 2455 2456 3591 
3 3588 3593 3589 
3 3589 3964 3586 
3 3582 3594 3595 
3 3595 3596 3597 
3 3597 3582 3595 
3 3596 3599 3597 
3 3597 3599 3584 
3 3582 3597 3583 
3 3583 3597 3584 
3 3599 3600 3584 
3 3585 3601 3598 
3 3601 3602 3599 
3 3602 3600 3599 
3 2459 2460 3603 
3 2459 3603 3598 
3 3598 3603 3585 
3 3602 3601 3600 
3 3600 3586 3584 
3 3603 2460 3587 
3 3585 3603 3587 
3 3585 3589 3601 
3 3601 3589 3600 
3 3589 3586 3600 
3 2455 3587 2460 
3 3604 3605 3608 
3 3604 3608 3594 
3 3594 3608 3595 
3 3606 3609 3607 
3 3607 3611 3605 
3 3608 3605 3595 
3 2474 3610 3606 
3 3606 3598 3609 
3 3605 3599 3595 
3 3595 3599 3596 
3 2474 2470 3610 
3 3606 3610 3612 
3 3606 3612 3598 
3 3609 3598 3607 
3 3605 3611 3599 
3 2470 2459 3610 
3 3610 2459 3612 
3 3607 3598 3601 
3 3607 3601 3611 
3 3611 3601 3599 
3 3612 2459 3598 
3 3614 3615 3616 
3 3616 3615 3617 
3 3617 3618 3604 
3 3613 3619 3606 
3 3613 3606 3614 
3 3614 3606 3615 
3 3617 3615 3618 
3 3606 3607 3615 
3 3615 3607 3618 
3 3618 3607 3604 
3 3604 3607 3605 
3 2473 2474 3619 
3 3619 2474 3606 
3 3620 3614 3621 
3 3620 3613 3614 
3 2473 3619 2477 
3 3620 2477 3619 
3 3620 3619 3613 
3 3620 2479 2477 
3 3624 3626 3625 
3 3625 3626 3628 
3 3626 3630 3629 
3 3626 3629 3628 
3 3629 3631 3628 
3 3630 3631 3629 
3 3632 3628 3631 
3 3634 3633 3622 
3 3622 4970 3636 
3 3633 3634 3635 
3 3622 3635 3634 
3 3622 3636 3635 
3 3635 3636 3637 
3 3638 3637 3639 
3 3636 3641 3637 
3 3637 3641 3640 
3 3636 3623 3641 
3 3623 3642 3641 
3 3637 3643 3639 
3 3637 3640 3643 
3 3641 3642 3644 
3 3640 3624 3643 
3 3640 3641 3624 
3 3624 3641 3626 
3 3641 3644 3626 
3 3644 3627 3626 
3 3644 3645 3627 
3 3646 3643 3648 
3 3643 3624 3649 
3 3645 3647 3627 
3 3648 3643 3650 
3 3643 3651 3650 
3 3643 3649 3651 
3 3649 3624 3651 
3 3624 3652 3651 
3 3624 3625 3652 
3 3626 3627 3630 
3 3650 3651 3653 
3 3651 3652 3653 
3 3625 3654 3652 
3 3625 3628 3654 
3 3630 3655 3631 
3 3630 3656 3655 
3 3632 3654 3628 
3 3631 3657 3632 
3 3631 3655 3657 
3 3655 3658 3657 
3 3655 3656 3658 
3 3656 3659 3658 
3 3633 3635 3660 
3 3671 3660 3661 
3 3660 3662 3661 
3 3660 3635 3662 
3 3661 3662 3638 
3 3637 3662 3635 
3 3638 3662 3637 
3 3638 3639 3661 
3 3639 3663 3661 
3 3639 3664 3663 
3 3663 3664 3646 
3 3664 3639 3646 
3 3639 3643 3646 
3 3666 3663 3646 
3 3646 3648 3666 
3 3648 3650 3666 
3 3667 3663 3666 
3 3650 3667 3666 
3 3653 3667 3650 
3 3667 3669 3668 
3 3667 3653 3669 
3 3670 3669 3653 
3 3652 3654 3653 
3 3654 3670 3653 
3 3672 3671 3661 
3 3671 3672 3673 
3 3672 3663 3673 
3 3661 3663 3672 
3 3674 3673 3663 
3 3674 3663 3665 
3 3674 3665 3677 
3 3665 3663 3677 
3 3663 3675 3677 
3 3663 3667 3675 
3 3675 3667 3676 
3 3668 3676 3667 
3 3669 3676 3668 
3 3677 3675 3678 
3 3675 3676 3678 
3 3682 3683 3681 
3 3687 3681 3683 
3 3683 3682 3687 
3 3682 3684 3687 
3 3684 3685 3689 
3 3685 3688 3689 
3 3685 3686 3688 
3 3686 3690 3688 
3 3687 3684 3691 
3 3684 3689 3691 
3 3680 3681 3695 
3 3695 3681 3696 
3 3681 3687 3696 
3 3687 3691 3696 
3 3696 3691 3697 
3 3689 3697 3691 
3 3689 3688 3692 
3 3699 3697 3689 
3 3692 3699 3689 
3 3688 3700 3692 
3 3688 3701 3700 
3 3688 3698 3701 
3 3699 3692 3702 
3 3703 3702 3692 
3 3692 3700 3703 
3 3702 3703 3704 
3 3700 3701 3703 
3 3705 3704 3703 
3 3703 3701 3705 
3 3706 3693 3707 
3 3694 3707 3693 
3 3708 3707 3694 
3 3694 3680 3708 
3 3709 3707 3710 
3 3710 3707 3708 
3 3680 3710 3708 
3 3710 3680 3695 
3 3697 3722 3696 
3 3722 3697 3711 
3 3711 3697 3699 
3 3704 3712 3702 
3 3704 3705 3712 
3 3705 3701 3713 
3 3712 3705 3714 
3 3705 3715 3714 
3 3716 3714 3715 
3 3715 3705 3716 
3 3705 3717 3716 
3 3705 3713 3717 
3 3707 3718 3706 
3 3709 3719 3707 
3 3707 3719 3718 
3 3710 3720 3709 
3 3695 3720 3710 
3 3720 3695 3721 
3 3721 3695 3696 
3 3722 3711 3723 
3 3711 3724 3723 
3 3699 3702 3711 
3 3702 3724 3711 
3 3722 3723 3724 
3 3725 3724 3702 
3 3702 3712 3725 
3 3712 3726 3725 
3 3712 3714 3726 
3 3726 3714 3727 
3 3714 3716 3727 
3 3716 3717 3727 
3 3719 3709 3737 
3 3737 3709 3729 
3 3720 3729 3709 
3 3729 3720 3730 
3 3730 3720 3721 
3 3696 3730 3721 
3 3696 3722 3730 
3 3731 3730 3722 
3 3731 3722 3724 
3 3732 3731 3724 
3 3724 3726 3732 
3 3725 3726 3724 
3 3726 3733 3732 
3 3728 3736 3735 
3 3728 3718 3736 
3 3718 3719 3736 
3 3737 3735 3736 
3 3719 3737 3736 
3 3737 3729 3738 
3 3738 3729 3730 
3 3739 3738 3730 
3 3731 3739 3730 
3 3731 3732 3739 
3 3743 3741 3740 
3 3740 3742 3743 
3 3732 3733 3739 
3 3744 3739 3733 
3 3744 3733 3726 
3 3744 3726 3727 
3 3727 3734 3756 
3 3746 3745 3735 
3 3735 3737 3746 
3 3737 3747 3746 
3 3747 3737 3748 
3 3737 3738 3748 
3 3738 3739 3749 
3 3750 3739 3740 
3 3749 3739 3750 
3 3740 3741 3750 
3 3739 3751 3740 
3 3742 3740 3751 
3 3743 3750 3741 
3 3743 3752 3750 
3 3743 3742 3752 
3 3751 3752 3742 
3 3752 3739 3753 
3 3752 3751 3739 
3 3753 3739 3744 
3 3727 3754 3744 
3 3756 3755 3727 
3 3747 2391 3746 
3 3747 3748 2391 
3 2391 3748 2392 
3 3738 2392 3748 
3 3749 3757 3738 
3 3757 2392 3738 
3 3749 3750 3757 
3 3750 2392 3757 
3 2392 3750 2393 
3 2394 2393 3750 
3 2394 3750 3752 
3 2394 3752 3753 
3 3744 2394 3753 
3 3744 3754 2394 
3 2395 3727 3755 
3 2395 3754 3727 
3 2395 2394 3754 
3 2395 3755 3758 
3 3755 3756 3758 
3 2397 2395 3758 
3 3756 2397 3758 
3 3175 3759 3177 
3 3177 3759 3760 
3 3760 3183 3177 
3 3760 3759 3761 
3 3760 3761 3183 
3 3190 3183 3762 
3 3183 3761 3762 
3 3763 3764 3761 
3 3190 3762 3197 
3 3765 3191 3198 
3 3765 3547 3191 
3 3766 3197 3762 
3 3764 3763 3767 
3 3768 3761 3764 
3 3761 3768 3762 
3 3762 3768 3766 
3 3200 3201 3202 
3 3198 3202 3770 
3 3198 3770 3765 
3 3201 3193 3197 
3 3771 3201 3769 
3 3201 3771 3202 
3 3202 3771 3770 
3 3765 3770 3771 
3 3772 3197 3766 
3 3197 3772 3201 
3 3774 3771 3773 
3 3775 3771 3774 
3 3771 3776 3765 
3 3775 3776 3771 
3 3776 3547 3765 
3 3768 3777 3766 
3 3777 3772 3766 
3 3776 3553 3547 
3 3768 3764 3779 
3 3764 3767 3779 
3 3769 3201 3781 
3 3201 3772 3781 
3 3771 3769 3781 
3 3772 3789 3781 
3 3781 3782 3771 
3 3771 3783 3773 
3 3782 3783 3771 
3 3773 3783 3774 
3 3774 3783 3775 
3 3784 3776 3775 
3 3553 3776 3784 
3 3768 3778 3777 
3 3777 3778 3785 
3 3777 3785 3772 
3 3789 3772 3785 
3 3558 3784 3775 
3 3784 3558 3553 
3 3768 3786 3778 
3 3778 3786 3785 
3 3768 3779 3780 
3 3768 3780 3787 
3 3768 3787 3786 
3 3785 3787 3788 
3 3785 3786 3787 
3 3787 3780 3788 
3 3789 3790 3781 
3 3790 3782 3781 
3 3783 3782 3791 
3 3783 3792 3775 
3 3775 3792 3558 
3 3785 3793 3789 
3 3790 3791 3782 
3 3785 3788 3794 
3 3793 3785 3794 
3 3794 3789 3793 
3 3792 3795 3558 
3 3561 3558 3795 
3 3780 4089 3796 
3 3780 3796 3788 
3 3788 3796 3794 
3 4089 3797 3796 
3 3789 3798 3790 
3 3790 3798 3799 
3 3791 3790 3799 
3 3783 3791 3800 
3 3792 3783 3800 
3 3798 3789 3794 
3 3791 3799 3801 
3 3791 3801 3800 
3 3800 3802 3792 
3 3795 3792 3802 
3 3794 3803 3798 
3 3799 3798 3804 
3 3805 3801 3799 
3 3801 3805 3800 
3 3800 3805 3802 
3 3796 3803 3794 
3 3806 3807 3797 
3 3797 3807 3796 
3 3796 3808 3803 
3 3796 3807 3808 
3 3804 3798 3803 
3 3805 3799 3804 
3 3809 3805 3804 
3 3802 3805 3809 
3 3806 3810 3807 
3 3807 3810 3808 
3 3810 3811 3808 
3 3808 3811 3803 
3 3811 3804 3803 
3 3809 3573 3802 
3 3802 3573 3795 
3 3812 1862 3814 
3 3812 3816 6492 
3 3815 3813 3819 
3 3816 3813 3815 
3 3814 3813 3816 
3 3816 3812 3814 
3 6492 3816 3828 
3 3818 3817 3820 
3 3819 3818 3820 
3 3815 3820 3816 
3 3828 3816 3820 
3 3817 3825 3820 
3 3815 3819 3820 
3 3817 3821 3825 
3 3823 6492 3828 
3 3828 3820 3824 
3 3821 3826 3825 
3 3829 3828 3824 
3 3822 3831 3832 
3 3832 3829 3824 
3 3830 3825 3833 
3 3830 3831 3825 
3 3831 3820 3825 
3 3822 3820 3831 
3 3820 3822 3832 
3 3824 3820 3832 
3 3831 3830 3838 
3 3831 3838 3829 
3 3832 3831 3829 
3 3825 3826 3839 
3 3827 5654 3840 
3 3827 3840 3839 
3 3839 3826 3827 
3 3845 1702 2146 
3 1702 3845 3841 
3 3847 3842 3846 
3 3847 3848 3843 
3 3842 3847 3843 
3 2148 3845 2146 
3 3846 3848 3847 
3 3846 3843 3848 
3 3844 3843 3849 
3 3851 3845 2148 
3 3851 3852 3845 
3 3845 3852 3841 
3 3852 3842 3841 
3 3853 3846 3842 
3 3855 3846 3854 
3 3846 3855 3843 
3 3849 3856 3844 
3 3844 3856 3850 
3 3851 2148 2156 
3 3852 3851 2156 
3 3852 3857 3853 
3 3852 3853 3842 
3 3846 3857 3858 
3 3853 3857 3846 
3 3854 3846 3858 
3 3859 3854 3858 
3 3855 3854 3843 
3 3854 3849 3843 
3 3852 3861 3857 
3 3861 3862 3857 
3 3862 3863 3857 
3 3863 3858 3857 
3 3863 3859 3858 
3 3849 3854 3859 
3 3865 3856 3864 
3 3849 3864 3856 
3 3866 3856 3865 
3 2154 2162 2156 
3 2156 3867 3852 
3 3852 3867 3861 
3 3861 3868 3862 
3 3868 3869 3862 
3 3870 3863 3869 
3 3869 3863 3862 
3 3863 3871 3859 
3 3871 3872 3859 
3 3872 3849 3859 
3 3868 3873 3870 
3 3868 3870 3869 
3 3873 3863 3870 
3 3863 3873 3871 
3 3864 3872 3871 
3 3849 3872 3864 
3 3873 3874 3871 
3 3874 3864 3871 
3 3875 3876 3877 
3 3876 3878 3877 
3 3877 5589 3879 
3 3875 3882 3887 
3 3882 3881 3887 
3 3875 3887 3876 
3 3887 3883 3876 
3 3875 3877 3882 
3 3876 3883 3884 
3 3882 3877 3885 
3 3878 3876 3884 
3 3886 3885 3877 
3 3878 3884 3880 
3 3881 3889 3896 
3 3887 3881 3896 
3 3887 3888 3883 
3 3888 3890 3883 
3 3891 3889 3892 
3 3892 3889 3882 
3 3881 3882 3889 
3 3891 3885 3893 
3 3891 3892 3885 
3 3892 3882 3885 
3 3894 3893 3885 
3 3884 3883 3890 
3 3890 3895 3884 
3 3897 3906 3887 
3 3887 3906 3898 
3 3898 3903 3888 
3 3903 3899 3888 
3 3900 3896 3889 
3 3887 3896 3905 
3 3897 3887 3905 
3 3888 3887 3898 
3 3888 3899 3890 
3 3900 3889 3891 
3 3901 3900 3891 
3 3891 3893 3901 
3 390 3902 394 
3 3893 3894 3901 
3 3902 3901 394 
3 3896 3904 3905 
3 3903 3898 3906 
3 3896 3900 3904 
3 3905 3906 3897 
3 3903 5725 3899 
3 412 3900 3907 
3 412 3907 390 
3 390 3907 3908 
3 3907 3901 3908 
3 3900 3901 3907 
3 3902 390 3908 
3 3908 3901 3902 
3 3918 3909 427 
3 3909 3910 427 
3 3909 3911 3910 
3 3909 3904 3911 
3 3909 3912 3904 
3 3903 3906 3914 
3 3903 3915 5725 
3 427 3916 412 
3 427 3910 3916 
3 3910 3900 3916 
3 3910 3911 3900 
3 3900 3911 3904 
3 3913 3904 3912 
3 3913 3905 3904 
3 3917 3905 3913 
3 3917 3914 3906 
3 3905 3917 3906 
3 412 3916 3900 
3 431 3925 3918 
3 3918 3919 3920 
3 3919 3921 3920 
3 3918 3920 3909 
3 3920 3921 3909 
3 3921 3912 3909 
3 3912 3921 3922 
3 3903 3923 3924 
3 3922 3913 3912 
3 3928 3913 3922 
3 3913 3928 3929 
3 3903 3914 3923 
3 3915 3903 3924 
3 3924 5725 3915 
3 3917 3913 3929 
3 3914 3917 3929 
3 3919 3918 3925 
3 3925 3926 3919 
3 3919 3926 3921 
3 3926 3930 3921 
3 3930 3927 3921 
3 3927 3922 3921 
3 3923 3914 3929 
3 3931 3932 3923 
3 3927 3928 3922 
3 3923 3929 3931 
3 3924 3923 3932 
3 3925 3933 3934 
3 3926 3925 3934 
3 3926 3934 3930 
3 3927 3930 3934 
3 3934 3935 3927 
3 3935 3928 3927 
3 3935 3936 3928 
3 3936 3937 3929 
3 3928 3936 3929 
3 3929 3937 3931 
3 3934 3933 3938 
3 3938 3935 3934 
3 3931 3937 3932 
3 3937 3939 3932 
3 3939 3924 3932 
3 3938 3940 3941 
3 3941 3942 3938 
3 3942 3935 3938 
3 3936 3943 3937 
3 3135 3939 3937 
3 3939 3137 3924 
3 3132 3133 3938 
3 3133 3940 3938 
3 3133 3941 3940 
3 3942 3941 3133 
3 3133 3134 3942 
3 3942 3134 3935 
3 3936 3935 3134 
3 3936 3134 3943 
3 3943 3134 3937 
3 3134 3135 3937 
3 3939 3135 3136 
3 3136 3137 3939 
3 3945 3946 3947 
3 3946 3948 3947 
3 3948 845 3949 
3 3944 3576 3578 
3 3578 3952 3944 
3 3944 3952 7670 
3 3947 3948 3945 
3 3952 3953 3954 
3 3955 3954 3953 
3 3948 3957 3956 
3 3948 3949 3957 
3 3957 3949 3958 
3 845 3958 3949 
3 3586 3959 3581 
3 3581 3960 3578 
3 2456 5715 3961 
3 5715 3950 3961 
3 3581 3963 3960 
3 3960 3963 3578 
3 3964 3581 3959 
3 3945 3961 3950 
3 3961 3945 3962 
3 3945 3951 3962 
3 3962 3951 3965 
3 3581 3964 3966 
3 3581 3966 3963 
3 3963 3966 3952 
3 3578 3963 3952 
3 3951 3945 3965 
3 3966 3964 3969 
3 3948 3965 3945 
3 3965 3948 3968 
3 3966 3969 3970 
3 3966 3970 3952 
3 3952 3970 3953 
3 3968 3971 3964 
3 3971 3972 3964 
3 3964 3972 3967 
3 3973 3964 3967 
3 3956 3968 3948 
3 3968 3956 3971 
3 3971 3956 3972 
3 3969 3974 3970 
3 3970 3974 3953 
3 3972 3956 3975 
3 3969 3964 3974 
3 3955 3953 3974 
3 3956 3957 3975 
3 3976 3974 3964 
3 3974 3980 3977 
3 3974 3977 3955 
3 3975 3957 3978 
3 3974 3976 3979 
3 3974 3979 3980 
3 3958 3978 3957 
3 3976 3980 3979 
3 3977 3980 3955 
3 3955 3980 3981 
3 885 3978 3958 
3 3976 886 3980 
3 3980 886 3981 
3 2456 3961 3591 
3 3591 3961 3590 
3 3590 3961 3592 
3 3592 3962 3593 
3 3586 3964 3959 
3 3961 3962 3592 
3 3593 3962 3589 
3 3589 3962 3982 
3 3589 3982 3964 
3 3962 3965 3982 
3 3982 3965 3968 
3 3982 3968 3964 
3 3967 3972 3973 
3 3972 3975 3973 
3 3973 3975 3983 
3 3964 3973 3976 
3 3976 3973 3983 
3 3975 3978 3983 
3 3978 885 3983 
3 3983 885 3984 
3 3983 3984 3976 
3 3984 885 905 
3 906 3976 3984 
3 3976 906 908 
3 886 3976 908 
3 3984 905 906 
3 3678 3986 3988 
3 3986 3989 3988 
3 3990 3989 3986 
3 3986 3987 3990 
3 3987 3991 3990 
3 3987 3992 3991 
3 5205 3993 3994 
3 3988 3989 3993 
3 3995 3994 3993 
3 3993 3989 3995 
3 3989 3990 3995 
3 3996 3995 3990 
3 3990 3991 3996 
3 3992 3997 3991 
3 3991 3998 3996 
3 3991 3997 3998 
3 3997 3999 3998 
3 4000 3998 3999 
3 4002 5205 3994 
3 3994 4003 4002 
3 3994 3995 4003 
3 4003 3995 4004 
3 3995 3996 4004 
3 3996 4005 4004 
3 3998 4005 3996 
3 4006 4005 3998 
3 4005 4006 4007 
3 3998 4000 4006 
3 4006 4000 4007 
3 4000 4001 4007 
3 4008 4007 4001 
3 4002 4003 4010 
3 4003 4004 4010 
3 4004 4005 4011 
3 4005 4007 4011 
3 4007 4012 4011 
3 4013 4012 4007 
3 4008 4013 4007 
3 4009 4002 4014 
3 4002 4010 4014 
3 4004 4014 4010 
3 4009 4014 4016 
3 4004 4015 4014 
3 4017 4004 4011 
3 4011 4012 4018 
3 4013 4018 4012 
3 4013 3735 4020 
3 4021 4009 4016 
3 4022 4016 4014 
3 4014 4015 4022 
3 4022 4015 4023 
3 4015 4004 4023 
3 4023 4004 4017 
3 4017 4011 4023 
3 4018 4023 4011 
3 4025 4024 4018 
3 4018 4013 4025 
3 4026 4013 4019 
3 4026 4025 4013 
3 4027 4026 4019 
3 4013 4020 4019 
3 4020 4027 4019 
3 4028 4031 4030 
3 4029 4030 4032 
3 4033 4029 4040 
3 4029 4032 4040 
3 4030 4034 4032 
3 4030 4038 4034 
3 4030 4031 4038 
3 4028 4038 4031 
3 4032 4035 4040 
3 4032 4034 4035 
3 4038 4028 4036 
3 4040 4035 4037 
3 4036 4041 4038 
3 1490 4036 4028 
3 792 4036 1490 
3 4037 4042 4040 
3 4035 4042 4037 
3 4034 4042 4035 
3 4038 4042 4034 
3 4042 4038 4043 
3 792 4038 4041 
3 4036 792 4041 
3 792 791 4038 
3 4042 4043 793 
3 795 793 4043 
3 4038 795 4043 
3 791 795 4038 
3 4044 1330 1327 
3 1327 354 4044 
3 4044 354 4045 
3 4047 444 1331 
3 4047 1331 1330 
3 4047 1330 4044 
3 4046 4047 4044 
3 4044 4045 4046 
3 4047 4046 4048 
3 4048 4046 4045 
3 4049 4048 4045 
3 4047 4048 4051 
3 4052 4047 4050 
3 4050 4047 4051 
3 4049 4051 4048 
3 4055 3759 3175 
3 4053 4052 4056 
3 4056 4052 4057 
3 4050 4051 4052 
3 4052 4059 4057 
3 4056 4057 4058 
3 4052 4051 4059 
3 4059 4060 4057 
3 4049 4059 4051 
3 4059 4049 4061 
3 4056 4063 4053 
3 4063 4058 4054 
3 4056 4058 4063 
3 4058 4064 4054 
3 4054 4064 4065 
3 4066 4054 4065 
3 4066 4067 4054 
3 4054 4067 4055 
3 3759 4055 3761 
3 4055 4067 3761 
3 4064 4058 4068 
3 4064 4068 4065 
3 4069 4058 4057 
3 4068 4058 4069 
3 4059 4061 4060 
3 4057 4060 4069 
3 4060 4061 4070 
3 4070 4061 4071 
3 4062 4071 4061 
3 4071 4062 4072 
3 4062 4073 4072 
3 4067 4074 3761 
3 4074 3763 3761 
3 4065 4075 4066 
3 4066 4076 4067 
3 4075 4076 4066 
3 4067 4076 4074 
3 4068 4077 4065 
3 4065 4077 4075 
3 4069 4078 4077 
3 4068 4069 4077 
3 4069 4079 4080 
3 4069 4080 4078 
3 4069 4060 4079 
3 4081 4060 4070 
3 4060 4081 4079 
3 4071 4081 4070 
3 4071 4072 4081 
3 4074 4076 3767 
3 4074 3767 3763 
3 4075 4077 4082 
3 4075 4082 4076 
3 4076 4082 3767 
3 4077 4078 4082 
3 4082 4078 4083 
3 4082 4083 4084 
3 4078 4080 4083 
3 4083 4080 4084 
3 4085 4080 4079 
3 4080 4085 4084 
3 4079 4081 4085 
3 4085 4081 4086 
3 4085 4086 4087 
3 4081 5136 4086 
3 4086 5136 4087 
3 4081 4072 5136 
3 3767 4082 3779 
3 3779 4088 3780 
3 3779 4082 4088 
3 4082 4084 4088 
3 4088 4084 4089 
3 4089 3780 4088 
3 4084 4090 4089 
3 4091 4084 4085 
3 4084 4091 4090 
3 4085 4092 4091 
3 4085 4087 4092 
3 4093 4087 5136 
3 4087 4093 4094 
3 4092 4087 4094 
3 4090 4095 4089 
3 4091 4096 4090 
3 4097 4096 4091 
3 4098 4099 4097 
3 4091 4098 4097 
3 4091 4092 4098 
3 4098 4092 4100 
3 4099 4098 4100 
3 4095 4101 3797 
3 4095 3797 4089 
3 4101 4090 4102 
3 4095 4090 4101 
3 4102 4096 4103 
3 4096 4102 4090 
3 4103 4097 4104 
3 4096 4097 4103 
3 4099 4103 4104 
3 4099 4104 4097 
3 4101 3806 3797 
3 4101 4102 4105 
3 4102 4103 4106 
3 4102 4106 4105 
3 4106 4103 4107 
3 4107 4103 4108 
3 4109 4108 4103 
3 4103 4099 4109 
3 4106 4101 4105 
3 4101 4106 3806 
3 4106 4107 4110 
3 4107 4108 4111 
3 4107 4111 4112 
3 4112 4110 4107 
3 4108 4113 4111 
3 4114 4113 4108 
3 4108 4109 4114 
3 121 2968 4115 
3 2968 2977 4115 
3 4115 2977 4116 
3 2983 4116 2977 
3 4117 4115 4116 
3 4116 2993 4118 
3 4116 2983 2993 
3 4117 4116 4119 
3 2993 3001 4118 
3 4119 4116 4118 
3 3001 3009 4118 
3 3009 4120 4118 
3 4119 4118 4120 
3 4122 4120 3008 
3 3008 4120 3009 
3 4121 4119 4122 
3 4120 4122 4119 
3 3020 4122 3008 
3 4122 3020 171 
3 4123 1791 4124 
3 4123 4126 1791 
3 4126 4125 1791 
3 1792 1793 4124 
3 1792 4124 1791 
3 4125 1794 1791 
3 4127 4126 4123 
3 4123 4124 4127 
3 4126 4131 4125 
3 4131 4128 4125 
3 4127 4124 1793 
3 4125 4128 1794 
3 4126 4130 4129 
3 4130 4126 4127 
3 4130 4127 4132 
3 4134 4133 4129 
3 4133 4135 4126 
3 4133 4126 4129 
3 4130 4136 4134 
3 4130 4134 4129 
3 4135 4131 4126 
3 4130 4132 4136 
3 4136 4132 4137 
3 4131 4138 4128 
3 4137 4132 4139 
3 4128 4138 4140 
3 4139 4132 1812 
3 1812 4132 4127 
3 1806 4128 4140 
3 4140 1813 1806 
3 1793 1812 4127 
3 4141 4133 4134 
3 4141 4135 4133 
3 4141 4142 4135 
3 4141 4134 4136 
3 4142 4131 4135 
3 4142 4144 4131 
3 4143 4136 4137 
3 4144 4138 4131 
3 4143 4137 4139 
3 1813 4140 4138 
3 1812 1817 4139 
3 1813 2877 1625 
3 4141 4146 4142 
3 4145 4141 4136 
3 4147 4144 4142 
3 2881 1813 4138 
3 2881 2877 1813 
3 4148 4145 4136 
3 4148 4136 4143 
3 4138 4144 4150 
3 4143 4139 4149 
3 4152 4141 4151 
3 4145 4153 4141 
3 4153 4151 4141 
3 4152 4146 4141 
3 4152 4154 4146 
3 4154 4142 4146 
3 4147 4142 4154 
3 4153 4145 4155 
3 4155 4145 4148 
3 4143 4155 4148 
3 4144 4147 4156 
3 4143 4149 4155 
3 4150 4144 4156 
3 4139 4157 4149 
3 4158 4150 4156 
3 4138 4150 4158 
3 4157 4139 1826 
3 2881 4138 4158 
3 4139 1817 1826 
3 1646 2881 4158 
3 4159 4151 4153 
3 4151 4160 4152 
3 4159 4160 4151 
3 4160 4154 4152 
3 4155 4159 4153 
3 4161 4147 4154 
3 4162 4155 4149 
3 4162 4149 4163 
3 4163 4149 4157 
3 4163 4157 1826 
3 1646 4158 1828 
3 4155 4164 4159 
3 4159 4164 4160 
3 4154 4160 4164 
3 4161 4154 4164 
3 4155 4162 4164 
3 4164 4165 4161 
3 4165 4156 4147 
3 4165 4147 4161 
3 4166 4158 4156 
3 4162 4163 1826 
3 4168 4167 4164 
3 4167 4165 4164 
3 4156 4165 4166 
3 4168 4164 4169 
3 4169 4164 4162 
3 4162 1826 4169 
3 1828 4158 4166 
3 4169 1826 1837 
3 4167 4168 4169 
3 4166 4165 4167 
3 4169 4170 4167 
3 1842 4166 4167 
3 4166 1842 1828 
3 4169 1837 4170 
3 4167 4170 1846 
3 4170 1837 1846 
3 4167 1846 1842 
3 2851 2859 2866 
3 2851 2866 4171 
3 4171 2866 4172 
3 4173 2866 2867 
3 4171 4172 4175 
3 4176 4175 4177 
3 4175 4172 4177 
3 2866 4173 4172 
3 4177 4172 4173 
3 4178 4173 2867 
3 4179 4178 2867 
3 4180 4179 2867 
3 2868 4180 2867 
3 4174 4180 2868 
3 4180 4174 4181 
3 4174 2868 2442 
3 2442 2443 4174 
3 4183 4182 4176 
3 4177 4183 4176 
3 4177 4173 4183 
3 4183 4173 4188 
3 4173 4178 4184 
3 4173 4184 4189 
3 4184 4178 4189 
3 4180 4178 4179 
3 4178 4180 4189 
3 4181 4189 4180 
3 4189 4181 4185 
3 4181 4174 4185 
3 4185 4174 2457 
3 2443 2457 4174 
3 4186 4182 4183 
3 4183 4187 4186 
3 4183 4188 4187 
3 4173 4189 4188 
3 4185 4190 4189 
3 4185 4191 4190 
3 2457 4191 4185 
3 4191 2457 2462 
3 4186 4194 4192 
3 4187 4194 4186 
3 4194 4187 4188 
3 4188 4189 4195 
3 4189 4190 4195 
3 4190 4191 4195 
3 2462 4195 4191 
3 4196 4193 4192 
3 4192 4194 4196 
3 4194 4197 4196 
3 4194 4188 4197 
3 4188 4199 4197 
3 4197 4199 4198 
3 4199 4188 4198 
3 4198 4188 4195 
3 4198 4195 4200 
3 4202 4201 4203 
3 2462 4201 4195 
3 4201 2462 4203 
3 4203 2462 2475 
3 4203 2475 4202 
3 4193 4196 4211 
3 4204 4211 4196 
3 4196 4205 4204 
3 4197 4205 4196 
3 4197 4198 4205 
3 4198 4200 4205 
3 4205 4200 4206 
3 4200 4195 4208 
3 4200 4208 4206 
3 4206 4208 4207 
3 4201 4208 4195 
3 4201 4202 4209 
3 4201 4209 4208 
3 2475 4209 4202 
3 4209 2475 4210 
3 2475 2476 4210 
3 4210 2476 2479 
3 4205 4212 4204 
3 4204 4212 4211 
3 4211 4212 4213 
3 4211 4213 5344 
3 4213 4212 5344 
3 4205 4206 4214 
3 4205 4214 4212 
3 4212 4214 4215 
3 4206 4207 4215 
3 4206 4215 4214 
3 4207 4208 4215 
3 4208 4216 4215 
3 4208 4209 4216 
3 4209 4210 4216 
3 4216 4210 2479 
3 1262 4217 1263 
3 4217 1612 1263 
3 4217 1614 1612 
3 1264 4217 1262 
3 4219 4218 4220 
3 4218 4224 4220 
3 4224 4221 4220 
3 4222 4221 4224 
3 4224 4225 4222 
3 4225 4226 4222 
3 4226 4223 4222 
3 4227 4228 4218 
3 4228 4224 4218 
3 4225 4224 4229 
3 4228 4231 4224 
3 4231 4229 4224 
3 4229 4237 4225 
3 4237 4226 4225 
3 4233 7120 4232 
3 4227 7120 4233 
3 4233 4231 4227 
3 4231 4228 4227 
3 4231 4235 4229 
3 4229 4235 4237 
3 1677 4226 4237 
3 1677 4230 4226 
3 4233 4232 4236 
3 4232 1674 4236 
3 4236 1674 4233 
3 4231 4233 4234 
3 4234 4235 4231 
3 1674 4232 6200 
3 4234 4233 4235 
3 4235 1676 4237 
3 4235 4233 1676 
3 1677 4237 1676 
3 4239 4243 4241 
3 4243 4242 4241 
3 4239 4240 4243 
3 4243 4240 4244 
3 4244 4240 4245 
3 4243 4244 4246 
3 4244 4245 4246 
3 4254 4247 4242 
3 4247 4241 4242 
3 4254 4242 4248 
3 4248 4243 4249 
3 4242 4243 4248 
3 4250 4249 4243 
3 4243 4246 4250 
3 4254 4251 4252 
3 4251 4253 4252 
3 4252 4253 4247 
3 4247 4254 4252 
3 4254 4248 4249 
3 4257 4256 4251 
3 4254 4257 4251 
3 4258 4261 4259 
3 4260 4262 4261 
3 4260 4254 4262 
3 4261 4264 4259 
3 4259 4266 4265 
3 4259 4264 4266 
3 4264 4261 4266 
3 4263 4259 4267 
3 4259 4265 4267 
3 4266 4261 4265 
3 4261 4262 4268 
3 4261 4269 4265 
3 4268 4262 4270 
3 4249 4270 4254 
3 4270 4262 4254 
3 4269 4249 4271 
3 4271 4249 4272 
3 4255 4272 4249 
3 4271 4272 4269 
3 4273 4256 4257 
3 4260 4273 4257 
3 4274 4261 4258 
3 4274 4260 4261 
3 4254 4260 4257 
3 4263 4267 4275 
3 4267 4265 4275 
3 4270 4269 4268 
3 4261 4268 4269 
3 4265 4269 4275 
3 4270 4249 4269 
3 4269 4276 4275 
3 4278 4260 4274 
3 4278 4280 4260 
3 4280 4279 4260 
3 4260 4279 4273 
3 6944 4281 4275 
3 4275 4276 6944 
3 4282 4283 4284 
3 4283 4285 4284 
3 4287 4288 4286 
3 1261 4288 4287 
3 4282 4289 4283 
3 4289 4290 4283 
3 4290 4285 4283 
3 4287 4291 1261 
3 4290 4294 4285 
3 4293 4294 4290 
3 4294 4286 4285 
3 4286 4295 4287 
3 4291 4287 4295 
3 1261 4291 1262 
3 4291 4295 1262 
3 1264 1262 4296 
3 4300 4289 4292 
3 4289 4297 4290 
3 4297 4293 4290 
3 4293 4298 4286 
3 4293 4286 4294 
3 4286 4299 4295 
3 4296 4295 4299 
3 4295 4296 1262 
3 4300 4297 4289 
3 4302 4297 4301 
3 4293 4297 4302 
3 4303 4293 4302 
3 4293 4303 4298 
3 4304 4303 4302 
3 4286 4298 4303 
3 4286 4303 4304 
3 4286 4304 4299 
3 4299 4304 4305 
3 4299 4305 4296 
3 4307 4300 4306 
3 4306 4300 4292 
3 4297 4300 4307 
3 4308 4297 4307 
3 4301 4297 4308 
3 4302 4301 4308 
3 4307 4309 4308 
3 4308 4309 4302 
3 4302 4309 4310 
3 4307 4311 4309 
3 4309 4311 4312 
3 4309 4312 4310 
3 4311 4315 4313 
3 4311 4313 4312 
3 4310 4312 4302 
3 4302 4312 4314 
3 4304 4302 4314 
3 4312 4313 4469 
3 4312 4469 4314 
3 4304 4314 4305 
3 4307 4306 4315 
3 4311 4307 4315 
3 1382 3321 3326 
3 1395 1376 1937 
3 1382 1937 1376 
3 4316 174 175 
3 4318 4316 4317 
3 4316 175 4317 
3 4318 4317 4319 
3 4319 4317 4320 
3 4317 4321 4320 
3 4329 4318 4322 
3 4318 4319 4322 
3 4319 4323 4322 
3 4319 4320 4323 
3 4320 4321 4323 
3 4323 4321 4324 
3 4325 3372 176 
3 4325 176 4326 
3 176 4316 4326 
3 174 4316 176 
3 4326 4318 4327 
3 4316 4318 4326 
3 4336 4327 4329 
3 4329 4327 4318 
3 4317 175 174 
3 4336 4329 4328 
3 182 4317 174 
3 4322 4330 4329 
3 4321 4317 182 
3 2973 4328 2964 
3 4328 4329 2964 
3 4329 4330 4331 
3 4322 4331 4330 
3 4322 4323 4331 
3 4323 4324 4331 
3 4321 184 4324 
3 4321 182 184 
3 4329 4331 4332 
3 2964 4329 4332 
3 4332 4331 4333 
3 4333 4331 4324 
3 184 4334 4324 
3 3373 4325 4340 
3 3373 3372 4325 
3 4340 4325 4326 
3 4340 4327 4335 
3 4340 4326 4327 
3 4335 4327 4336 
3 4336 4328 2971 
3 2971 4328 2973 
3 2964 4337 2976 
3 2964 4332 4337 
3 4338 4337 4332 
3 4332 4333 4338 
3 4334 4339 4324 
3 4339 4333 4324 
3 4334 194 4339 
3 184 194 4334 
3 4341 2971 2979 
3 4336 2971 4341 
3 4337 2982 2976 
3 4342 2982 4337 
3 4338 4342 4337 
3 4343 4342 4338 
3 4333 4343 4338 
3 4344 4343 4333 
3 4344 4333 4345 
3 4333 4339 4345 
3 4345 4339 4346 
3 4339 194 4346 
3 194 202 4346 
3 4343 4344 4345 
3 3374 4340 3377 
3 3374 3373 4340 
3 4340 4347 3377 
3 4348 4347 4340 
3 4336 4348 4335 
3 4348 4340 4335 
3 2988 4336 4341 
3 4341 2979 2988 
3 4349 4345 4346 
3 2991 2982 4350 
3 2982 4342 4350 
3 4342 4343 4350 
3 4350 4343 4351 
3 4343 4345 4351 
3 4345 4349 4351 
3 4349 4346 4352 
3 4352 4346 202 
3 4336 4354 4353 
3 4348 4336 4353 
3 2988 2979 2992 
3 4336 2988 4354 
3 4352 4356 4349 
3 4356 4355 4349 
3 4356 202 214 
3 4352 202 4356 
3 2991 4350 4357 
3 4357 4350 4358 
3 4358 4350 4359 
3 4350 4351 4359 
3 4359 4351 4367 
3 4367 4351 4355 
3 4355 4351 4349 
3 3378 3377 4347 
3 3378 4347 4348 
3 3378 4348 4360 
3 4360 4348 4361 
3 4348 4353 4361 
3 4354 4362 4353 
3 4361 4353 4362 
3 2996 4363 2992 
3 2992 4363 2988 
3 2988 4363 4354 
3 4365 4366 4364 
3 4367 214 218 
3 4364 4368 4365 
3 4365 4368 4359 
3 4365 4359 4366 
3 4366 4359 4367 
3 4356 4367 4355 
3 214 4367 4356 
3 3000 2991 4357 
3 4368 3000 4357 
3 4358 4368 4357 
3 4359 4368 4358 
3 4360 3381 3378 
3 4360 4361 4369 
3 4360 4369 3381 
3 4361 4362 4370 
3 4369 4361 4370 
3 4363 4370 4362 
3 4363 4362 4354 
3 2996 3003 4371 
3 4363 2996 4371 
3 3007 4368 4372 
3 4372 4368 4364 
3 4372 4364 4373 
3 4373 4364 4366 
3 4373 4366 4367 
3 4373 4367 4374 
3 4373 4374 221 
3 221 4374 218 
3 218 4374 4367 
3 3000 4368 3007 
3 4369 4375 3381 
3 3385 3381 4375 
3 4370 4376 4369 
3 4377 4363 4371 
3 4363 4377 4370 
3 4370 4377 4376 
3 4371 3003 3013 
3 4378 4371 3013 
3 4371 4378 4377 
3 4377 4378 4376 
3 4376 4378 4379 
3 4379 4380 4376 
3 3013 3015 4378 
3 4378 3015 4379 
3 4380 4379 4373 
3 4380 4373 4382 
3 4380 4382 4381 
3 4382 4383 4381 
3 4381 4383 225 
3 3015 4372 4379 
3 4379 4372 4373 
3 3015 3007 4372 
3 4383 4382 4373 
3 225 4383 4373 
3 221 225 4373 
3 3385 4375 4384 
3 4384 3387 3385 
3 4369 4384 4375 
3 4369 4376 4384 
3 4384 4385 4386 
3 4386 225 227 
3 4384 4376 4380 
3 4384 4380 4385 
3 4386 4385 4381 
3 4386 4381 225 
3 4380 4381 4385 
3 3388 3387 4387 
3 4384 4387 3387 
3 4388 232 231 
3 4387 4384 4386 
3 4387 4386 4388 
3 227 232 4386 
3 4386 232 4388 
3 3388 4387 233 
3 231 233 4387 
3 4388 231 4387 
3 277 4390 286 
3 4389 4390 4391 
3 4390 4392 4391 
3 4390 3455 4392 
3 277 3455 4390 
3 3455 3465 4392 
3 3465 4391 4392 
3 3466 4391 3465 
3 3466 3458 4393 
3 4393 3458 4394 
3 4396 4398 4395 
3 4399 4400 178 
3 4397 4399 178 
3 178 4400 4401 
3 4400 4402 4401 
3 4397 177 176 
3 4397 178 177 
3 4407 4403 4404 
3 4403 4389 4405 
3 4403 4405 4404 
3 4405 4389 4404 
3 3466 4389 4391 
3 3466 4406 4389 
3 4404 4389 4407 
3 4389 4406 4407 
3 3466 4393 4406 
3 4394 4406 4393 
3 4406 4409 4407 
3 4406 4394 4409 
3 4407 4409 4397 
3 4394 4410 4409 
3 4394 4396 4410 
3 4407 4397 4408 
3 4397 4409 4411 
3 4395 4410 4396 
3 3458 3467 4394 
3 4408 4397 4412 
3 4411 4409 4413 
3 4409 4410 4413 
3 4396 4394 3467 
3 4421 4408 4412 
3 4397 4411 4414 
3 4411 4413 4414 
3 4410 4415 4413 
3 4415 4410 4395 
3 3467 3474 4396 
3 4412 3375 4421 
3 4413 4400 4414 
3 4413 4415 4400 
3 4415 4398 4400 
3 4395 4398 4415 
3 4396 3474 4416 
3 3372 3375 4412 
3 3372 4412 4397 
3 4397 4414 4399 
3 4414 4400 4399 
3 4400 4398 4396 
3 4396 4416 4417 
3 4417 4400 4396 
3 4402 4400 4417 
3 3372 4397 176 
3 185 178 4401 
3 4402 185 4401 
3 4402 4417 185 
3 4407 4418 4403 
3 4419 4418 4407 
3 4420 4407 4408 
3 4408 4424 4420 
3 4424 4408 4421 
3 3482 4417 4416 
3 4416 3474 3482 
3 195 185 4417 
3 195 4417 3482 
3 4422 4418 4419 
3 4423 4419 4407 
3 3375 4424 4421 
3 195 3482 203 
3 3482 4425 203 
3 4426 4418 4422 
3 4427 4422 4419 
3 4427 4419 4428 
3 4428 4419 4423 
3 4428 4423 4407 
3 4428 4407 4420 
3 4425 3482 3489 
3 4431 4422 4427 
3 4431 4427 4428 
3 4429 4428 4420 
3 4429 4420 4424 
3 4430 4424 3375 
3 4425 3489 203 
3 4431 4428 4432 
3 4432 4428 4429 
3 4429 4424 4430 
3 203 4433 219 
3 203 3489 4433 
3 3489 3496 4433 
3 4429 4434 4432 
3 4434 4429 4435 
3 4435 4429 4430 
3 4435 4430 3382 
3 210 219 4442 
3 219 4433 4442 
3 4433 3496 4442 
3 4436 4431 4432 
3 4436 4432 4437 
3 4437 4432 4438 
3 4438 4432 4434 
3 4434 4439 4438 
3 4439 4434 4435 
3 4440 4439 4435 
3 4440 4435 4441 
3 4441 4435 3382 
3 3496 3502 4442 
3 210 4443 222 
3 4442 4443 210 
3 4444 4436 4437 
3 4445 4444 4437 
3 4438 4446 4437 
3 4437 4446 4445 
3 4438 4439 4446 
3 4446 4439 4440 
3 4441 4446 4440 
3 3386 4441 3382 
3 4442 4447 4443 
3 4442 3502 4447 
3 4436 4444 2288 
3 2288 4445 2289 
3 2288 4444 4445 
3 2289 4445 4446 
3 2290 2289 4446 
3 4441 2290 4446 
3 3386 2290 4441 
3 3386 2292 2290 
3 3386 2293 2292 
3 2299 3502 2295 
3 2295 3505 1898 
3 3502 3505 2295 
3 4448 4447 2298 
3 2298 3502 2299 
3 4447 3502 2298 
3 2302 4448 2298 
3 4447 4448 4443 
3 234 229 2300 
3 2300 229 2302 
3 4448 229 222 
3 2302 229 4448 
3 4443 4448 222 
3 4217 2137 1614 
3 2138 2135 2137 
3 2139 2131 4449 
3 2141 2133 2139 
3 4217 1264 4450 
3 4450 2137 4217 
3 4451 2138 2137 
3 4452 2131 4451 
3 2138 4451 2131 
3 4453 2139 4452 
3 2139 4449 4452 
3 4452 4449 2131 
3 2140 2141 4454 
3 2141 2139 4454 
3 4453 4454 2139 
3 2142 2140 4455 
3 2140 4454 4455 
3 1264 4296 4450 
3 4296 4456 4450 
3 4456 2137 4450 
3 4456 4451 2137 
3 4451 4460 4452 
3 4452 4460 4453 
3 4462 4454 4453 
3 2142 4455 4454 
3 4457 4458 4296 
3 4458 4456 4296 
3 4451 4459 4460 
3 4458 4459 4456 
3 4456 4459 4451 
3 4460 4461 4453 
3 4462 4463 4454 
3 4463 7486 2142 
3 4463 2142 4454 
3 4296 4305 4457 
3 4458 4457 4305 
3 4305 4464 4458 
3 4458 4464 4459 
3 4465 4460 4464 
3 4459 4464 4460 
3 4466 4460 4465 
3 4461 4466 4467 
3 4460 4466 4461 
3 4467 4453 4461 
3 4468 7486 4463 
3 4469 4470 4314 
3 4314 4471 4305 
3 4471 4314 4464 
3 4464 4305 4471 
3 4472 4464 4314 
3 4470 4472 4314 
3 4473 4472 4470 
3 4472 4467 4466 
3 4466 4465 4464 
3 4466 4464 4472 
3 4473 4474 4472 
3 4472 4474 4475 
3 4475 4467 4472 
3 4462 4474 4476 
3 4475 4474 4462 
3 4453 4475 4462 
3 4475 4453 4467 
3 4468 4463 4476 
3 4462 4476 4463 
3 4315 4477 4313 
3 4469 4313 4477 
3 4480 4477 4315 
3 4477 4480 4469 
3 4469 4480 4470 
3 4473 4470 4480 
3 4480 4478 4473 
3 4473 4478 4476 
3 4473 4476 4474 
3 4478 4479 4476 
3 4476 4479 4468 
3 4481 4482 4483 
3 4483 4482 4485 
3 4482 4484 4485 
3 4488 4490 4489 
3 4488 4489 4492 
3 4489 4490 4493 
3 4490 4494 4493 
3 4490 4491 4494 
3 4491 4495 4494 
3 4489 4493 4492 
3 4495 4491 4496 
3 4495 4496 4481 
3 4496 4482 4481 
3 4493 4494 4497 
3 4495 4481 4494 
3 4492 4493 4498 
3 4493 4497 4498 
3 4497 4494 4498 
3 4481 4499 4494 
3 4481 4483 4499 
3 4498 4494 4500 
3 4494 4499 4500 
3 4499 4483 4500 
3 4498 4500 4501 
3 4485 4500 4483 
3 4502 4501 4500 
3 4500 4485 4502 
3 4502 4485 4503 
3 4487 4504 4506 
3 4487 4507 4504 
3 4487 4488 4507 
3 4488 4505 4490 
3 4506 4504 4508 
3 4504 4507 4508 
3 4507 4488 4508 
3 4506 4508 4509 
3 4488 4492 4508 
3 4492 4509 4508 
3 4510 4509 4511 
3 4509 4492 4511 
3 4510 4511 4512 
3 4512 4511 4513 
3 4513 4511 4492 
3 4492 4498 4513 
3 4513 4498 4512 
3 4514 4512 4498 
3 4501 4514 4498 
3 4515 4514 4501 
3 4502 4515 4501 
3 4503 4515 4502 
3 1196 4505 4488 
3 1196 4490 4505 
3 1201 4491 4490 
3 1203 4496 4491 
3 6562 4510 1204 
3 1204 4510 4512 
3 1196 1198 1199 
3 1199 4490 1196 
3 1200 4490 1199 
3 1200 1201 4490 
3 1202 4491 1201 
3 1202 1203 4491 
3 4512 1205 1204 
3 4512 4514 4516 
3 4512 4516 1205 
3 1205 4516 4514 
3 1205 4514 1206 
3 1206 4514 4515 
3 1206 4515 1207 
3 4023 4018 4024 
3 4517 4021 4518 
3 4021 4524 4518 
3 4016 4524 4021 
3 4524 4016 4519 
3 4519 4016 4022 
3 4520 4519 4022 
3 4022 4526 4520 
3 4526 4022 4023 
3 4024 4526 4023 
3 4024 4025 4521 
3 4025 4026 4521 
3 4026 4027 4522 
3 4517 4518 4523 
3 4525 4519 4520 
3 4520 4526 4525 
3 4521 4526 4024 
3 4521 4026 4527 
3 4026 4522 4527 
3 4524 4523 4518 
3 4528 4519 4525 
3 4525 4526 4528 
3 4524 4529 4523 
3 4530 4524 4531 
3 4531 4524 4519 
3 4531 4519 4528 
3 4532 4528 4526 
3 4524 4533 4529 
3 4530 4533 4524 
3 4533 4530 4531 
3 4532 4526 4534 
3 4537 4536 4529 
3 4529 4533 4537 
3 4537 4531 4538 
3 4537 4533 4531 
3 4538 4531 4539 
3 4539 4531 4528 
3 4528 4532 4534 
3 4526 4540 4534 
3 4526 4521 4540 
3 4541 4535 4529 
3 4541 4529 4536 
3 4537 4541 4536 
3 4537 4538 4541 
3 4539 4542 4538 
3 4542 4539 4543 
3 4543 4539 4528 
3 4534 4544 4528 
3 4544 4534 4540 
3 4541 4546 4535 
3 4541 4538 4542 
3 4543 4528 4547 
3 4547 4528 4544 
3 4548 4544 4540 
3 4540 4545 4548 
3 4549 4535 4546 
3 4549 4546 4541 
3 4549 4541 4550 
3 4541 4542 4551 
3 4542 4543 4551 
3 4543 4547 4551 
3 4547 4544 4552 
3 4552 4544 4553 
3 4553 4544 4548 
3 4541 4551 4554 
3 4541 4554 4550 
3 4552 4553 4548 
3 4556 4549 4550 
3 4550 4557 4556 
3 4558 4550 4554 
3 4551 4558 4554 
3 4551 4559 4558 
3 4551 4547 4559 
3 4547 4560 4559 
3 4560 4547 4561 
3 4547 4552 4561 
3 4549 4556 4555 
3 4556 4557 4562 
3 4562 4557 4550 
3 4563 4562 4550 
3 4558 4563 4550 
3 4558 4559 4564 
3 4564 4560 4567 
3 4559 4560 4564 
3 4560 4561 4567 
3 4567 4561 4552 
3 4552 4565 4567 
3 4555 4556 4566 
3 4556 4562 4566 
3 4558 4562 4563 
3 4558 4564 4567 
3 4568 4566 4569 
3 4568 4569 619 
3 619 4566 4570 
3 619 4569 4566 
3 4566 4562 4570 
3 4558 4571 4562 
3 4567 4571 4558 
3 4572 4567 4565 
3 4573 4574 4575 
3 2273 4579 4578 
3 4580 4573 4575 
3 4582 4580 4575 
3 4581 4576 4573 
3 4575 4577 4583 
3 4575 4583 4582 
3 2273 4578 4584 
3 4573 4580 4599 
3 4587 4581 4599 
3 4581 4573 4599 
3 4586 4580 4582 
3 4587 4576 4581 
3 4576 4587 4578 
3 4585 2273 4588 
3 2273 4584 4588 
3 4589 4591 4592 
3 4592 4593 4589 
3 4593 4594 4590 
3 4591 4595 4592 
3 4593 4592 4596 
3 4593 4596 4594 
3 4592 4595 4596 
3 4596 4595 4594 
3 4595 4598 4594 
3 4597 4599 4595 
3 4595 4599 4580 
3 4595 4580 4598 
3 4580 4586 4598 
3 4598 4586 5085 
3 4582 5085 4586 
3 4578 4587 4600 
3 4601 4602 3865 
3 4601 4603 4602 
3 4603 4601 4589 
3 4601 4604 4589 
3 4603 4589 4602 
3 4602 4589 4593 
3 4593 4590 4602 
3 4604 4591 4589 
3 4605 4595 4604 
3 4604 4595 4591 
3 4606 4597 4605 
3 4605 4597 4595 
3 4606 4599 4597 
3 4607 4587 4599 
3 4587 4607 4600 
3 4600 4584 4578 
3 4584 4585 4588 
3 4608 4604 4601 
3 4604 4608 4605 
3 4609 4607 4616 
3 4610 4607 4609 
3 4610 4600 4607 
3 4611 4612 4585 
3 4611 4585 4584 
3 4608 4613 4605 
3 4606 4615 4614 
3 4615 4606 4613 
3 4606 4605 4613 
3 4599 4614 4607 
3 4606 4614 4599 
3 4609 4616 4617 
3 4610 4617 4618 
3 4609 4617 4610 
3 4618 4600 4610 
3 4600 4611 4584 
3 4620 4608 4601 
3 4621 4613 4626 
3 4626 4613 4608 
3 4621 4622 4615 
3 4615 4622 4614 
3 4613 4621 4615 
3 4623 4607 4622 
3 4622 4607 4614 
3 4616 4623 4627 
3 4607 4623 4616 
3 4624 4617 4627 
3 4617 4616 4627 
3 4625 4618 4624 
3 4624 4618 4617 
3 4625 4628 4618 
3 4628 4600 4618 
3 4612 4611 4628 
3 4628 4611 4600 
3 4619 4620 4601 
3 4626 4608 4620 
3 4622 4621 4623 
3 4625 4624 4628 
3 5915 4628 4630 
3 4612 4628 5915 
3 4619 4631 4620 
3 4621 4633 4629 
3 4633 4621 4626 
3 4621 4629 4623 
3 4635 4624 4627 
3 4624 4635 4628 
3 4632 4620 4631 
3 4620 4632 4626 
3 4633 4626 4632 
3 4633 4634 4629 
3 4634 4623 4629 
3 4635 4627 4623 
3 4635 4637 4628 
3 4628 4637 4630 
3 4641 4634 4633 
3 4641 4623 4634 
3 4635 4641 4636 
3 4641 4635 4623 
3 4635 4636 4637 
3 5915 4630 4638 
3 4630 4637 4638 
3 4632 4639 4633 
3 4631 4639 4632 
3 4641 4637 4636 
3 4640 4633 4639 
3 4640 4641 4633 
3 4640 1002 1785 
3 4639 1002 4640 
3 1785 4641 4640 
3 4637 1921 4638 
3 1921 4637 4641 
3 3811 3810 3804 
3 3810 4642 3804 
3 3804 4642 3809 
3 3809 4642 3573 
3 3810 3806 4643 
3 3810 4644 4645 
3 3810 4645 4642 
3 3810 4643 4644 
3 4645 4644 4646 
3 4642 4645 4646 
3 4642 4646 4647 
3 4643 4650 4648 
3 4643 4648 4644 
3 4644 4648 4646 
3 4646 4648 4647 
3 4649 4647 4648 
3 4648 6060 4649 
3 4652 4648 4650 
3 4649 6060 4653 
3 4033 4040 4654 
3 4040 4042 4655 
3 2171 4039 4033 
3 2171 4033 4654 
3 4656 2172 2171 
3 4656 2171 4654 
3 4654 4040 4656 
3 2173 2172 4656 
3 4656 4655 4657 
3 4040 4655 4656 
3 4656 4657 2173 
3 4042 4657 4655 
3 793 4657 4042 
3 4657 793 4658 
3 2173 4657 2175 
3 4657 4658 2175 
3 2175 4658 793 
3 2682 4659 4660 
3 4664 4662 4663 
3 4659 4665 4660 
3 4665 4668 4660 
3 4660 4666 4661 
3 4661 4666 4662 
3 4670 4663 4662 
3 2236 4663 4667 
3 4663 4670 4667 
3 4660 4668 4666 
3 4671 4662 4666 
3 4662 4671 4669 
3 4670 4662 4669 
3 2236 4667 2242 
3 4665 4659 4668 
3 4668 4671 4666 
3 4672 2242 4673 
3 2242 4667 4673 
3 4667 4670 4673 
3 4668 4674 4675 
3 4659 4674 4668 
3 4675 4676 4668 
3 4677 4671 4668 
3 2242 4672 2249 
3 4679 4674 4659 
3 4675 4680 4676 
3 4676 4680 4668 
3 4680 4681 4668 
3 4681 4677 4668 
3 4671 4677 4681 
3 4669 4671 4678 
3 4669 4682 4670 
3 2249 4672 4683 
3 4672 4673 4683 
3 4673 4670 4683 
3 4682 4683 4670 
3 4684 4674 4679 
3 4684 4685 4674 
3 4674 4685 4675 
3 4680 4675 4686 
3 4686 4675 4685 
3 4686 4687 4681 
3 4680 4686 4681 
3 4687 4671 4681 
3 4688 4671 4687 
3 4671 4689 4678 
3 4671 4688 4689 
3 4669 4678 4690 
3 4690 4678 4689 
3 4682 4669 4690 
3 2254 2249 4691 
3 2249 4683 4691 
3 4692 4684 4679 
3 4693 4685 4684 
3 4692 4693 4684 
3 4693 4694 4685 
3 4694 4686 4685 
3 4694 4687 4686 
3 4695 4696 4687 
3 4696 4688 4687 
3 4689 4688 4696 
3 4691 4683 4682 
3 4691 4697 2254 
3 4679 7038 4698 
3 4698 7038 5767 
3 4692 4679 4699 
3 4693 4699 4700 
3 4693 4692 4699 
3 4700 4694 4693 
3 4687 4694 4700 
3 4700 4701 4687 
3 4689 4702 4690 
3 4702 4689 4696 
3 4715 4691 4682 
3 2258 2254 4697 
3 4697 4691 4715 
3 5767 4679 4698 
3 4699 4679 4703 
3 4703 4679 5767 
3 4687 4704 4695 
3 4704 4687 4701 
3 4696 4695 4705 
3 4705 4695 4704 
3 4702 4696 4690 
3 4690 4706 4682 
3 4696 4706 4690 
3 4706 4707 4682 
3 4714 4715 4682 
3 4682 4707 4714 
3 4703 4709 4699 
3 4703 5767 4709 
3 5767 4708 4709 
3 4699 4709 4700 
3 4700 4709 4701 
3 4701 4709 4704 
3 4710 4709 4708 
3 4704 4709 4705 
3 4705 4711 4696 
3 4706 4712 4713 
3 4706 4696 4712 
3 4707 4706 4713 
3 4707 4713 4714 
3 2258 4697 2263 
3 2263 4697 4715 
3 4709 4717 4705 
3 4709 4710 4717 
3 4710 4716 4717 
3 4718 4711 4705 
3 4705 4717 4718 
3 4712 4696 4719 
3 4696 4720 4719 
3 4696 4711 4720 
3 4718 4717 4711 
3 4711 4717 4721 
3 4719 4713 4712 
3 4722 4721 4717 
3 4714 4723 4724 
3 4713 4723 4714 
3 4715 4714 4724 
3 4719 4720 4725 
3 4720 4711 4726 
3 4721 4726 4711 
3 4725 4713 4719 
3 4726 4721 4722 
3 4715 4728 2266 
3 2266 2263 4715 
3 4726 4730 4729 
3 4722 4730 4726 
3 4713 4731 4723 
3 4725 4731 4713 
3 4730 4722 4727 
3 2266 4728 2273 
3 4573 4725 4720 
3 4731 4725 4723 
3 4727 4577 4730 
3 4573 4720 4574 
3 4726 4574 4720 
3 4574 4726 4575 
3 4726 4729 4575 
3 4730 4575 4729 
3 4725 4576 4723 
3 4576 4725 4573 
3 4575 4730 4577 
3 4578 4724 4576 
3 4724 4723 4576 
3 2273 4728 4579 
3 4579 4728 4578 
3 4728 4715 4578 
3 4578 4715 4724 
3 4732 129 120 
3 121 4732 120 
3 4115 4732 121 
3 4117 4732 4115 
3 4733 129 4732 
3 4733 4732 4734 
3 4732 4117 4734 
3 4734 4117 4119 
3 4735 129 4733 
3 4733 4734 4119 
3 140 129 4735 
3 140 4735 4733 
3 4733 4736 4737 
3 4737 4736 4738 
3 4736 4733 4738 
3 4738 4733 4119 
3 154 140 4733 
3 154 4733 4739 
3 4733 4737 4739 
3 4737 4738 4739 
3 4739 4738 4740 
3 4738 4119 4740 
3 4740 4119 4121 
3 4741 165 154 
3 4739 4741 154 
3 4741 4739 4742 
3 4742 4739 4743 
3 4739 4740 4743 
3 4743 4740 4122 
3 4740 4121 4122 
3 4741 169 165 
3 4741 4742 169 
3 169 4742 170 
3 170 4742 4743 
3 170 4743 171 
3 171 4743 4122 
3 331 4744 3024 
3 3024 4744 4745 
3 3022 3024 4745 
3 3022 4745 3027 
3 4745 4746 3027 
3 4744 4747 4745 
3 4747 4746 4745 
3 4746 4747 4748 
3 4749 4748 4747 
3 3038 3027 4746 
3 3038 4746 4748 
3 4749 4750 4748 
3 4747 4751 4749 
3 4750 4749 3038 
3 4750 3038 4748 
3 4749 4751 3038 
3 4752 3048 3038 
3 4753 3038 4751 
3 3047 3048 4754 
3 3047 4754 3054 
3 4755 3048 4752 
3 3038 4757 4755 
3 3038 4755 4752 
3 3038 4753 4757 
3 4751 4756 4753 
3 4755 4757 3048 
3 4757 4754 3048 
3 4758 4754 4757 
3 4754 4758 3054 
3 4756 4760 4753 
3 3054 4758 3057 
3 4758 4757 4759 
3 4753 4760 4757 
3 4758 4761 3057 
3 4759 4761 4758 
3 4757 4760 4762 
3 4760 4763 4762 
3 4764 3057 4761 
3 3057 4764 3059 
3 4757 4765 4759 
3 4757 4762 4765 
3 4027 4767 4522 
3 4027 4766 4767 
3 4766 2391 4768 
3 2391 4769 4768 
3 4769 2391 2398 
3 4766 4522 4767 
3 2398 4768 4769 
3 4770 4527 4522 
3 4772 4770 4522 
3 4772 4522 4771 
3 4771 4522 4766 
3 4768 4771 4766 
3 2418 4768 2398 
3 4773 4521 4527 
3 4527 4770 4773 
3 4771 4768 4774 
3 4775 4774 4768 
3 2418 4775 4768 
3 4540 4521 4773 
3 4770 4772 4773 
3 4771 4774 4772 
3 4545 4540 4773 
3 4545 4773 4772 
3 4772 4774 4776 
3 2418 4774 4775 
3 2418 2421 4774 
3 4777 4545 4778 
3 4778 4545 4772 
3 4776 4774 4779 
3 4780 4548 4545 
3 4780 4545 4777 
3 4780 4777 4781 
3 4777 4778 4781 
3 4776 4778 4772 
3 4780 4552 4548 
3 4780 4781 4552 
3 4778 4776 4782 
3 4776 4779 4782 
3 2421 2423 4774 
3 4552 4781 4783 
3 4781 4784 4783 
3 4781 4778 4784 
3 4778 4782 4784 
3 4782 4779 4785 
3 4774 4785 4779 
3 4785 4774 4786 
3 4786 4774 2423 
3 2423 2424 4786 
3 4565 4552 4787 
3 4787 4552 4783 
3 4784 4787 4783 
3 4788 4784 4782 
3 4789 4782 4785 
3 4790 4785 4786 
3 646 4565 4787 
3 4787 645 646 
3 645 4787 4784 
3 648 4782 4789 
3 4789 649 648 
3 649 4789 4785 
3 4788 645 4784 
3 645 4788 647 
3 4788 4782 647 
3 647 4782 648 
3 649 4785 4790 
3 649 4790 651 
3 651 4790 4786 
3 2424 651 4786 
3 1753 440 4791 
3 4791 440 445 
3 446 4792 445 
3 4792 446 4793 
3 4791 445 4794 
3 4793 446 442 
3 4047 442 444 
3 1770 1753 4791 
3 4794 445 4795 
3 4795 445 4792 
3 4793 442 4047 
3 4796 1770 4791 
3 4796 4791 4794 
3 4797 4795 4792 
3 4793 4797 4792 
3 4801 4796 4794 
3 4801 4794 4798 
3 4798 4794 4795 
3 4795 4797 4798 
3 4793 4799 4797 
3 4793 4047 4799 
3 4800 1770 4796 
3 4801 4800 4796 
3 4798 4797 4802 
3 4802 4797 4799 
3 4803 4799 4047 
3 1784 4804 3156 
3 1783 4805 1784 
3 1784 4805 4804 
3 3156 4804 3157 
3 4806 4800 4801 
3 4804 4805 4807 
3 4806 4801 4808 
3 4804 4807 4809 
3 4804 4809 3157 
3 3157 4809 3158 
3 3158 4809 3164 
3 4809 4810 3164 
3 4799 4798 4802 
3 4047 4052 4803 
3 1770 4811 1782 
3 1782 4811 1781 
3 4800 4811 1770 
3 1781 4811 4812 
3 1783 1781 4812 
3 1783 4812 4805 
3 4800 4806 4811 
3 4811 4806 4813 
3 4811 4813 4812 
3 4813 4806 4808 
3 4812 4814 4805 
3 4813 4808 4815 
3 4805 4814 4807 
3 4814 4816 4807 
3 4807 4816 4817 
3 4807 4817 4809 
3 4798 4808 4801 
3 4808 4798 4815 
3 4817 4818 4809 
3 4810 4809 4819 
3 4820 3164 4810 
3 4816 4821 4817 
3 4817 4821 4818 
3 4809 4818 4819 
3 4810 4819 4820 
3 3164 4820 3169 
3 4815 4798 4823 
3 4821 4824 4818 
3 4818 4824 4822 
3 4818 4822 4819 
3 4819 4822 4820 
3 4820 4822 4825 
3 4820 4825 3169 
3 4798 4799 4823 
3 4822 4824 4821 
3 4826 4827 4822 
3 4822 4827 4828 
3 4822 4828 4825 
3 4822 4829 4826 
3 4828 4827 4826 
3 4828 4830 4825 
3 3169 4825 3175 
3 4803 4823 4799 
3 4823 4803 4831 
3 4825 4830 4833 
3 4825 4833 3175 
3 4063 4829 4822 
3 4832 4829 4063 
3 4832 4063 4828 
3 4830 4828 4054 
3 4803 4052 4831 
3 4831 4052 4053 
3 4063 4054 4828 
3 4830 4054 4833 
3 4833 4054 4055 
3 4833 4055 3175 
3 4812 4813 4815 
3 4814 4812 4815 
3 4814 4815 4834 
3 4816 4814 4834 
3 4815 4835 4834 
3 4834 4835 4836 
3 4836 4816 4834 
3 4823 4835 4815 
3 4835 4823 4836 
3 4816 4836 4821 
3 4823 4837 4836 
3 4821 4836 4822 
3 4826 4829 4838 
3 4826 4838 4828 
3 4831 4837 4823 
3 4832 4828 4829 
3 4829 4828 4838 
3 4836 4837 4063 
3 4836 4063 4822 
3 4053 4837 4831 
3 4837 4053 4063 
3 4842 4841 4843 
3 4845 4844 3132 
3 1746 1754 4839 
3 4839 1754 4840 
3 1754 1762 4840 
3 4841 4840 4846 
3 4843 4841 4847 
3 4843 4847 4844 
3 4844 4847 3132 
3 4840 1762 4846 
3 4847 4841 4846 
3 4847 4849 3132 
3 4846 1762 1776 
3 4848 4846 1776 
3 4849 4846 4848 
3 4846 4849 4847 
3 1777 4848 1772 
3 4848 1777 4849 
3 4849 1777 3156 
3 4852 4850 4853 
3 4851 4853 4850 
3 4851 4850 1 
3 2 0 4850 
3 2 4850 3 
3 4 4850 4852 
3 4 3 4850 
3 4851 1 4854 
3 7 4 4852 
3 4853 7 4852 
3 4853 4851 4854 
3 4854 1 5 
3 4855 7 4853 
3 4853 4854 4855 
3 4854 6 4855 
3 5 6 4854 
3 6 7 4855 
3 2832 2833 4857 
3 4857 2833 4859 
3 4856 4860 4858 
3 4861 4857 4859 
3 4862 4861 4859 
3 4862 4863 4864 
3 4856 4863 4860 
3 4856 4866 4863 
3 4867 4862 4868 
3 4867 4861 4862 
3 4868 4862 4869 
3 4862 4864 4869 
3 4869 4864 4863 
3 4866 4869 4863 
3 4871 4856 4870 
3 4856 4865 4870 
3 4871 4866 4856 
3 4872 4869 4866 
3 4861 4867 6044 
3 4867 4873 6044 
3 4867 4868 4873 
3 4873 4868 4869 
3 4872 4873 4869 
3 4866 4871 4874 
3 4866 4874 4872 
3 4875 4873 4872 
3 4876 6044 4877 
3 4877 6044 4873 
3 4875 4877 4873 
3 4870 4878 4879 
3 4870 4879 4871 
3 4879 4880 4874 
3 4871 4879 4874 
3 4874 4880 4872 
3 4872 4880 4875 
3 4881 4877 4875 
3 4882 4876 4883 
3 4883 4876 4877 
3 4881 4883 4877 
3 4879 4884 4880 
3 4885 4886 4879 
3 4886 4884 4879 
3 4884 4886 4875 
3 4880 4884 4875 
3 4887 4886 4885 
3 4881 4886 4887 
3 4875 4886 4881 
3 4887 4888 4881 
3 4888 4883 4881 
3 4889 4882 4883 
3 4888 4889 4883 
3 4885 4890 4888 
3 4887 4885 4888 
3 4890 4889 4888 
3 1711 4039 2171 
3 4891 4892 4893 
3 4891 4893 4894 
3 4893 1204 4894 
3 4896 4894 1204 
3 4896 1204 4895 
3 4895 1215 4896 
3 1215 4895 1204 
3 4898 4897 4891 
3 4898 4891 4894 
3 4898 4894 4899 
3 4899 4894 4900 
3 4900 4894 4896 
3 4896 1215 4900 
3 4901 4897 4902 
3 4898 4902 4897 
3 4898 4899 4902 
3 4902 4899 4903 
3 4903 4899 1221 
3 4899 4900 1221 
3 1221 4900 1227 
3 2869 4904 2870 
3 4907 4911 659 
3 2870 4904 1617 
3 4905 4908 4904 
3 4905 4906 4908 
3 4905 659 4906 
3 4905 4907 659 
3 4910 4904 2869 
3 4910 4911 4904 
3 4911 4905 4904 
3 4911 4907 4905 
3 4913 4909 4911 
3 4912 4910 2873 
3 4913 4910 4912 
3 4911 4910 4913 
3 4914 4915 4909 
3 4912 4917 4913 
3 4917 4914 4913 
3 4909 4913 4914 
3 4916 4912 2873 
3 4912 4914 4917 
3 4914 4918 4915 
3 2873 2885 4916 
3 2885 4919 4916 
3 4920 4918 4914 
3 4919 4921 4916 
3 4916 4921 4912 
3 4912 4921 4922 
3 2885 2886 4923 
3 4923 4919 2885 
3 4912 4922 4924 
3 4912 4924 4914 
3 4924 4920 4914 
3 4919 4923 4921 
3 2886 4925 4923 
3 4923 4925 4926 
3 2886 1672 4925 
3 4925 1672 4926 
3 4927 4922 4921 
3 4922 4927 4924 
3 4924 4927 4920 
3 4928 4921 4923 
3 4921 4928 4927 
3 4923 4926 4928 
3 4930 4920 4927 
3 4929 4920 4930 
3 4930 4927 4928 
3 4929 4930 4931 
3 4933 4934 4932 
3 4932 4934 4935 
3 4934 4936 4935 
3 4934 1849 4936 
3 4936 1849 4935 
3 1849 1851 4935 
3 1851 4937 4935 
3 4951 1862 1854 
3 4945 4951 4932 
3 4951 4933 4932 
3 4951 1854 4933 
3 4932 4938 4945 
3 4938 4932 4939 
3 4933 1849 4934 
3 4933 1854 1849 
3 4932 4935 4939 
3 4940 4939 4935 
3 4940 4942 4941 
3 4940 4935 4942 
3 4941 4942 4943 
3 4935 4937 4942 
3 4937 4944 4942 
3 1851 1860 4937 
3 1860 4944 4937 
3 4946 4952 4938 
3 4938 4952 4945 
3 4938 4939 4946 
3 4946 4939 4947 
3 4939 4940 4947 
3 4947 4941 4948 
3 4940 4941 4947 
3 4948 4941 4949 
3 4941 4943 4949 
3 4943 4950 4949 
3 4942 4950 4943 
3 4944 1860 1872 
3 4951 3814 1862 
3 4945 4952 4951 
3 4958 4946 4953 
3 4954 4953 4955 
3 4946 4947 4953 
3 4953 4948 4955 
3 4947 4948 4953 
3 4949 4955 4948 
3 4956 4955 4949 
3 4950 1465 4949 
3 1465 4957 4949 
3 4942 1465 4950 
3 1465 4942 1464 
3 4942 4944 1464 
3 1872 1467 4944 
3 3818 3819 4951 
3 3813 4951 3819 
3 3814 4951 3813 
3 4951 4952 3818 
3 4958 4963 4946 
3 4959 4958 4953 
3 4953 4954 4959 
3 4959 4955 4960 
3 4954 4955 4959 
3 4960 4955 4956 
3 4949 4961 4956 
3 4961 4949 4962 
3 4962 4949 1471 
3 1471 4949 4957 
3 1465 1471 4957 
3 4963 3817 4952 
3 4952 3817 3818 
3 4952 4946 4963 
3 4963 4958 4967 
3 4967 4958 4959 
3 4962 4964 4961 
3 4965 3826 4963 
3 3821 4963 3826 
3 3817 4963 3821 
3 4965 4963 4967 
3 4965 4967 4966 
3 1478 4028 4964 
3 4962 1478 4964 
3 3827 4965 4968 
3 3826 4965 3827 
3 4965 4966 4968 
3 5654 3827 4968 
3 7055 4971 4970 
3 4970 4984 4972 
3 4970 3623 3636 
3 4972 4984 4973 
3 3623 4970 3642 
3 4970 4974 3642 
3 4970 4972 4974 
3 4972 4973 4974 
3 4974 4973 4978 
3 4973 4987 4978 
3 3644 3642 3645 
3 3642 4974 3645 
3 3645 4974 3647 
3 4974 4975 3647 
3 4974 4978 4975 
3 3627 3647 3630 
3 4987 4976 4978 
3 3647 4977 3630 
3 3647 4975 4977 
3 3630 4977 3656 
3 4975 4979 4977 
3 4975 4978 4979 
3 4969 3659 4977 
3 3659 3656 4977 
3 4969 4977 4980 
3 4977 4981 4980 
3 4977 4979 4981 
3 4979 4978 4981 
3 4976 4982 4978 
3 4971 4984 4970 
3 4984 4971 4983 
3 4973 4984 4985 
3 4985 4987 4973 
3 4984 4987 4985 
3 4987 4986 4988 
3 4987 4989 4976 
3 4987 4988 4989 
3 4988 4990 4989 
3 4976 4989 4991 
3 4976 4991 4982 
3 4989 4992 4991 
3 4983 4993 4984 
3 4993 4994 4984 
3 4994 4995 4984 
3 4984 4995 4987 
3 4995 4986 4987 
3 4995 4997 4986 
3 4997 4998 4986 
3 4986 4998 4990 
3 4998 4999 4990 
3 4990 4988 4986 
3 5000 4990 4999 
3 4989 4990 5000 
3 4999 4998 5000 
3 4989 5000 4992 
3 4992 5000 5001 
3 4993 5002 4994 
3 5002 5003 4994 
3 4994 5003 4995 
3 5003 5812 4995 
3 5812 4996 4995 
3 5005 5004 5006 
3 5004 5007 5006 
3 5008 5005 4850 
3 5005 5006 4850 
3 5007 4850 5006 
3 2690 5004 2688 
3 2688 5005 5008 
3 2688 5004 5005 
3 2690 5007 5004 
3 2688 5008 2691 
3 5007 2690 2692 
3 0 2691 4850 
3 2691 5008 4850 
3 1 5007 2692 
3 4850 5007 1 
3 3058 3059 5009 
3 1930 3058 5009 
3 5010 4764 4761 
3 3059 4764 5010 
3 5011 3059 5010 
3 3059 5011 5009 
3 5010 4761 5016 
3 4761 4759 5016 
3 4759 4765 5016 
3 4765 4762 5012 
3 5016 4765 5012 
3 4762 4763 5013 
3 4762 5013 5012 
3 4763 3985 5013 
3 5014 5009 5011 
3 5009 5014 1930 
3 5011 5015 5014 
3 1930 5014 5015 
3 5011 5010 5016 
3 5016 5015 5011 
3 5016 5012 5017 
3 5012 5013 5018 
3 5013 3985 3389 
3 5013 3389 5018 
3 1930 5015 1954 
3 5019 5015 5016 
3 5012 5020 5017 
3 5016 5017 5020 
3 5012 5018 5020 
3 5020 5018 5030 
3 5030 5018 5021 
3 3389 5021 5018 
3 5021 3389 3390 
3 5022 1954 5015 
3 5019 5016 5023 
3 5019 5023 5015 
3 5015 5023 5022 
3 5022 5023 1954 
3 5016 5024 5023 
3 5023 5025 1954 
3 5020 5026 5016 
3 5016 5026 5024 
3 5024 5026 5023 
3 5023 5026 5025 
3 5025 5026 5027 
3 5026 5028 5027 
3 5030 5026 5020 
3 5027 5029 1972 
3 5026 5030 5028 
3 5027 5031 5029 
3 5030 5021 3392 
3 5030 3392 5028 
3 5028 3392 5027 
3 1973 1972 3393 
3 3393 1972 5029 
3 5021 3400 3392 
3 5027 3392 5031 
3 5031 3392 5029 
3 5029 3392 3393 
3 5032 5034 5033 
3 5035 5033 5036 
3 5033 5034 5036 
3 5039 5035 5040 
3 5036 5040 5035 
3 5040 5036 5037 
3 5040 5037 5041 
3 5035 5042 5038 
3 5035 5039 5042 
3 5041 5039 5040 
3 5044 5043 5042 
3 5045 5044 5042 
3 5045 5042 5039 
3 5046 5045 5039 
3 5046 5039 5041 
3 5043 5044 5047 
3 5047 5044 5048 
3 5045 5048 5044 
3 5048 5045 5049 
3 5046 5049 5045 
3 5053 5052 5051 
3 5054 5052 5053 
3 5056 5054 5053 
3 5053 5055 5056 
3 5051 5050 5058 
3 4577 5057 5060 
3 3844 3850 5050 
3 5050 5061 5058 
3 5062 5051 5058 
3 5063 5053 5051 
3 5063 5064 5053 
3 5064 5055 5053 
3 5060 5057 4891 
3 3850 3856 5065 
3 3850 5065 5050 
3 5050 5066 5061 
3 5050 5065 5066 
3 5061 5067 5058 
3 5067 5062 5058 
3 5062 5063 5051 
3 5063 5068 5069 
3 5070 5063 5069 
3 5070 5059 5064 
3 5070 5064 5063 
3 5064 5059 5055 
3 4582 4583 5074 
3 5074 4583 4577 
3 5074 4577 5075 
3 5075 5076 5074 
3 5076 5075 4577 
3 5060 5076 4577 
3 4897 5060 4891 
3 3856 5077 3860 
3 3856 3860 5065 
3 5077 5078 3860 
3 3860 5078 5065 
3 5065 5078 5066 
3 5061 5066 5078 
3 4590 4594 5078 
3 5078 4594 5079 
3 5078 5079 5061 
3 5067 5061 5080 
3 5067 5080 5062 
3 4594 5081 5079 
3 5062 5080 5063 
3 4594 4598 5081 
3 5081 5082 5079 
3 5061 5079 5080 
3 5080 5083 5068 
3 5063 5080 5068 
3 5081 4598 5084 
3 5081 5084 5085 
3 5079 5086 5080 
3 5069 5068 5083 
3 5070 5069 5083 
3 4598 5085 5084 
3 5079 5082 5071 
3 5079 5071 5086 
3 5080 5086 5083 
3 5083 5072 5070 
3 4582 5074 5085 
3 5081 5085 5087 
3 5081 5087 5082 
3 5082 5087 5071 
3 5086 5071 5083 
3 5083 5071 5088 
3 5088 5072 5083 
3 5072 5089 5070 
3 5059 5070 5090 
3 5073 5059 5090 
3 5085 5074 5087 
3 5071 5092 5088 
3 5072 5088 5089 
3 5073 5090 5091 
3 5076 5087 5074 
3 5087 5076 5071 
3 5071 5076 5092 
3 5070 5089 5090 
3 5088 5092 4901 
3 5088 4901 5089 
3 5076 5060 5092 
3 5092 5060 5093 
3 5092 5093 4901 
3 4897 5093 5060 
3 5093 4897 4901 
3 5089 4901 5090 
3 5090 4901 4902 
3 4902 4903 5090 
3 5090 4903 5091 
3 5091 4903 1221 
3 3866 3865 5077 
3 3856 3866 5077 
3 5077 3865 5078 
3 5078 3865 4602 
3 4590 5078 4602 
3 5101 5094 5095 
3 5095 5096 5101 
3 5094 5101 5102 
3 5096 5098 5101 
3 5096 5100 5098 
3 5101 5103 5102 
3 5103 5101 5098 
3 5103 5098 5104 
3 5097 5094 5099 
3 5094 5102 5099 
3 5102 5106 5099 
3 5102 5103 5106 
3 5103 5104 5105 
3 5107 5098 5100 
3 5107 5108 5098 
3 5104 5098 5108 
3 5105 5109 5103 
3 5110 5104 5108 
3 5109 5106 5103 
3 5105 5111 5109 
3 5105 5104 5112 
3 5104 5110 5112 
3 5105 5112 5111 
3 5112 5113 5111 
3 5112 5114 5113 
3 5106 5109 5115 
3 5109 5111 5116 
3 5111 5113 5116 
3 5109 5116 5115 
3 5113 5114 5117 
3 5113 5117 5116 
3 5116 2360 5115 
3 5116 5117 2358 
3 5117 2359 2358 
3 5117 5118 2359 
3 5116 2358 2360 
3 5107 5100 5119 
3 5108 5107 5120 
3 5120 5107 5119 
3 5110 5108 5120 
3 5120 1533 5110 
3 1533 5121 5110 
3 5112 5110 5121 
3 5112 5121 5114 
3 5117 5114 5122 
3 5114 5121 5122 
3 5123 5117 5122 
3 5118 5117 5123 
3 5123 2359 5118 
3 5119 1529 1530 
3 1531 5119 1530 
3 5119 1531 5120 
3 1533 5120 1531 
3 1534 5121 1533 
3 1534 1535 5121 
3 1535 5122 5121 
3 1535 1536 5122 
3 1536 1537 5122 
3 1537 5123 5122 
3 2359 5123 1537 
3 2359 1537 2373 
3 5126 5124 3137 
3 5124 5126 5127 
3 5124 5127 5125 
3 3515 5125 5127 
3 3515 3512 5125 
3 3137 5128 5129 
3 5129 5126 3137 
3 5129 5127 5126 
3 5128 5130 5129 
3 5129 5130 5127 
3 5128 3137 3155 
3 5127 5130 5131 
3 3522 5127 5132 
3 5127 3522 3515 
3 5128 3155 5131 
3 5128 5131 5130 
3 5131 5132 5127 
3 3524 3522 5132 
3 5131 3155 3173 
3 5131 5133 5132 
3 3524 5132 3535 
3 5133 5131 3173 
3 5132 5133 3173 
3 3535 5132 3173 
3 3535 3173 3182 
3 3182 5134 3535 
3 5134 3182 3191 
3 3535 5134 3191 
3 4072 4073 5135 
3 5136 4072 5135 
3 5135 5137 5136 
3 5138 5139 5135 
3 5135 5139 5137 
3 4094 4093 5136 
3 5137 5139 5140 
3 5137 5140 5136 
3 5138 5141 5139 
3 5141 5140 5139 
3 4092 4094 4100 
3 4100 5143 5142 
3 5142 5143 5144 
3 5136 5147 4094 
3 4094 5147 4100 
3 4100 5147 5145 
3 4100 5145 5146 
3 4100 5146 5143 
3 5144 5143 5146 
3 5155 5136 5140 
3 5136 5155 5147 
3 5141 5138 5148 
3 5141 5148 5140 
3 5148 5155 5140 
3 4099 4100 5149 
3 4100 5142 5149 
3 5149 5142 5150 
3 5142 5144 5150 
3 5144 5146 5151 
3 5150 5144 5151 
3 5146 5145 5147 
3 5146 5153 5151 
3 5151 5153 5152 
3 5146 5147 5153 
3 5152 5153 5154 
3 5147 5155 5156 
3 5147 5156 5153 
3 5148 5164 5155 
3 5163 5156 5155 
3 5149 4109 4099 
3 5158 4109 5149 
3 5149 5150 5158 
3 5158 5150 5159 
3 5159 5150 5160 
3 5150 5151 5160 
3 5160 5151 5152 
3 5160 5152 5161 
3 5160 5161 5159 
3 5161 5152 5162 
3 5162 2820 5161 
3 5162 5152 2823 
3 5162 2823 2820 
3 5167 5154 5153 
3 5154 5167 5152 
3 2823 5152 2824 
3 5155 5164 5163 
3 5163 5164 5165 
3 5163 5165 5166 
3 5163 5166 5156 
3 5156 5166 5153 
3 5153 5166 5167 
3 5152 5167 2824 
3 5166 5165 5167 
3 5167 5165 5168 
3 5167 5168 2824 
3 2824 5168 2850 
3 5165 5169 5168 
3 2830 5170 2816 
3 5170 3314 3307 
3 3307 2816 5170 
3 4114 4109 5171 
3 4109 5157 5171 
3 5157 5172 5171 
3 5157 4109 5172 
3 4109 5174 5172 
3 5174 5173 5172 
3 5158 5174 4109 
3 5158 5175 5174 
3 5158 5159 5175 
3 5161 5175 5159 
3 2839 5175 5161 
3 2820 2839 5161 
3 5175 5173 5174 
3 5177 5164 5176 
3 5164 5177 5165 
3 2850 2849 2824 
3 5176 5178 5179 
3 5178 5176 5180 
3 5178 5180 5179 
3 5177 5176 5165 
3 5165 5176 5181 
3 5165 5181 5169 
3 5168 5169 5181 
3 5182 5168 5181 
3 5168 5182 2850 
3 5176 5183 5180 
3 5180 5183 5184 
3 5180 5184 5179 
3 5176 5179 5185 
3 5176 5185 5181 
3 5181 5186 5182 
3 5179 5184 5185 
3 5182 5187 2850 
3 2850 5187 5170 
3 2850 5170 2830 
3 5170 5187 3314 
3 5186 3322 5182 
3 5182 3322 5187 
3 5187 3322 3314 
3 5188 3673 3674 
3 5189 3671 3673 
3 5188 5190 5189 
3 3673 5188 5189 
3 5191 5190 5188 
3 5188 3674 5191 
3 3674 5193 5191 
3 5193 5192 5191 
3 5193 3674 3677 
3 3679 5194 5195 
3 5194 3671 5195 
3 3679 3671 5194 
3 5195 3671 5189 
3 5195 5189 5196 
3 5190 5196 5189 
3 5197 5196 5190 
3 5190 5191 5197 
3 5191 5192 5197 
3 5197 5192 5198 
3 5193 5198 5192 
3 5199 5198 5193 
3 5193 3677 5199 
3 3677 5198 5199 
3 3988 5200 3677 
3 3677 3678 3988 
3 4245 3679 4246 
3 4240 3679 4245 
3 5195 4246 3679 
3 5196 4246 5195 
3 5196 5197 5202 
3 5196 5202 5201 
3 5203 5202 5197 
3 5198 3677 5197 
3 3677 5203 5197 
3 5204 5203 3677 
3 5204 3677 5205 
3 5205 3677 5200 
3 3993 5205 5200 
3 5200 3988 3993 
3 4246 4249 4250 
3 4249 4246 5206 
3 4246 5196 5206 
3 5196 5201 5210 
3 5202 5207 5201 
3 5202 5203 5207 
3 5205 4002 5204 
3 4002 5208 5204 
3 4255 4249 5209 
3 5206 5209 4249 
3 5206 5196 5209 
3 5196 5210 5209 
3 5207 5210 5201 
3 5203 5211 5207 
3 5204 5211 5203 
3 5204 5208 5211 
3 5211 5208 4009 
3 4009 5208 4002 
3 4269 4272 5212 
3 4272 4255 5212 
3 4255 5209 5212 
3 5212 5209 5213 
3 5209 5210 5213 
3 5210 5214 5213 
3 5210 5215 5214 
3 5216 5215 5210 
3 5207 5216 5210 
3 5211 5216 5207 
3 5217 5216 5211 
3 4009 5217 5211 
3 4269 5212 4276 
3 5218 4276 5212 
3 5218 5212 5213 
3 5214 5220 5213 
3 5214 5221 5220 
3 5215 5221 5214 
3 5217 5219 5216 
3 4009 5219 5217 
3 5218 5213 5220 
3 5222 5221 5215 
3 5222 5215 5216 
3 4021 4517 5216 
3 5216 4009 4021 
3 5219 4009 5216 
3 3745 4020 3735 
3 4020 3745 3746 
3 4766 4027 2391 
3 2391 4027 4020 
3 2391 4020 3746 
3 5225 5226 5224 
3 5226 2110 5227 
3 5223 5224 5228 
3 5224 5226 5229 
3 5226 5227 5229 
3 5227 2110 5230 
3 2110 2111 5230 
3 5224 5229 5231 
3 5227 5231 5229 
3 5228 5224 5233 
3 5234 5233 5224 
3 5224 5231 5234 
3 5235 5227 5230 
3 2111 5235 5230 
3 5232 5228 5236 
3 5228 5233 5236 
3 5227 5235 5231 
3 5233 5234 5237 
3 5234 5231 5237 
3 5231 2119 5237 
3 5231 5235 2119 
3 5232 5236 5712 
3 5238 5236 5233 
3 5233 5237 5244 
3 5237 2119 5244 
3 5244 2119 5239 
3 2128 5240 2119 
3 5236 5241 5712 
3 5236 5238 5242 
3 5233 5242 5238 
3 5243 5242 5233 
3 5244 5239 5245 
3 5239 2119 5245 
3 5240 5245 2119 
3 5240 2128 5245 
3 2128 2134 5245 
3 5241 5236 5242 
3 5233 5244 5243 
3 5244 5245 5246 
3 5246 5245 2134 
3 5242 5243 5247 
3 5246 2134 2142 
3 3659 4969 3658 
3 4969 4980 3658 
3 5248 4981 4978 
3 4978 4982 5248 
3 4982 5249 5248 
3 4982 5250 5249 
3 5248 5249 4981 
3 5251 3658 4980 
3 4981 5251 4980 
3 5250 4982 5252 
3 4982 4991 5252 
3 4992 5252 4991 
3 3658 5254 5253 
3 5251 5254 3658 
3 5251 4981 5255 
3 5255 4981 5256 
3 4981 5249 5256 
3 5256 5249 5257 
3 5249 5250 5257 
3 4992 5258 5252 
3 4992 5001 5258 
3 5252 5258 5259 
3 5259 5258 5001 
3 5251 5255 5254 
3 5256 5260 5255 
3 5260 5254 5255 
3 5257 5260 5256 
3 5252 5257 5250 
3 5257 5252 5259 
3 5265 5259 5001 
3 5266 5257 5259 
3 5267 5266 5259 
3 5259 5265 5267 
3 5267 5265 5001 
3 5257 5268 5260 
3 5269 5268 5257 
3 5257 5270 5269 
3 5270 5257 5266 
3 5268 5254 5260 
3 5254 5268 5271 
3 5268 5269 5271 
3 5269 5272 5271 
3 5271 5272 5262 
3 5262 5261 5271 
3 5274 5273 5275 
3 5272 5277 5262 
3 5272 5278 5277 
3 5261 5262 5276 
3 5262 5277 5263 
3 5262 5280 5276 
3 5263 5280 5262 
3 5263 5277 5281 
3 5277 5278 5281 
3 5276 5280 5283 
3 5280 5284 5283 
3 5284 5280 5263 
3 5263 5281 5264 
3 5281 5278 5285 
3 5283 5284 3686 
3 5264 5284 5263 
3 5264 3686 5284 
3 5286 5267 5001 
3 5267 5270 5266 
3 5287 5270 5267 
3 5288 5287 5267 
3 5267 5286 5288 
3 5289 5269 5270 
3 5270 5287 5289 
3 5269 5289 5272 
3 5287 5291 5290 
3 5287 5288 5291 
3 5289 5287 5293 
3 5289 5292 5272 
3 5289 5293 5292 
3 5287 5294 5293 
3 5287 5290 5294 
3 5290 5274 5294 
3 5290 5273 5274 
3 5293 5296 5292 
3 5293 5294 5296 
3 5294 5297 5296 
3 5297 5294 5274 
3 5295 5273 5290 
3 5275 5273 5295 
3 5292 5278 5272 
3 5292 5296 5278 
3 5297 5275 5296 
3 5274 5275 5297 
3 5279 5275 5295 
3 5275 5282 5296 
3 5279 5295 5298 
3 5295 5299 5298 
3 5278 5296 5282 
3 5282 5275 5300 
3 5275 5279 5300 
3 5279 5301 5300 
3 5279 5298 5301 
3 5298 5299 5301 
3 5285 5278 5302 
3 5278 5282 5302 
3 5300 5303 5282 
3 5301 5303 5300 
3 5264 5304 3686 
3 5305 5304 5264 
3 5281 5305 5264 
3 5285 5305 5281 
3 5285 5302 5306 
3 5303 5301 5282 
3 5307 5288 5286 
3 5288 5307 5291 
3 5291 5307 5290 
3 5299 5308 5301 
3 5282 5301 5309 
3 5301 5308 5309 
3 5311 5313 5312 
3 5314 5316 5311 
3 5313 5311 5316 
3 5315 5312 5313 
3 5317 5316 5314 
3 5318 5320 5315 
3 5319 5315 3594 
3 5317 3617 5316 
3 3604 5316 3617 
3 3604 5318 5316 
3 5318 3604 5320 
3 5320 3604 3594 
3 5320 3594 5315 
3 5321 5311 5310 
3 5321 5322 5311 
3 5322 5323 5311 
3 5324 5314 5323 
3 5323 5314 5311 
3 5324 5325 5314 
3 5318 5313 5316 
3 5313 5318 5315 
3 5325 5326 5327 
3 5317 5325 5327 
3 5325 5317 5314 
3 5328 3616 5326 
3 3614 3616 5328 
3 3616 3617 5326 
3 5326 3617 5327 
3 3617 5317 5327 
3 5322 5329 5323 
3 5323 5329 5324 
3 5331 5324 5330 
3 5325 5324 5331 
3 5331 5332 5325 
3 5333 5328 5332 
3 5328 5326 5332 
3 5325 5332 5326 
3 3620 3621 5333 
3 3621 3614 5333 
3 3614 5328 5333 
3 5335 5334 3371 
3 5321 5336 5337 
3 5321 5337 5338 
3 5338 5322 5321 
3 5338 5329 5322 
3 5338 5339 5329 
3 5339 5340 5329 
3 5329 5340 5324 
3 5341 5331 5340 
3 5331 5330 5340 
3 5330 5324 5340 
3 5342 5332 5341 
3 5341 5332 5331 
3 5332 5342 5333 
3 2479 3620 5342 
3 3620 5333 5342 
3 3435 5343 3371 
3 3434 4211 3438 
3 3439 5343 3435 
3 3371 5343 5335 
3 5335 5337 5336 
3 5343 5345 5335 
3 5335 5345 5337 
3 5344 4212 5346 
3 5337 5345 5338 
3 4212 4215 5346 
3 5347 5338 5345 
3 5347 5348 5339 
3 5347 5339 5338 
3 5339 5348 5340 
3 5350 5341 5349 
3 5341 5348 5349 
3 5340 5348 5341 
3 4216 5352 5351 
3 5351 5352 5342 
3 5342 5350 5351 
3 5341 5350 5342 
3 4216 2479 5352 
3 5352 2479 5342 
3 5353 3437 3438 
3 3430 3437 5353 
3 3430 5353 3439 
3 3438 5354 5353 
3 3438 4211 5344 
3 3438 5344 5354 
3 5353 5354 3439 
3 5354 5344 3439 
3 5343 3439 5355 
3 5344 5356 3439 
3 3439 5356 5355 
3 5345 5343 5355 
3 5355 5357 5345 
3 5346 4215 5344 
3 5344 4215 5358 
3 5356 5357 5355 
3 5357 5348 5347 
3 5347 5345 5357 
3 5344 5358 5356 
3 5349 5357 5356 
3 5348 5357 5349 
3 4216 5359 4215 
3 4215 5359 5358 
3 5358 5359 5356 
3 5356 5359 5360 
3 5356 5360 5349 
3 5359 5351 5360 
3 5360 5351 5350 
3 5350 5349 5360 
3 5359 4216 5351 
3 5361 5362 5363 
3 787 3029 5362 
3 5364 5361 5363 
3 5363 5362 5365 
3 5365 5362 5366 
3 5366 5362 3029 
3 3029 3039 5366 
3 5370 5364 5363 
3 5363 5367 5370 
3 5363 5368 5367 
3 5363 5365 5368 
3 3039 3042 5366 
3 5369 5364 5370 
3 5368 5370 5367 
3 5365 5366 5371 
3 5372 5366 3042 
3 5366 5372 5371 
3 3045 5372 3042 
3 4073 5369 5135 
3 5369 5370 5377 
3 5135 5369 5377 
3 5368 5373 5370 
3 5365 5374 5368 
3 5365 5371 5374 
3 5368 5374 5373 
3 5372 5375 5371 
3 5377 5138 5135 
3 5373 5377 5370 
3 5373 5374 5378 
3 5371 5375 5379 
3 5371 5379 5374 
3 5379 5378 5374 
3 5372 3045 5375 
3 5380 5377 5373 
3 5378 5379 5373 
3 5379 5380 5373 
3 5375 3045 5382 
3 5375 5382 5379 
3 3045 5376 5382 
3 3043 5381 5376 
3 3043 3056 5381 
3 5384 5377 5380 
3 5377 5384 5138 
3 5138 5384 5148 
3 5384 5380 5383 
3 5380 5379 5383 
3 5383 5379 5382 
3 5382 5376 5381 
3 5148 5384 5164 
3 5385 5381 3056 
3 5385 5382 5381 
3 5386 5383 5382 
3 5383 5386 5387 
3 5387 5384 5383 
3 5382 5388 5386 
3 5385 5388 5382 
3 5164 5384 5176 
3 5387 5386 5393 
3 5387 5393 5384 
3 5384 5393 5389 
3 5384 5389 5176 
3 5390 5389 5393 
3 5176 5389 5391 
3 5392 5388 5385 
3 5388 5392 5393 
3 5386 5388 5393 
3 5394 5389 5390 
3 5389 5394 5391 
3 5176 5391 5183 
3 5385 5395 5392 
3 5396 5391 5394 
3 5391 5396 5183 
3 3056 3060 5385 
3 5395 5385 3060 
3 5397 5398 5399 
3 5398 5400 5399 
3 5398 5401 5400 
3 5401 5403 5402 
3 5403 7526 5226 
3 5223 4484 5399 
3 5399 5400 5223 
3 5400 5401 5223 
3 5402 5403 5226 
3 4485 4484 5223 
3 5401 5402 5223 
3 5402 5224 5223 
3 5402 5225 5224 
3 5402 5226 5225 
3 5404 4482 5405 
3 5405 5397 5404 
3 5405 5408 5397 
3 4482 5404 4484 
3 5398 5397 5408 
3 5406 5398 5408 
3 5399 5404 5397 
3 5406 5401 5398 
3 5406 5407 5401 
3 5404 5399 4484 
3 5407 5403 5401 
3 4496 5405 4482 
3 5409 5405 4496 
3 5410 5406 5408 
3 5406 5411 5407 
3 5412 4496 1203 
3 5412 5409 4496 
3 5405 5409 5412 
3 5412 5408 5405 
3 5413 5410 5408 
3 5411 5406 5410 
3 5410 5414 5411 
3 5414 5407 5411 
3 5414 5410 4282 
3 4282 5410 5415 
3 5302 5282 5306 
3 5305 5416 5304 
3 5285 5417 5305 
3 5285 5306 5417 
3 5419 3686 5304 
3 3690 3686 5419 
3 5306 5418 5417 
3 5304 5416 5419 
3 3690 3698 3688 
3 3690 5419 3698 
3 5282 5309 5420 
3 5308 5420 5309 
3 5305 5421 5416 
3 5417 5421 5305 
3 5306 5282 5418 
3 5282 5420 5418 
3 5308 5422 5420 
3 5416 5421 5419 
3 5423 5421 5417 
3 5418 5423 5417 
3 5420 5422 5424 
3 5421 5423 5425 
3 5418 5420 5423 
3 3698 5419 5426 
3 5419 5421 5426 
3 5420 5424 5427 
3 3701 3698 5426 
3 5423 5428 5425 
3 5421 5425 5426 
3 3701 5426 3713 
3 5426 5430 3713 
3 5426 5425 5430 
3 5430 5425 3713 
3 5425 5432 3713 
3 3713 5432 3717 
3 5431 5432 5425 
3 5432 5433 3717 
3 5422 5308 5094 
3 5097 5422 5094 
3 5422 5097 5099 
3 5420 5434 5423 
3 5427 5434 5420 
3 5435 5427 5424 
3 5422 5435 5424 
3 5422 5099 5435 
3 5429 5423 5434 
3 5434 5427 5436 
3 5427 5435 5436 
3 5428 5431 5425 
3 5429 5428 5423 
3 5429 5434 5428 
3 5434 5436 5428 
3 5436 5435 5437 
3 5435 5438 5437 
3 5431 5441 5432 
3 5431 5428 5441 
3 5428 5436 5439 
3 5437 5439 5436 
3 5433 5432 5440 
3 5432 5441 5440 
3 3717 5442 3727 
3 5433 5442 3717 
3 5433 5440 5442 
3 5440 5441 5442 
3 5435 5099 5444 
3 5435 5444 5438 
3 5099 5106 5444 
3 5437 5445 5439 
3 5437 5438 5445 
3 5438 5444 5445 
3 5439 5446 5428 
3 5444 5447 5445 
3 5428 5446 5441 
3 5445 5448 5439 
3 5445 5447 5448 
3 5441 5446 5449 
3 5446 5450 5449 
3 5446 5439 5450 
3 5439 5451 5450 
3 5439 5448 5451 
3 5443 5441 5449 
3 5448 5447 5451 
3 5452 5444 5106 
3 5106 5115 5452 
3 5444 5452 5447 
3 5452 5115 5447 
3 5447 5115 2360 
3 5455 5453 1933 
3 5454 5453 3322 
3 1935 5455 1933 
3 5455 1935 5453 
3 5453 1935 3322 
3 1935 1947 3322 
3 3322 1947 3324 
3 3324 1947 3325 
3 3320 3325 1947 
3 3320 1947 3326 
3 3326 1947 1936 
3 3734 5456 3756 
3 5457 5456 3734 
3 5459 5457 5458 
3 2530 2397 5460 
3 5460 2397 3756 
3 3756 5461 5460 
3 5461 2530 5460 
3 3756 5456 5461 
3 5456 5457 5461 
3 5457 2530 5461 
3 2530 5457 2531 
3 5457 5459 2531 
3 5459 5500 2531 
3 2532 2531 5500 
3 5442 5441 5462 
3 5443 5463 5441 
3 5463 5462 5441 
3 5464 5465 5466 
3 5468 5466 5465 
3 5465 5467 5468 
3 5467 5469 5468 
3 5468 5469 5470 
3 5472 5470 5469 
3 5469 5473 5472 
3 5469 5471 5473 
3 5450 5475 5449 
3 5450 5451 5475 
3 5447 5476 5451 
3 3734 5442 5477 
3 3734 3727 5442 
3 5443 5449 5463 
3 5449 5475 5463 
3 5476 5475 5451 
3 5462 5477 5442 
3 5475 5476 5478 
3 5462 5463 5477 
3 5475 5480 5463 
3 5475 5478 5480 
3 5463 5482 5477 
3 5463 5464 5482 
3 5463 5480 5464 
3 5478 5483 5480 
3 5482 5466 5477 
3 5466 5482 5464 
3 5481 5477 5484 
3 5484 5477 5466 
3 5464 5480 5465 
3 5480 5483 5465 
3 5466 5468 5487 
3 5466 5487 5484 
3 5483 5485 5465 
3 5483 5486 5485 
3 5465 5488 5467 
3 5465 5485 5488 
3 5485 5489 5488 
3 5486 5489 5485 
3 5468 5470 5487 
3 5467 5488 5469 
3 5488 5471 5469 
3 5488 5489 5471 
3 5490 5487 5470 
3 5470 5472 5490 
3 5471 5489 5491 
3 5473 5471 5491 
3 5491 5474 5473 
3 5491 5489 5474 
3 5489 2370 5474 
3 3734 5477 5457 
3 5447 5479 5476 
3 5492 5447 2360 
3 5479 5447 5492 
3 5481 5457 5477 
3 5478 5476 5483 
3 5479 5493 5476 
3 5479 5492 5493 
3 5492 2360 5493 
3 2360 5494 5493 
3 5458 5481 5495 
3 5458 5457 5481 
3 5476 5493 5483 
3 5493 5496 5483 
3 5494 5496 5493 
3 5481 5484 5497 
3 5496 5498 5483 
3 5487 5497 5484 
3 5483 5498 5486 
3 5498 2367 5486 
3 5499 5487 5490 
3 5489 5486 2370 
3 5486 2367 2370 
3 6501 5499 5490 
3 2367 2368 2370 
3 5495 5459 5458 
3 5495 5481 5500 
3 5495 5500 5459 
3 5496 5494 2360 
3 5481 5497 5500 
3 2360 2361 5496 
3 5496 2361 5498 
3 5487 5500 5497 
3 5498 2361 2367 
3 5499 5500 5487 
3 5499 6501 5501 
3 2532 5500 2533 
3 5499 2533 5500 
3 2533 5499 2534 
3 2534 5499 3834 
3 5499 5501 3834 
3 1279 533 534 
3 1279 534 5502 
3 534 536 5502 
3 536 534 535 
3 5505 536 5504 
3 5505 5503 536 
3 537 5504 536 
3 5505 5504 1979 
3 5504 537 1979 
3 5505 1979 5506 
3 5518 5506 540 
3 540 5506 5507 
3 1979 5508 5506 
3 1979 1990 5508 
3 6650 538 5509 
3 6650 539 538 
3 6650 540 539 
3 5507 541 540 
3 5507 5506 541 
3 5506 5508 541 
3 538 374 5509 
3 540 541 5510 
3 5508 1990 541 
3 1990 1999 541 
3 543 5510 541 
3 540 5510 546 
3 5510 543 546 
3 544 541 547 
3 544 547 548 
3 548 5511 541 
3 548 2004 5511 
3 541 5511 5512 
3 5511 2004 5512 
3 2482 550 551 
3 541 2482 551 
3 541 5512 2482 
3 5512 2004 2482 
3 2480 552 550 
3 550 2482 2480 
3 2020 2482 2004 
3 1286 1279 5502 
3 1286 5502 5513 
3 5513 5502 5514 
3 5502 536 5514 
3 5513 5514 5515 
3 5503 5514 536 
3 5503 5505 5514 
3 5505 5515 5514 
3 5517 5516 5518 
3 5515 5506 5516 
3 5505 5506 5515 
3 5517 540 6650 
3 5517 5518 540 
3 5516 5506 5518 
3 1286 5519 1289 
3 5513 5519 1286 
3 1289 5519 5516 
3 5515 5516 5513 
3 5516 5519 5513 
3 5520 5517 5521 
3 5520 1289 5517 
3 5517 1289 5516 
3 5522 5521 6650 
3 6650 5521 5517 
3 1287 1293 5520 
3 1293 1289 5520 
3 5523 1301 5521 
3 1301 5520 5521 
3 5522 5523 5521 
3 341 1312 5522 
3 1312 5523 5522 
3 5523 1312 1301 
3 5524 5412 1203 
3 5525 5412 5524 
3 5408 5412 5526 
3 5526 5413 5408 
3 5410 5527 5415 
3 5528 5413 5526 
3 5413 5529 5410 
3 5410 5529 5527 
3 5530 5415 5527 
3 5530 4289 5415 
3 5415 4289 4282 
3 1203 1214 5524 
3 5531 5525 5524 
3 5531 5526 5525 
3 5525 5526 5412 
3 5413 5528 5532 
3 5532 5528 5526 
3 5413 5532 5529 
3 5530 4292 4289 
3 5524 1214 5531 
3 5529 5533 5527 
3 5527 5533 5530 
3 1214 1231 5531 
3 5526 5531 1231 
3 5532 5526 1231 
3 5530 5533 4292 
3 1244 5534 1231 
3 5534 5535 1231 
3 1231 5535 5532 
3 5536 5529 5532 
3 5536 5533 5529 
3 5533 4306 4292 
3 5535 5534 5537 
3 5537 5534 1244 
3 5538 5535 5537 
3 5535 5538 5532 
3 5532 5538 5539 
3 5539 5538 5537 
3 5536 5532 5539 
3 5540 5536 5539 
3 5540 5541 5536 
3 5536 5541 5533 
3 5541 5542 5533 
3 5542 5543 5533 
3 4306 5533 5543 
3 5543 5544 4306 
3 4306 5544 4315 
3 5537 1244 5545 
3 5539 5537 5545 
3 5540 5539 5545 
3 5541 5540 5545 
3 1244 1259 5545 
3 5542 5541 5546 
3 5547 5542 5546 
3 5546 5548 5547 
3 5547 5548 5542 
3 5542 5548 5543 
3 5543 5548 5544 
3 5545 1259 1260 
3 5545 1260 5549 
3 5545 5549 5541 
3 5541 5549 5546 
3 5546 5549 5548 
3 103 5551 102 
3 102 5551 5550 
3 5553 5551 103 
3 3985 102 3389 
3 102 5552 3389 
3 3389 5552 3390 
3 102 5550 5552 
3 94 5554 103 
3 104 5554 94 
3 5552 3391 3390 
3 5552 5555 3391 
3 5556 5555 5552 
3 5550 5551 5557 
3 5552 5550 5557 
3 5552 5557 5558 
3 5556 5552 5558 
3 5551 5562 5557 
3 5553 5559 5551 
3 5562 5551 5559 
3 103 5554 5553 
3 104 2851 4171 
3 104 4171 5554 
3 5556 5561 5555 
3 3391 5555 5561 
3 5561 3403 3391 
3 5556 5558 5557 
3 5559 5553 5563 
3 5553 5564 5563 
3 5559 5563 5562 
3 5565 5554 5560 
3 5554 5565 5553 
3 5554 4175 5560 
3 5565 5560 4175 
3 5554 4171 4175 
3 5565 4175 4176 
3 5561 5556 5566 
3 5566 3403 5561 
3 5557 5566 5556 
3 5557 5562 5567 
3 5562 5563 5567 
3 5563 5564 5568 
3 5553 5565 5564 
3 5564 5565 5568 
3 5568 5565 4182 
3 5565 4176 4182 
3 5566 5557 3416 
3 3403 5566 3416 
3 5569 5557 5567 
3 3416 5557 5569 
3 5567 5563 5570 
3 5567 5570 5569 
3 5563 5568 5570 
3 5568 4186 5570 
3 5568 4182 4186 
3 5569 3422 3416 
3 5569 5571 5572 
3 3422 5569 5572 
3 5569 5570 4192 
3 5569 4192 5571 
3 5570 4186 4192 
3 4193 5571 4192 
3 3422 5572 3428 
3 5572 5571 3428 
3 3428 5571 4193 
3 3428 4193 4211 
3 3428 4211 3434 
3 5574 5573 5583 
3 5573 5576 5575 
3 5573 5574 5576 
3 5583 2595 5574 
3 5576 5577 5575 
3 5574 2595 735 
3 1265 5578 5579 
3 5580 5579 5578 
3 5581 5583 5573 
3 5582 5573 5584 
3 5584 5575 5585 
3 5575 5584 5573 
3 1280 5584 5586 
3 5584 5585 5586 
3 5586 5585 5575 
3 5578 1280 5586 
3 5575 5578 5586 
3 5578 1265 1280 
3 5594 5588 5573 
3 5588 5589 5573 
3 5589 5581 5573 
3 5589 5587 5581 
3 5587 5590 5581 
3 5594 5573 5582 
3 5581 5590 5583 
3 5590 2607 5583 
3 2607 2595 5583 
3 5594 5582 5591 
3 5582 5584 5591 
3 5593 1280 5592 
3 5592 5591 5593 
3 5591 1280 5593 
3 5584 1280 5591 
3 3886 3877 5588 
3 3877 3879 5588 
3 3879 5589 5588 
3 5587 5589 3878 
3 5589 3877 3878 
3 3878 5590 5587 
3 3878 3880 5590 
3 5594 3886 5588 
3 3880 2607 5590 
3 5591 5592 1291 
3 5592 1280 1291 
3 3885 3886 5594 
3 3884 3895 3880 
3 5595 3885 5594 
3 3880 3895 2607 
3 5591 5595 5594 
3 1294 5595 1291 
3 5595 5591 1291 
3 3901 3894 5595 
3 5595 3894 3885 
3 1303 3901 5595 
3 5595 1294 1303 
3 1303 394 3901 
3 9 5596 5597 
3 9 5597 12 
3 5596 5598 5597 
3 16 5596 9 
3 16 5599 5596 
3 5596 5599 5598 
3 5599 5600 5598 
3 5598 5600 5601 
3 5600 5602 5601 
3 5602 5600 5603 
3 12 5604 20 
3 12 5597 5604 
3 5597 5598 5604 
3 5598 5601 5604 
3 5602 5603 5601 
3 5603 5605 5601 
3 20 5604 21 
3 5601 5605 2190 
3 5604 5601 5611 
3 5601 2190 5611 
3 15 5606 16 
3 16 5606 5599 
3 5599 5606 5607 
3 5599 5607 5608 
3 5608 5600 5599 
3 5608 5603 5600 
3 5608 5609 5603 
3 5609 2199 5603 
3 5618 28 21 
3 5618 21 5604 
3 5610 5618 5604 
3 5604 5611 5610 
3 2190 5612 5611 
3 32 5606 15 
3 5606 32 5613 
3 5613 5607 5606 
3 5613 5614 5607 
3 5615 5607 5614 
3 5615 5608 5607 
3 5615 5616 5608 
3 5617 5608 5616 
3 5608 5617 5609 
3 5617 2205 5609 
3 5609 2205 2199 
3 5618 30 28 
3 5619 5618 5610 
3 5620 5610 5621 
3 5611 5621 5610 
3 5621 5611 2275 
3 5612 2275 5611 
3 5623 5615 5614 
3 5615 5624 5616 
3 5624 5625 5616 
3 5625 5617 5616 
3 5617 5626 2205 
3 5618 37 30 
3 37 5618 5627 
3 5627 5618 5619 
3 5619 5610 5627 
3 5627 5610 5628 
3 5628 5610 5620 
3 5628 5620 5629 
3 5620 5621 5629 
3 5629 5621 2275 
3 5622 5614 5613 
3 5623 5624 5615 
3 5625 5624 5617 
3 5617 5624 5626 
3 37 5627 5630 
3 5630 5627 5628 
3 5629 2280 5631 
3 2275 2280 5629 
3 32 41 5613 
3 5622 5613 41 
3 41 5632 5622 
3 5632 5614 5622 
3 5623 5614 5632 
3 5632 5624 5623 
3 5633 5638 5624 
3 5626 5624 5638 
3 5638 5634 5626 
3 5626 5634 2205 
3 5634 2211 2205 
3 40 37 5635 
3 46 40 5635 
3 5630 5635 37 
3 5635 5630 5628 
3 5635 5628 5629 
3 5629 5636 5635 
3 5631 5636 5629 
3 5635 5636 5631 
3 5635 5631 2280 
3 41 51 5632 
3 51 53 5632 
3 5624 5632 5633 
3 5633 5632 5637 
3 5638 5633 5637 
3 5632 53 5637 
3 5639 5638 5637 
3 5634 5638 5639 
3 53 46 5637 
3 5637 46 5640 
3 5637 5641 5639 
3 5634 5639 2215 
3 2211 5634 2215 
3 5640 5642 5637 
3 5637 5642 5641 
3 5640 46 5635 
3 5642 5640 5643 
3 5641 5642 5643 
3 5640 5635 5643 
3 5635 2280 5643 
3 5643 2280 2284 
3 2220 2215 5639 
3 5641 5644 5639 
3 5641 5643 5644 
3 5644 5643 2284 
3 5644 2284 5639 
3 5639 2284 5645 
3 5639 5645 2220 
3 5645 2284 2224 
3 5645 2224 2220 
3 2284 2286 2224 
3 2534 3834 2535 
3 5646 2535 3834 
3 3834 3835 5646 
3 3835 3836 5646 
3 5651 3836 5647 
3 5647 3836 3837 
3 3837 5651 5647 
3 5648 3837 3828 
3 3829 5649 5648 
3 3828 3829 5648 
3 3838 3830 5649 
3 3829 3838 5649 
3 3825 3839 3833 
3 3839 3840 5654 
3 3836 2535 5646 
3 5650 2535 3836 
3 5651 5650 3836 
3 3837 5652 5651 
3 5652 3837 5648 
3 5648 5649 5652 
3 5653 3830 3833 
3 5654 3833 3839 
3 5655 2547 2535 
3 5655 2535 5656 
3 2535 5650 5656 
3 5657 5651 5652 
3 5658 5652 5649 
3 5653 5659 3830 
3 3830 5659 5649 
3 5660 5653 3833 
3 5660 3833 5654 
3 5661 2547 5655 
3 5655 5656 5661 
3 5656 5650 5662 
3 5662 5650 5651 
3 5662 5651 5657 
3 5663 5657 5652 
3 5663 5652 5658 
3 5663 5658 5659 
3 5658 5649 5659 
3 5664 5659 5653 
3 5664 5653 5660 
3 1068 5665 5654 
3 5657 5666 5662 
3 5657 5663 5666 
3 5663 5667 5666 
3 5659 5667 5663 
3 5660 5659 5664 
3 5665 1068 1070 
3 5665 1070 5654 
3 2567 2547 5661 
3 5661 5656 5662 
3 5661 5662 5669 
3 5669 5662 5666 
3 5666 5667 5669 
3 5668 5667 5659 
3 5668 5659 5660 
3 5654 5670 5660 
3 5654 1070 5670 
3 2567 5661 5676 
3 5671 5661 5669 
3 5672 5669 5667 
3 5667 5673 5672 
3 5667 5668 5673 
3 5674 5668 5660 
3 5674 5673 5668 
3 5660 5670 1070 
3 5660 1070 1073 
3 5674 5660 1073 
3 2566 2567 5675 
3 5671 5676 5661 
3 5677 5669 5678 
3 5678 5669 5672 
3 5673 5679 5672 
3 5674 5680 5673 
3 5673 5680 5679 
3 5674 1074 5680 
3 5680 1074 5681 
3 5680 5681 5679 
3 5674 1073 1074 
3 5681 1074 5679 
3 5675 2567 5682 
3 5671 2567 5676 
3 5671 5669 5677 
3 5677 5678 5683 
3 5683 5678 5672 
3 5679 5684 5672 
3 5672 5684 5683 
3 5684 5679 5685 
3 5685 5679 1076 
3 1076 5679 1074 
3 2566 5686 2576 
3 2566 5675 5686 
3 5686 5675 5682 
3 5686 5682 2567 
3 5686 2567 5687 
3 5687 2567 5671 
3 5689 5688 5683 
3 5688 5677 5683 
3 5683 5684 5689 
3 1089 5685 1076 
3 2576 5686 5690 
3 2576 5690 2582 
3 5691 5687 5671 
3 5692 5671 5677 
3 5692 5677 5688 
3 5692 5688 5689 
3 5684 5685 1099 
3 1089 1099 5685 
3 5686 5687 5690 
3 5692 5690 5687 
3 5691 5692 5687 
3 5671 5692 5691 
3 5692 5689 5693 
3 5693 5689 5684 
3 5684 5694 5693 
3 5684 1099 5694 
3 1108 5694 1099 
3 2587 2582 5695 
3 2582 5690 5695 
3 5696 5690 5697 
3 5698 5697 5690 
3 5692 5698 5690 
3 5698 5692 5699 
3 5699 5692 5700 
3 5700 5692 5701 
3 5701 5692 5693 
3 5701 5693 5694 
3 5701 5694 1115 
3 1115 5694 1108 
3 2587 5695 5690 
3 5696 2587 5690 
3 2587 5696 5697 
3 5698 5702 5697 
3 5702 5698 5703 
3 5703 5698 5699 
3 5704 5699 5700 
3 5704 5700 5705 
3 5705 5700 5701 
3 5701 5706 5705 
3 5706 1115 1124 
3 5701 1115 5706 
3 2891 2587 5707 
3 2587 5708 5707 
3 5708 2587 2892 
3 2892 2587 5697 
3 2893 2892 5697 
3 5702 2893 5697 
3 2893 5702 2894 
3 2894 5702 5703 
3 5699 5709 5703 
3 5709 5699 5704 
3 5709 5704 5705 
3 5709 5705 5710 
3 5706 5710 5705 
3 1131 5706 1124 
3 5706 1131 5710 
3 2587 2594 2590 
3 2587 2891 2594 
3 2892 2891 5707 
3 5708 2892 5707 
3 2895 2894 5703 
3 5703 5709 2895 
3 2897 2895 5709 
3 5710 2897 5709 
3 2897 5710 2898 
3 2898 1131 236 
3 2898 5710 1131 
3 4485 5223 5711 
3 5223 5228 5711 
3 5711 5228 5232 
3 5711 4503 4485 
3 4503 5711 5713 
3 5711 5232 5713 
3 5713 5232 5712 
3 1207 4515 4503 
3 5713 1207 4503 
3 5241 5713 5712 
3 5714 5713 5241 
3 2434 2441 2433 
3 3945 3950 5715 
3 2441 5715 2449 
3 2449 5715 2456 
3 5716 5056 5055 
3 5056 5716 5717 
3 5056 5717 5718 
3 5059 5716 5055 
3 5718 5717 5720 
3 5718 5720 5719 
3 5721 5716 5059 
3 5717 5716 5721 
3 5720 5717 5721 
3 5722 5719 5720 
3 5073 5721 5059 
3 5073 5720 5721 
3 5722 1217 5719 
3 1217 1196 5719 
3 5073 5091 5720 
3 5720 5091 1221 
3 5722 5720 1221 
3 1221 1222 5722 
3 1217 5722 1222 
3 3890 2612 3895 
3 5725 5723 3899 
3 3899 5723 3890 
3 3890 5724 2612 
3 2612 5724 2621 
3 5723 5726 3890 
3 5724 3890 5726 
3 5726 5727 5724 
3 2621 5724 5727 
3 5723 5725 5726 
3 5725 3924 5728 
3 5726 5725 5728 
3 2621 5727 5726 
3 5728 3924 5732 
3 5728 5732 5729 
3 5726 5728 5729 
3 2621 5726 5730 
3 5730 5731 2621 
3 5726 5729 5730 
3 2621 5731 2635 
3 3137 5732 3924 
3 5124 5729 5732 
3 5124 5730 5729 
3 5731 5730 5125 
3 5731 5125 2635 
3 5124 5732 3137 
3 5124 5125 5730 
3 3512 2635 5125 
3 5733 2161 2158 
3 5734 2161 5733 
3 2161 5734 2154 
3 5734 2162 2154 
3 1356 5736 1357 
3 2164 1357 5736 
3 2164 5737 2163 
3 2163 5737 2158 
3 2158 5737 5733 
3 5733 5738 5734 
3 5738 5739 5734 
3 5739 2162 5734 
3 5739 5740 2162 
3 5740 5735 2162 
3 3072 3080 5736 
3 3072 5736 1356 
3 5736 3080 5741 
3 5736 5741 2164 
3 5742 5741 3080 
3 2164 5741 5742 
3 5742 5743 2164 
3 2164 5743 5737 
3 5743 5744 5737 
3 5744 5733 5737 
3 5745 5738 5733 
3 5738 5745 5739 
3 3080 5746 5742 
3 5742 5746 5747 
3 5747 5743 5742 
3 5743 5733 5744 
3 5733 5743 5748 
3 5745 5733 5748 
3 3080 5749 5746 
3 5747 5749 5750 
3 5746 5749 5747 
3 5747 5750 5743 
3 5751 5743 5750 
3 5751 5752 5743 
3 5752 5748 5743 
3 5748 5739 5745 
3 5739 5753 5740 
3 5739 5748 5753 
3 5750 5752 5751 
3 5754 5748 5752 
3 5748 5754 5755 
3 5757 5758 5750 
3 5758 5752 5750 
3 5752 5758 5754 
3 5755 5754 5759 
3 5755 5764 5748 
3 5764 5753 5748 
3 5764 5756 5753 
3 5760 5756 5764 
3 3094 5761 5749 
3 5761 5750 5749 
3 5761 5757 5750 
3 5757 5762 5758 
3 5762 5754 5758 
3 5762 5759 5754 
3 5759 5763 5755 
3 5763 5764 5755 
3 5760 5764 5765 
3 1429 3094 1428 
3 5761 3094 1429 
3 1431 5761 1429 
3 5757 5761 1431 
3 1434 5757 1431 
3 1434 5762 5757 
3 1435 5766 1434 
3 1434 5766 5762 
3 5766 5759 5762 
3 5763 5759 1435 
3 1435 5759 5766 
3 1438 5764 5763 
3 1435 1438 5763 
3 1439 5764 1438 
3 1439 997 5764 
3 5764 997 5765 
3 4708 5769 4710 
3 5768 5771 4708 
3 4708 5771 5772 
3 5771 5773 5772 
3 5769 4708 5770 
3 4708 5772 5770 
3 5772 5773 5770 
3 5773 5771 5770 
3 5771 5774 5770 
3 5769 4716 4710 
3 5774 5771 5775 
3 5771 5779 5775 
3 5769 5776 4716 
3 5770 5776 5769 
3 5770 5774 5777 
3 5774 5775 5777 
3 5779 5778 5775 
3 5776 5770 4716 
3 5779 5780 5778 
3 4716 5770 4717 
3 5775 5778 5777 
3 5770 5777 5783 
3 5778 5781 5777 
3 5780 5782 5778 
3 4717 5770 4722 
3 5770 5783 4722 
3 5777 5781 5784 
3 5781 5778 5784 
3 5778 5782 5784 
3 5784 5782 5785 
3 4722 5783 5786 
3 5783 5777 5786 
3 5777 5784 5786 
3 5787 5779 5771 
3 5780 5779 5788 
3 5780 5788 5789 
3 5782 5780 5789 
3 5788 5791 5789 
3 5789 5791 5790 
3 5785 5782 5789 
3 5789 5790 5785 
3 5788 5792 5791 
3 4727 4722 5793 
3 5793 4722 5794 
3 5786 5794 4722 
3 5785 5795 5784 
3 5785 5790 5795 
3 5790 5796 5795 
3 5790 5791 5796 
3 5791 5792 5796 
3 5794 5786 5797 
3 5797 5786 5798 
3 5795 5786 5784 
3 5796 5792 5799 
3 5786 5800 5798 
3 5786 5795 5800 
3 5795 5796 5801 
3 5796 5802 5801 
3 5796 5799 5802 
3 5799 4486 5802 
3 5798 5800 5803 
3 5803 5800 5795 
3 5801 5802 5795 
3 5771 5805 5787 
3 5787 5805 5806 
3 5779 5787 5806 
3 5806 5788 5779 
3 5807 5788 5806 
3 5788 5807 5810 
3 5810 5792 5788 
3 5797 5793 5794 
3 5808 5798 5803 
3 5804 5809 5771 
3 5771 5809 5805 
3 5054 5807 5806 
3 5807 5056 5810 
3 5807 5054 5056 
3 4577 4727 5793 
3 5793 5797 4577 
3 5057 4577 5797 
3 5057 5797 5798 
3 5804 3844 5050 
3 5809 5804 5050 
3 5809 5050 5805 
3 5805 5050 5051 
3 5805 5051 5806 
3 5051 5052 5806 
3 5052 5054 5806 
3 4891 5057 5798 
3 4891 5798 5808 
3 4996 4997 4995 
3 5811 5001 5000 
3 5811 5000 4998 
3 5812 5814 4996 
3 5812 5813 5814 
3 4996 5814 4997 
3 5814 5815 4997 
3 5814 5813 5815 
3 4997 5816 4998 
3 4997 5815 5816 
3 5816 5815 5817 
3 4998 5816 5811 
3 5816 5817 5818 
3 5818 5811 5816 
3 5817 5819 5818 
3 5818 5820 5811 
3 5811 5820 5001 
3 5003 5821 5812 
3 5812 5821 5813 
3 5821 5822 5813 
3 5815 5813 5822 
3 5825 5815 5822 
3 5822 5823 5825 
3 5823 5824 5825 
3 5825 5824 5826 
3 5827 5815 5825 
3 5817 5815 5827 
3 5825 5826 5827 
3 5826 5824 5827 
3 5817 5827 5819 
3 5827 5829 5819 
3 5828 5829 5827 
3 5818 5819 5820 
3 5819 5829 5820 
3 5831 5003 5830 
3 5003 5831 5821 
3 5831 5832 5821 
3 5832 5833 5821 
3 5833 5834 5821 
3 5823 5821 5834 
3 5822 5821 5823 
3 5834 5835 5823 
3 5823 5836 5824 
3 5823 5835 5836 
3 5836 5837 5824 
3 5824 5837 5827 
3 5828 5827 5837 
3 5837 5838 5828 
3 5828 5838 5829 
3 5840 5841 5833 
3 5833 5841 5834 
3 5835 5842 5836 
3 5836 5843 5837 
3 5843 5844 5837 
3 5837 5844 5845 
3 5837 5845 5838 
3 5838 5845 5829 
3 5829 5845 5839 
3 5841 5840 5846 
3 5846 5847 5841 
3 5848 5841 5847 
3 5841 5849 5834 
3 5835 5834 5849 
3 5850 5836 5842 
3 5843 5836 5850 
3 5843 5850 5844 
3 5839 5845 5852 
3 5845 5851 5852 
3 5848 5854 5853 
3 5854 5855 5853 
3 5849 5841 5848 
3 5848 5853 5849 
3 5853 5856 5857 
3 5853 5858 5849 
3 5858 5835 5849 
3 5858 5842 5835 
3 5850 5842 5858 
3 5859 5845 5844 
3 5851 5845 5859 
3 5851 5859 5852 
3 5855 5860 5853 
3 5853 5860 5856 
3 5860 5861 5856 
3 5856 5861 5857 
3 5853 5857 5858 
3 5857 5862 5858 
3 5862 5857 5861 
3 5863 5864 5850 
3 5858 5863 5850 
3 5864 5865 5850 
3 5850 5865 5844 
3 5859 5844 5865 
3 5867 5861 5860 
3 5868 5862 5867 
3 5862 5861 5867 
3 5862 5868 5858 
3 5858 5868 5863 
3 5865 5864 5869 
3 5859 5865 5869 
3 5866 5859 5869 
3 5869 5870 5866 
3 5870 2089 5866 
3 2669 5871 2667 
3 2669 2674 5871 
3 5871 5873 2667 
3 5871 2674 5873 
3 2674 5872 5873 
3 2667 5873 5874 
3 5874 5873 5875 
3 5872 2674 5881 
3 5872 5881 5876 
3 5872 5877 5873 
3 5872 5876 5877 
3 5878 5875 5873 
3 5877 5878 5873 
3 5875 5878 5879 
3 5878 5880 5879 
3 5876 5881 4661 
3 5877 5876 5882 
3 5876 4661 5882 
3 5877 5882 5878 
3 5878 5883 5880 
3 5878 5882 5883 
3 5880 2236 5879 
3 5884 2236 5880 
3 5880 5883 5884 
3 5881 2682 4660 
3 5881 4660 4661 
3 5882 4662 5883 
3 5882 4661 4662 
3 4662 5884 5883 
3 2236 5884 4663 
3 5884 4662 4664 
3 4663 5884 4664 
3 2267 3446 1187 
3 3446 2267 5885 
3 2267 2272 5885 
3 2272 2268 5885 
3 5885 2268 5886 
3 2268 2273 5887 
3 2273 5888 5887 
3 5889 3446 5885 
3 5890 5885 5886 
3 5886 2268 5887 
3 5889 5885 5890 
3 5891 5886 5887 
3 5887 5888 5892 
3 5888 2273 5892 
3 2273 4585 5892 
3 5891 5887 5893 
3 5894 3451 3446 
3 5889 5894 3446 
3 5891 5893 5895 
3 5895 5893 5896 
3 5893 5887 5896 
3 5887 5892 5896 
3 3464 3451 5894 
3 5889 5897 5894 
3 5897 5889 5890 
3 5898 5886 5891 
3 5899 5892 4585 
3 5898 5891 5895 
3 5896 5892 5899 
3 3464 5894 5900 
3 5894 5897 5900 
3 5897 5890 5901 
3 5901 5890 5902 
3 5890 5886 5902 
3 5902 5886 5898 
3 5899 4585 4612 
3 5898 5903 5902 
3 5898 5895 5903 
3 5904 5903 5895 
3 5896 5904 5895 
3 5899 5904 5896 
3 3476 3464 5900 
3 5897 5905 5900 
3 5906 5905 5897 
3 5897 5901 5906 
3 5906 5901 5902 
3 5900 3480 3476 
3 3480 5900 5905 
3 5907 3480 5905 
3 5905 5906 5907 
3 5907 5906 5910 
3 5902 5910 5906 
3 5911 5910 5902 
3 5903 5911 5902 
3 5911 5903 4612 
3 5904 4612 5903 
3 5899 4612 5904 
3 3480 5907 5908 
3 5909 5908 5907 
3 5910 5909 5907 
3 4612 5912 5911 
3 3487 3480 5913 
3 3480 5908 5913 
3 5908 5909 5910 
3 5912 5914 5911 
3 5915 5914 5912 
3 4612 5915 5912 
3 3491 5908 5916 
3 5908 5910 5916 
3 5910 5911 5916 
3 5916 5911 5917 
3 5911 5914 5917 
3 5913 3491 3487 
3 5908 3491 5913 
3 5917 5914 5918 
3 5919 5916 5920 
3 5920 5916 5923 
3 5919 3495 5916 
3 5916 3495 3491 
3 5917 5923 5916 
3 5923 5917 5921 
3 5918 5921 5917 
3 5921 5914 5924 
3 5918 5914 5921 
3 5914 5915 5924 
3 5920 5922 5919 
3 5923 5922 5920 
3 5923 5921 5924 
3 5925 5915 4638 
3 5915 5925 5924 
3 3495 5919 3500 
3 3500 5922 5926 
3 5919 5922 3500 
3 5928 5923 5924 
3 4638 5924 5925 
3 1922 5927 3500 
3 5926 1922 3500 
3 5922 1922 5926 
3 1922 5922 5928 
3 5928 5922 5923 
3 5928 5930 5929 
3 5929 5930 5924 
3 5924 4638 5929 
3 5924 5930 5928 
3 5928 5929 1918 
3 5929 1921 1918 
3 5927 1919 3500 
3 5927 1922 1919 
3 5928 1920 1922 
3 4638 1921 5929 
3 5931 5932 5934 
3 5933 5931 5934 
3 5933 5934 5935 
3 5935 5936 5933 
3 5933 5936 5937 
3 5939 5935 5934 
3 5941 5942 5939 
3 5942 5935 5939 
3 5935 5937 5936 
3 5935 5944 5937 
3 744 5938 5943 
3 744 5943 5950 
3 5941 5945 5942 
3 5945 5946 5942 
3 5942 5947 5935 
3 5947 5944 5935 
3 5940 5937 5944 
3 5944 5950 5940 
3 5950 5938 5940 
3 5943 5938 5950 
3 5946 5948 5942 
3 5948 5947 5942 
3 5947 5949 5944 
3 5944 5949 5951 
3 5951 5955 5944 
3 5955 5952 5944 
3 5952 5950 5944 
3 5946 5953 5948 
3 5953 5954 5948 
3 5948 5954 5947 
3 5954 5951 5947 
3 5949 5947 5951 
3 5957 744 5950 
3 5950 5952 5955 
3 5953 5956 5954 
3 5951 5954 5956 
3 5950 5955 5960 
3 5950 5960 5957 
3 5955 5951 5958 
3 5951 5956 5959 
3 5956 5953 5959 
3 5951 5961 5958 
3 5959 5962 5961 
3 5961 5951 5959 
3 763 756 5957 
3 5960 5955 5963 
3 5963 5958 5964 
3 5955 5958 5963 
3 5965 5966 5961 
3 5964 5961 5966 
3 5958 5961 5964 
3 5965 5962 5967 
3 5961 5962 5965 
3 5968 770 5957 
3 770 763 5957 
3 5968 5957 5969 
3 5963 5970 5960 
3 5970 5969 5960 
3 5960 5969 5957 
3 5971 5972 5964 
3 5964 5972 5963 
3 5973 5966 5965 
3 5966 5973 5964 
3 5973 5971 5964 
3 5967 5974 5965 
3 5974 5973 5965 
3 5968 5975 770 
3 5968 5969 5976 
3 5977 5963 5972 
3 5963 5977 5970 
3 5972 5971 5973 
3 5978 5973 5974 
3 5975 5968 784 
3 770 5975 784 
3 5968 5979 784 
3 5968 5976 5979 
3 5969 5970 5976 
3 5972 5973 5980 
3 5977 5972 5980 
3 784 5979 5976 
3 5976 5970 5981 
3 5981 784 5976 
3 5977 5982 5970 
3 5977 5980 5982 
3 5970 330 5981 
3 330 331 5981 
3 331 784 5981 
3 5970 5982 332 
3 5970 332 330 
3 5983 1398 3330 
3 5984 5986 5983 
3 5986 5987 5983 
3 5985 5983 5987 
3 5988 5989 5986 
3 3337 5983 3330 
3 3337 5993 5984 
3 5983 3337 5984 
3 5984 5993 5994 
3 5995 5986 5994 
3 5986 5984 5994 
3 5996 5995 5997 
3 5988 5986 5996 
3 5996 5986 5995 
3 5997 5990 5996 
3 5988 5996 5990 
3 5990 5997 5991 
3 5992 5991 5998 
3 3337 6000 5993 
3 5994 5993 6000 
3 6000 5995 5994 
3 6000 6001 5995 
3 5997 5995 6001 
3 6001 6002 5997 
3 5997 6002 5991 
3 5992 5998 6003 
3 6003 6004 5999 
3 5992 6003 5999 
3 3337 3353 3356 
3 3356 6000 3337 
3 3356 6005 6000 
3 6001 6000 6005 
3 6006 6001 6005 
3 6007 6001 6006 
3 6001 6007 6002 
3 6007 5991 6002 
3 6007 5998 5991 
3 6003 5998 6008 
3 6009 6008 6010 
3 6009 6003 6008 
3 6003 6009 6004 
3 3356 6013 6005 
3 6006 6005 6013 
3 6013 6014 6006 
3 6006 6014 6007 
3 6014 6015 6016 
3 6014 6016 6007 
3 5998 6007 6016 
3 5998 6016 6008 
3 6017 6011 6016 
3 6016 6011 6010 
3 6010 6008 6016 
3 6011 6012 6010 
3 6017 3594 6011 
3 3363 6018 3356 
3 3356 6018 6013 
3 6018 6019 6013 
3 6020 6021 6019 
3 6019 6021 6013 
3 6023 6020 6022 
3 6023 6021 6020 
3 5310 5311 5312 
3 5310 5312 6022 
3 6022 5312 6024 
3 6023 6022 6025 
3 6022 6024 6025 
3 6023 6025 6021 
3 6025 6014 6021 
3 6013 6021 6014 
3 5312 6026 6024 
3 6024 6026 6027 
3 6024 6027 6025 
3 6028 6026 5312 
3 6028 6027 6026 
3 6025 6027 6015 
3 6015 6014 6025 
3 5312 5315 6028 
3 6028 6029 6027 
3 6027 6029 6015 
3 6015 6029 6030 
3 6028 5315 6031 
3 6028 6031 6029 
3 6029 6031 6017 
3 6029 6017 6030 
3 6030 6017 6016 
3 6016 6015 6030 
3 5315 5319 6031 
3 6031 5319 6017 
3 3594 6017 5319 
3 3367 6032 3363 
3 3363 6032 6018 
3 6032 6033 6018 
3 6018 6033 6019 
3 5321 6019 6033 
3 5310 6022 5321 
3 6020 6019 6022 
3 6022 6019 5321 
3 3367 3370 6032 
3 6033 6032 6034 
3 6034 5321 6033 
3 3371 5334 3370 
3 6035 3370 5334 
3 3370 6035 6032 
3 5334 5335 6036 
3 5334 6036 6035 
3 6035 6036 6034 
3 6035 6034 6032 
3 5335 5336 6036 
3 6036 5336 6034 
3 5321 6034 5336 
3 2834 2836 6037 
3 2836 2837 6037 
3 6037 2837 6038 
3 2837 2838 6038 
3 2831 6038 2838 
3 4857 6038 2831 
3 4857 2831 2832 
3 2841 2839 2840 
3 2841 2843 6039 
3 2843 2845 6039 
3 6039 2845 6040 
3 6040 2845 2834 
3 6037 6040 2834 
3 6040 6041 6039 
3 6037 6041 6040 
3 6037 6042 6041 
3 6037 6043 6042 
3 6037 6038 6043 
3 6038 6044 6043 
3 4857 6044 6038 
3 2839 2841 6045 
3 2841 6046 6045 
3 4857 4861 6044 
3 6047 2841 6039 
3 6049 6048 6045 
3 6045 6046 6049 
3 6050 6049 2841 
3 2841 6049 6046 
3 6050 2841 6051 
3 6051 2841 6047 
3 6047 6039 6051 
3 6039 6041 6051 
3 6041 6042 6051 
3 6043 6052 6042 
3 6044 6052 6043 
3 6050 6053 6049 
3 6051 6054 6050 
3 6054 6053 6050 
3 6055 6054 6051 
3 6042 6055 6051 
3 6056 6055 6042 
3 6052 6056 6042 
3 6049 6053 6048 
3 6054 6057 6053 
3 6055 6057 6054 
3 6052 6058 6056 
3 6059 6058 6052 
3 6052 4876 6059 
3 6044 4876 6052 
3 4650 4651 4652 
3 4652 6060 4648 
3 4649 4653 4878 
3 6053 6061 6048 
3 6062 6061 6053 
3 6057 6062 6053 
3 6063 6062 6057 
3 6055 6063 6057 
3 6056 6063 6055 
3 6063 6056 6064 
3 6056 6058 6064 
3 6065 6064 6058 
3 6059 6065 6058 
3 4876 6065 6059 
3 6065 4876 6066 
3 6066 4876 4882 
3 4651 6067 4652 
3 4652 6070 6060 
3 6060 6068 4653 
3 4653 6068 4879 
3 4653 4879 4878 
3 4879 6068 4885 
3 6061 6062 6071 
3 6062 6072 6071 
3 6073 6072 6062 
3 6063 6073 6062 
3 6074 6073 6063 
3 6064 6074 6063 
3 6066 4882 4889 
3 6064 6075 6074 
3 6076 6075 6064 
3 6065 6076 6064 
3 6065 6077 6076 
3 6065 6066 4889 
3 6077 6065 4889 
3 6070 4652 6069 
3 4652 6067 6078 
3 4652 6078 6079 
3 4652 6079 6069 
3 6069 6079 6070 
3 6070 6079 6080 
3 6060 6070 6080 
3 6068 6060 6080 
3 6068 6080 6081 
3 4885 6068 6081 
3 4890 6082 4889 
3 6077 4889 6082 
3 6071 6072 6083 
3 6072 6084 6083 
3 6073 6084 6072 
3 6074 6084 6073 
3 6085 6084 6074 
3 6075 6085 6074 
3 6076 6077 6082 
3 6076 6082 6086 
3 6088 6075 6076 
3 6079 6078 7305 
3 6079 6100 6080 
3 6079 7305 6089 
3 6100 6090 6080 
3 6080 6090 6081 
3 6081 6090 6102 
3 6081 6102 6091 
3 4885 6081 6091 
3 4885 6091 4890 
3 6091 6092 6082 
3 4890 6091 6082 
3 6094 6092 6091 
3 6093 6092 6094 
3 6093 6082 6092 
3 6093 6094 6082 
3 6082 6094 6086 
3 6088 6076 6095 
3 6095 6076 6086 
3 6094 6095 6086 
3 6083 6087 6096 
3 6087 6083 6097 
3 6087 6097 6096 
3 6083 6084 6097 
3 6098 6097 6085 
3 6085 6097 6084 
3 6098 6075 6099 
3 6098 6085 6075 
3 6075 6088 6099 
3 6088 6095 6099 
3 6079 6089 6100 
3 7305 6101 6089 
3 6090 6100 6102 
3 6102 6103 6091 
3 6091 6103 6094 
3 6094 6103 6104 
3 6104 6103 6095 
3 6103 6105 6095 
3 6104 6095 6094 
3 6099 6105 6106 
3 6105 6099 6095 
3 6096 6097 6107 
3 6107 6097 2167 
3 2165 2167 6097 
3 6098 2165 6097 
3 6098 2166 2165 
3 6098 6099 2166 
3 2166 6099 6106 
3 6109 6089 6101 
3 6100 6089 6109 
3 6101 6108 6109 
3 6100 6109 6102 
3 6103 6102 6110 
3 6111 6102 6109 
3 6102 6111 6110 
3 6103 6110 6105 
3 6113 6106 6111 
3 6106 6110 6111 
3 6106 6105 6110 
3 6112 6107 2168 
3 2168 6107 2167 
3 2166 6113 2170 
3 6106 6113 2166 
3 6109 6108 6112 
3 6114 6109 6112 
3 6109 6114 2170 
3 6111 6109 6113 
3 6113 6109 2170 
3 6112 2168 6114 
3 6114 2168 2169 
3 2170 6114 2169 
3 6117 6118 2088 
3 6120 6119 6116 
3 6116 6121 6117 
3 6117 2740 6118 
3 2740 2088 6118 
3 6117 6121 6122 
3 2741 2740 6117 
3 6119 6120 6123 
3 6123 6116 6119 
3 6122 6121 6124 
3 6124 6117 6122 
3 3518 6120 6115 
3 6120 6125 6123 
3 6126 6121 6116 
3 6128 6124 6127 
3 6127 6124 6121 
3 6128 2741 6117 
3 6128 6117 6124 
3 3518 6131 6120 
3 6120 6131 6125 
3 6123 6126 6116 
3 6123 6121 6126 
3 6121 6129 6127 
3 3527 6130 3528 
3 6130 3518 3528 
3 6131 3518 6130 
3 6123 6125 6131 
3 6133 6121 6123 
3 6127 6129 6128 
3 3543 6130 3527 
3 3543 6131 6130 
3 6133 6131 3543 
3 6133 6123 6131 
3 6135 6132 6129 
3 6129 6132 6128 
3 6128 6132 2754 
3 2749 2745 6128 
3 2754 2749 6128 
3 6121 6134 6135 
3 6133 6134 6121 
3 6135 6129 6121 
3 6137 6132 6136 
3 6132 6135 6136 
3 2757 2753 6137 
3 2753 6132 6137 
3 2754 6132 2753 
3 3543 3542 6140 
3 6133 6138 6139 
3 6134 6139 6135 
3 6139 6134 6133 
3 6136 2757 6137 
3 3557 6140 3542 
3 6138 6133 3543 
3 6141 6135 6139 
3 2757 6136 2774 
3 6141 2774 6136 
3 6135 6141 6136 
3 6138 6140 6142 
3 6140 6138 3543 
3 6139 6142 6143 
3 6138 6142 6139 
3 2774 6141 6143 
3 6143 6141 6139 
3 6140 3557 6144 
3 6145 6142 6140 
3 2806 6143 6146 
3 6143 6147 6146 
3 6147 6143 6145 
3 6143 6142 6145 
3 6143 2806 2774 
3 3557 3566 6144 
3 2806 6146 6148 
3 6148 6146 6149 
3 6145 6140 6144 
3 6149 6146 6147 
3 6149 6147 6150 
3 6147 6145 6150 
3 2819 6152 6151 
3 2818 6152 2819 
3 6151 6152 6153 
3 2818 2806 6152 
3 6153 6152 6148 
3 6152 2806 6148 
3 6153 6148 6154 
3 6154 6148 6149 
3 6149 6155 6154 
3 6145 6144 6156 
3 6157 6155 6149 
3 6157 6149 6150 
3 6150 6145 6156 
3 6151 2833 2819 
3 6151 6153 2833 
3 6153 6154 2833 
3 6144 4856 4858 
3 3566 4856 6144 
3 2833 6154 4859 
3 6144 4858 6156 
3 4858 4860 6156 
3 4859 6154 4862 
3 4862 6155 6157 
3 4862 6154 6155 
3 6157 6150 4862 
3 4862 6150 4863 
3 4863 6150 6156 
3 4860 4863 6156 
3 1521 559 1516 
3 572 566 6158 
3 559 6158 566 
3 1523 1525 6159 
3 6159 1521 1523 
3 559 6159 6158 
3 1521 6159 559 
3 579 572 6158 
3 1525 1527 6160 
3 6160 6164 1525 
3 6161 6159 6164 
3 6164 6159 1525 
3 6161 6158 6159 
3 6158 6161 6162 
3 588 579 6158 
3 1528 6164 1527 
3 6164 6160 1527 
3 6161 6163 6162 
3 6162 588 6158 
3 1381 6164 1528 
3 6165 6161 6164 
3 6161 6165 6163 
3 6163 6166 6162 
3 6167 588 6166 
3 6166 588 6162 
3 1386 6168 1381 
3 1381 6168 6164 
3 6165 6164 6169 
3 6165 6170 6163 
3 6163 6170 6166 
3 6171 6172 6167 
3 6171 6167 6166 
3 6171 6166 6170 
3 6172 588 6167 
3 6168 1386 1394 
3 1394 6164 6168 
3 5985 6164 1394 
3 5985 6169 6164 
3 5985 6173 6169 
3 6169 6173 6165 
3 6165 6173 6170 
3 6172 6171 608 
3 602 588 6172 
3 602 6172 608 
3 5983 1394 1398 
3 5985 1394 5983 
3 5987 5986 5985 
3 5986 5989 5985 
3 6173 5989 5988 
3 5989 6173 5985 
3 5990 6173 5988 
3 5990 5991 6173 
3 5991 6170 6173 
3 5991 5992 6170 
3 6170 5992 6171 
3 608 5992 5999 
3 6171 5992 608 
3 5933 5937 6174 
3 6175 5938 744 
3 5940 6175 5937 
3 5938 6175 5940 
3 6177 6178 6176 
3 6176 6178 5945 
3 5946 5945 6179 
3 5945 6178 6179 
3 6179 5953 5946 
3 6178 6180 6179 
3 6180 5953 6179 
3 6182 6178 6181 
3 6178 6177 6181 
3 6178 6182 6180 
3 6180 5959 5953 
3 6183 6180 6182 
3 6183 6182 6184 
3 5962 5959 6183 
3 5959 6180 6183 
3 6185 6183 6184 
3 5967 6183 6186 
3 5967 5962 6183 
3 6186 6183 6185 
3 6186 6185 6187 
3 5967 6186 6188 
3 5967 6188 5974 
3 6188 6186 6187 
3 5974 6188 5978 
3 5973 5978 5980 
3 5978 6189 5980 
3 6189 5982 5980 
3 6189 6191 5982 
3 6191 6189 6192 
3 6188 6193 5978 
3 5978 6193 6189 
3 6189 6193 6192 
3 6188 6190 6193 
3 332 5982 6194 
3 5982 6191 6195 
3 6195 6196 5982 
3 6191 6192 6195 
3 6195 6192 6198 
3 6193 6199 6197 
3 6193 6197 6192 
3 6192 6197 6198 
3 6201 6202 6200 
3 6205 6206 6201 
3 6202 6201 6206 
3 6202 6206 6200 
3 6206 1683 6200 
3 6203 6207 6204 
3 6204 6207 6208 
3 6209 6204 6208 
3 6205 6204 6209 
3 6210 1683 6206 
3 6203 1609 6211 
3 6207 6203 6211 
3 6211 6212 6207 
3 6207 6212 6208 
3 6212 6209 6208 
3 6209 6206 6205 
3 6209 6216 6206 
3 6216 6213 6206 
3 6213 6210 6206 
3 1683 6210 6213 
3 1683 6213 6214 
3 6216 6209 6212 
3 6216 6214 6213 
3 6215 6212 6211 
3 6212 6217 6216 
3 1696 1683 6214 
3 6212 6215 6218 
3 6217 6212 6218 
3 6219 6216 6217 
3 6219 1333 6216 
3 1333 6214 6216 
3 1333 1696 6214 
3 1333 1699 1696 
3 6218 6215 1332 
3 1332 6217 6218 
3 1332 1333 6217 
3 1333 6219 6217 
3 1334 1336 1333 
3 1336 1699 1333 
3 3632 3657 3654 
3 6220 3670 3654 
3 6221 3654 3657 
3 3658 6221 3657 
3 6220 3654 6222 
3 3654 6223 6222 
3 3654 6221 6223 
3 6221 3658 6223 
3 3658 5253 6223 
3 6222 6223 5253 
3 3670 3676 3669 
3 3670 6229 3676 
3 6220 6229 3670 
3 3676 6229 6230 
3 6220 6224 6229 
3 6220 6222 6224 
3 6230 6229 6231 
3 6229 6224 6225 
3 6222 5253 6232 
3 5253 5254 6232 
3 6229 6225 6231 
3 6224 6222 6225 
3 6222 6227 6225 
3 6233 6227 6222 
3 6222 6232 6233 
3 6231 6234 6230 
3 6225 6226 6231 
3 6227 6233 6235 
3 6232 6235 6233 
3 6226 6236 6231 
3 6226 6225 6236 
3 6227 6228 6225 
3 6227 6235 6228 
3 6234 6231 6238 
3 6231 6236 6238 
3 6225 6239 6236 
3 6225 6228 6239 
3 6228 6240 6239 
3 6228 6235 6240 
3 6235 6241 6240 
3 6238 6237 6234 
3 6239 6240 6236 
3 6241 6242 6240 
3 6241 6243 6242 
3 6238 6236 6246 
3 6245 6244 6238 
3 6240 6242 6247 
3 6248 6245 6238 
3 6238 6246 6248 
3 6240 6247 6249 
3 6242 6250 6247 
3 6242 6243 6250 
3 6243 5261 6250 
3 6247 6251 6249 
3 5261 6252 6250 
3 6252 6253 6250 
3 3676 3986 3678 
3 3676 6230 3986 
3 3986 6230 3987 
3 6230 6234 3987 
3 6232 6254 6235 
3 5271 6254 6232 
3 5254 5271 6232 
3 3987 6234 6255 
3 6234 6237 6255 
3 6235 6254 6241 
3 6237 6256 6255 
3 6237 6238 6256 
3 6241 6254 6243 
3 6254 5271 6243 
3 5271 5261 6243 
3 6256 6238 6257 
3 6238 6244 6257 
3 6244 6245 6257 
3 6236 6258 6246 
3 6236 6240 6258 
3 6258 6249 6246 
3 6240 6249 6258 
3 6248 6259 6245 
3 6248 6246 6259 
3 6246 6249 6260 
3 6249 6261 6260 
3 6252 5261 5276 
3 6246 6260 6259 
3 6249 6262 6261 
3 6251 6262 6249 
3 6263 6251 6247 
3 6250 6263 6247 
3 6250 6253 6263 
3 5276 5283 6252 
3 6260 6264 6259 
3 6260 6261 6264 
3 6262 3682 6261 
3 6262 6251 3682 
3 6251 3684 3682 
3 6251 6263 3684 
3 6253 6265 6263 
3 6265 3684 6263 
3 6253 6252 6265 
3 5283 3685 6252 
3 5283 3686 3685 
3 6259 6264 3680 
3 6264 3681 3680 
3 6264 6261 3681 
3 6261 3682 3681 
3 6265 6252 3684 
3 6252 3685 3684 
3 3987 6266 3997 
3 3987 3997 3992 
3 3987 6255 6266 
3 6255 6267 6266 
3 6267 6255 6268 
3 6268 6255 6256 
3 6257 6268 6256 
3 6268 6257 6269 
3 6269 6257 6245 
3 6245 6270 6269 
3 6270 6245 6259 
3 6270 6259 6271 
3 6259 6272 6271 
3 6271 6272 6273 
3 6259 6273 6272 
3 6273 6259 3693 
3 6259 3694 3693 
3 6259 3680 3694 
3 3997 6266 3999 
3 6266 6274 3999 
3 6266 6267 6274 
3 6267 6268 6274 
3 3999 6274 4000 
3 6274 6268 4000 
3 6275 6268 6269 
3 6270 6275 6269 
3 6275 6270 6276 
3 6276 6270 6271 
3 6276 6271 6273 
3 6273 3706 6276 
3 6273 3693 3706 
3 6268 6277 4000 
3 4001 4000 6277 
3 6268 6275 6277 
3 4001 6278 4008 
3 4001 6277 6278 
3 6277 6275 6278 
3 4008 6278 4013 
3 4013 6278 6276 
3 6276 6278 6275 
3 3718 6276 3706 
3 4013 6276 3728 
3 6276 3718 3728 
3 3728 3735 4013 
3 2156 2162 5735 
3 3867 2156 5735 
3 3861 3867 6279 
3 5735 6280 3867 
3 6280 6281 3867 
3 6281 6279 3867 
3 3861 6279 3868 
3 3864 6282 3865 
3 6282 4601 3865 
3 5740 6283 5735 
3 5735 6283 6280 
3 6280 6284 6281 
3 6285 3868 6279 
3 4601 6282 4619 
3 6284 6280 6283 
3 6283 6281 6284 
3 3868 6285 3873 
3 3874 3873 6285 
3 3874 6282 3864 
3 4619 6282 6286 
3 6287 6283 5740 
3 6281 6288 6279 
3 6288 6285 6279 
3 6282 3874 6286 
3 5753 6287 5740 
3 6289 6283 6287 
3 6289 6281 6283 
3 6281 6289 6290 
3 6288 6281 6290 
3 6290 6291 6288 
3 6291 6285 6288 
3 6291 3874 6285 
3 6286 3874 6292 
3 6286 6292 4619 
3 6293 5753 5756 
3 6287 5753 6293 
3 6293 6289 6287 
3 6289 6291 6290 
3 6289 6296 6291 
3 3874 6296 6294 
3 6291 6296 3874 
3 6294 6292 3874 
3 4631 4619 6294 
3 6294 4619 6292 
3 5760 6295 5756 
3 6295 6293 5756 
3 6289 6293 6295 
3 6296 6289 6295 
3 6295 5760 5765 
3 6297 6295 5765 
3 6298 6295 6297 
3 6295 6298 6296 
3 6299 6296 6298 
3 6294 6296 6299 
3 6299 4631 6294 
3 6297 5765 997 
3 998 6297 997 
3 6300 6297 998 
3 6297 6300 6298 
3 6298 6300 998 
3 999 6298 998 
3 6298 999 6299 
3 999 1000 6299 
3 6299 1000 4631 
3 1000 1001 4631 
3 4631 1001 1002 
3 4631 1002 4639 
3 619 4570 6301 
3 4570 4562 6301 
3 4571 6301 4562 
3 6302 4571 6303 
3 6301 4571 6302 
3 4571 4567 6303 
3 4567 6304 6303 
3 6304 4567 4572 
3 4572 4565 645 
3 645 4565 646 
3 624 619 6305 
3 619 6301 6305 
3 6305 6301 6302 
3 6306 6302 6307 
3 6302 6308 6307 
3 6308 6302 6303 
3 6304 6308 6303 
3 6308 6304 6309 
3 6309 6304 4572 
3 6310 6309 4572 
3 645 6310 4572 
3 633 624 6311 
3 624 6305 6311 
3 6305 6302 6311 
3 6311 6302 6306 
3 6306 6312 6311 
3 6307 6312 6306 
3 6312 6307 6313 
3 6313 6314 6315 
3 6307 6314 6313 
3 6308 6316 6307 
3 6307 6316 6314 
3 6316 6309 6317 
3 6308 6309 6316 
3 6309 6318 6317 
3 6317 6318 6319 
3 6309 6310 6318 
3 6318 6310 6319 
3 6319 645 652 
3 6310 645 6319 
3 6320 6311 6321 
3 6311 6312 6321 
3 6312 6322 6321 
3 6322 6312 6313 
3 6322 6313 6323 
3 6323 6313 6315 
3 6323 6315 6314 
3 6324 6314 6316 
3 6324 6323 6314 
3 6316 6317 6324 
3 6324 6317 6325 
3 6317 6319 6325 
3 6325 6319 6326 
3 6326 6327 656 
3 6319 6327 6326 
3 652 6327 6319 
3 6327 652 656 
3 636 633 6328 
3 6328 633 6311 
3 6320 6328 6311 
3 6328 6320 6321 
3 6328 6321 6329 
3 6329 6321 6322 
3 6330 6329 6322 
3 6323 6330 6322 
3 6324 6330 6323 
3 6332 6331 6324 
3 6325 6332 6324 
3 6332 6325 6333 
3 6325 6326 6333 
3 4911 660 659 
3 4911 6334 660 
3 6326 656 6333 
3 6333 656 661 
3 637 636 6335 
3 636 6328 6335 
3 6336 6328 6329 
3 6329 6330 6337 
3 6337 6330 6338 
3 6330 6324 6338 
3 6324 6331 6338 
3 6338 6331 6339 
3 6339 6331 6341 
3 6341 6331 6332 
3 6340 6344 6343 
3 6345 6341 6346 
3 6341 6333 6346 
3 6341 6332 6333 
3 4909 6342 4911 
3 6342 6334 4911 
3 6343 6344 6347 
3 6344 6345 6347 
3 6345 6346 6347 
3 6343 660 6342 
3 6343 6347 660 
3 6347 6346 665 
3 6346 6348 665 
3 6346 6333 6348 
3 660 6334 6342 
3 6347 665 660 
3 6348 661 665 
3 6333 661 6348 
3 6349 637 6335 
3 6349 6335 6350 
3 6350 6335 6328 
3 6351 6350 6328 
3 6351 6328 6352 
3 6352 6328 6336 
3 6352 6336 6353 
3 6353 6329 6354 
3 6353 6336 6329 
3 6329 6337 6354 
3 6338 6354 6337 
3 6354 6338 6355 
3 6356 6357 6340 
3 6357 6354 6355 
3 6338 6339 6355 
3 6356 6343 6358 
3 6343 6356 6340 
3 6340 6357 6344 
3 6357 6355 6344 
3 6355 6345 6344 
3 6355 6339 6345 
3 6339 6341 6345 
3 6342 4909 6358 
3 6343 6342 6358 
3 638 637 6349 
3 6351 6359 6349 
3 6350 6351 6349 
3 6359 6351 6352 
3 6353 6360 6359 
3 6352 6353 6359 
3 6360 6353 6354 
3 6361 6360 6362 
3 6360 6354 6362 
3 6363 6361 6364 
3 6364 6361 6365 
3 6354 6365 6362 
3 6365 6361 6362 
3 6357 6356 6363 
3 6364 6357 6363 
3 6365 6357 6364 
3 6365 6354 6357 
3 4909 4915 6358 
3 4915 6366 6358 
3 6366 6356 6358 
3 6349 640 639 
3 638 6349 639 
3 640 6349 6359 
3 6367 6359 6360 
3 6367 6360 6368 
3 6361 6369 6368 
3 6368 6360 6361 
3 6369 6361 6363 
3 6363 6356 6370 
3 6371 6366 4915 
3 6372 642 640 
3 6359 6372 640 
3 6359 6367 6372 
3 6367 6373 6372 
3 6368 6374 6373 
3 6367 6368 6373 
3 6368 6369 6374 
3 6366 6370 6356 
3 4915 4918 6371 
3 6372 6375 642 
3 6375 6372 6373 
3 6369 6376 6377 
3 6374 6369 6377 
3 6370 6379 6363 
3 6369 6379 6376 
3 6369 6363 6379 
3 6378 6370 6366 
3 4918 6366 6371 
3 643 642 6380 
3 6380 642 6375 
3 6380 6375 6373 
3 6380 6373 6374 
3 6370 6378 6379 
3 6379 6378 6376 
3 644 643 6383 
3 6383 643 6380 
3 6377 6376 6378 
3 6366 6381 6378 
3 6382 6366 4918 
3 6381 6366 6382 
3 6385 6380 6374 
3 6378 6374 6377 
3 6378 6381 6386 
3 6382 6387 6381 
3 6381 6387 6386 
3 4918 4920 6388 
3 6388 6382 4918 
3 6383 6380 6384 
3 6385 6384 6380 
3 6385 6374 6389 
3 6390 6374 6378 
3 6390 6389 6374 
3 6391 6378 6386 
3 6390 6378 6391 
3 6386 6387 6391 
3 6382 6392 6387 
3 6392 6391 6387 
3 6393 6388 4929 
3 6388 4920 4929 
3 6393 6382 6388 
3 2852 2851 6383 
3 6384 2852 6383 
3 2852 6384 6385 
3 2852 6389 2854 
3 6385 6389 2852 
3 6390 2854 6389 
3 6391 2854 6390 
3 6391 2856 2854 
3 6392 6382 6393 
3 2857 6392 6393 
3 6392 2857 2856 
3 6391 6392 2856 
3 6393 4929 4931 
3 2857 6393 4931 
3 2857 4931 710 
3 6394 6395 6396 
3 6395 6397 6396 
3 6395 6398 6397 
3 6400 6399 6394 
3 6400 6394 6396 
3 6396 6397 6400 
3 6401 6397 6398 
3 6402 6394 448 
3 6402 6395 6394 
3 6402 6403 6395 
3 6403 6398 6395 
3 6403 6404 6398 
3 450 448 6394 
3 6404 6405 6398 
3 450 6394 6399 
3 450 6399 6407 
3 6408 6399 6400 
3 6408 6407 6399 
3 6398 6405 6401 
3 6405 6410 6401 
3 6406 6410 6405 
3 456 6412 6402 
3 6412 6411 6402 
3 6403 6402 6411 
3 6403 6413 6404 
3 6404 6414 6405 
3 6414 6416 6405 
3 6414 6415 6416 
3 6419 6406 6405 
3 6419 6405 6416 
3 454 450 6417 
3 6417 450 6407 
3 6408 6417 6407 
3 6417 6408 6409 
3 6417 6409 6418 
3 6418 6409 6420 
3 6418 6420 6421 
3 6406 6421 6420 
3 6406 6419 6421 
3 6423 6422 6411 
3 6423 6412 456 
3 6423 6411 6412 
3 6422 6424 6411 
3 6424 6403 6411 
3 6413 6424 6425 
3 6424 6413 6403 
3 6425 6426 6413 
3 6413 6426 6404 
3 6404 6426 6414 
3 6426 6428 6414 
3 6426 6427 6428 
3 6415 6414 6429 
3 6428 6429 6414 
3 6417 6430 463 
3 6419 6429 6432 
3 6419 6415 6429 
3 6419 6416 6415 
3 454 6417 463 
3 6418 6430 6417 
3 6430 6418 6431 
3 6431 6418 6421 
3 6431 6419 6432 
3 6421 6419 6431 
3 6433 6422 6444 
3 6433 6434 6422 
3 464 6444 6423 
3 6444 6422 6423 
3 6434 6424 6422 
3 6434 6436 6424 
3 6434 6435 6436 
3 6436 6425 6424 
3 6436 6435 6425 
3 6435 6437 6425 
3 6439 6427 6438 
3 6438 6427 6426 
3 6441 6427 6439 
3 6441 6428 6427 
3 472 6442 6440 
3 6440 6442 6450 
3 6431 6443 6450 
3 6441 6429 6428 
3 6442 472 463 
3 6450 6442 463 
3 6430 6450 463 
3 6430 6431 6450 
3 6443 6431 6432 
3 6441 6443 6432 
3 6429 6441 6432 
3 6444 6445 6433 
3 6445 6446 6433 
3 6446 6447 6435 
3 6447 6455 6435 
3 6455 7753 6435 
3 6446 6434 6433 
3 6446 6435 6434 
3 7753 6437 6435 
3 480 6440 6448 
3 6448 6440 6450 
3 6448 6450 6449 
3 6450 6458 6449 
3 6439 6453 6452 
3 480 482 472 
3 472 6440 480 
3 6458 6450 6443 
3 6458 6443 6451 
3 6451 6443 6441 
3 6452 6451 6441 
3 6439 6452 6441 
3 6454 6445 6444 
3 6445 6447 6446 
3 483 6454 464 
3 6454 6444 464 
3 6448 6449 6456 
3 6456 6449 6457 
3 6457 6449 6458 
3 489 480 6448 
3 6448 6456 489 
3 6458 6451 6459 
3 6452 6459 6451 
3 6453 6459 6452 
3 6462 6456 6460 
3 6460 6456 6457 
3 6460 6457 6461 
3 499 489 6456 
3 499 6456 6462 
3 6457 6458 6463 
3 6463 6458 6467 
3 6458 6459 6467 
3 6460 6464 509 
3 509 499 6462 
3 6462 6460 509 
3 6461 6464 6460 
3 6461 6457 6465 
3 6465 6457 6466 
3 6466 6457 6463 
3 6466 6463 6467 
3 6469 509 6470 
3 6470 509 6468 
3 6468 509 6461 
3 6468 6465 6471 
3 6461 6465 6468 
3 6465 6466 6471 
3 509 6469 517 
3 6461 509 6464 
3 6472 6471 6466 
3 6472 6466 6467 
3 525 6469 6473 
3 6469 6470 6473 
3 6470 6468 6473 
3 6468 6474 6473 
3 6474 6471 6475 
3 6468 6471 6474 
3 6475 6471 6476 
3 6476 6471 6477 
3 6471 6472 6477 
3 6469 525 517 
3 6472 6467 6477 
3 6477 6467 6478 
3 1975 6474 1977 
3 6474 6475 1977 
3 1977 6476 1978 
3 6475 6476 1977 
3 6476 6477 1978 
3 1978 6477 1974 
3 1974 6477 6479 
3 537 525 6473 
3 537 6473 1980 
3 1980 6473 1981 
3 6474 1975 1981 
3 6474 1981 6473 
3 1979 1980 1990 
3 1990 1980 1991 
3 1996 1991 6480 
3 6480 1991 2000 
3 1991 1997 2000 
3 1996 6480 2000 
3 6484 6481 1863 
3 6481 1865 1863 
3 6484 1865 6481 
3 6484 6482 1865 
3 1862 6484 1863 
3 6483 6485 6484 
3 6484 6485 6482 
3 6492 1862 3812 
3 5473 6487 6486 
3 6484 6488 6483 
3 6488 6489 6483 
3 1862 6508 6484 
3 1862 6492 6508 
3 6485 6483 6482 
3 6483 6491 6482 
3 6491 1875 6482 
3 6491 6500 1875 
3 5472 6486 6493 
3 5473 6486 5472 
3 5473 5474 6487 
3 6486 6487 6493 
3 5474 6494 6487 
3 6493 6487 6495 
3 6487 6496 6488 
3 6487 6494 6496 
3 6487 6488 6495 
3 6490 6488 6496 
3 6489 6488 6490 
3 6494 6490 6496 
3 6488 6497 6495 
3 6489 6490 6498 
3 6499 6497 6484 
3 6497 6488 6484 
3 6483 6489 6498 
3 6508 6499 6484 
3 6491 6483 6498 
3 5474 2370 6502 
3 5472 6501 5490 
3 5474 6502 6494 
3 6502 2370 6503 
3 2370 6504 6503 
3 6493 6505 5472 
3 6502 6503 6494 
3 6494 6503 6506 
3 6493 6495 6505 
3 6505 6495 6507 
3 6494 6506 6490 
3 6507 6495 6499 
3 6495 6497 6499 
3 6490 6506 6498 
3 6508 6507 6499 
3 6498 6506 6491 
3 6506 6509 6491 
3 6509 6510 6491 
3 6510 6500 6491 
3 5472 6511 6501 
3 6511 5472 6505 
3 6507 6515 6513 
3 6505 6507 6513 
3 6506 6514 6516 
3 6515 6507 6508 
3 6508 6492 3823 
3 6506 6516 6509 
3 6516 6517 6509 
3 5501 6501 6518 
3 6501 6511 6518 
3 6519 6518 6511 
3 6519 6511 6520 
3 6511 6505 6520 
3 6519 6520 6521 
3 6520 6505 6521 
3 6513 6521 6505 
3 3823 3828 6515 
3 6508 3823 6515 
3 5501 6518 3834 
3 3835 3834 6518 
3 6518 6519 3835 
3 3835 6521 3836 
3 6519 6521 3835 
3 6521 6513 3836 
3 6515 3837 6513 
3 3837 3836 6513 
3 6515 3828 3837 
3 6510 6509 6524 
3 6524 6526 6527 
3 6525 6524 6527 
3 6522 6527 6526 
3 6522 6526 6528 
3 6524 6500 6510 
3 2657 6500 6524 
3 2658 2657 6524 
3 6525 2658 6524 
3 6527 2658 6525 
3 2659 2658 6527 
3 6523 6527 6522 
3 6523 2659 6527 
3 2670 6522 6528 
3 2670 2659 6522 
3 6523 6522 2659 
3 2372 6529 2371 
3 2370 6530 6504 
3 6531 2388 2371 
3 2370 2388 6530 
3 2388 6531 6530 
3 6503 6504 6506 
3 6504 6530 6506 
3 6530 6533 6532 
3 6506 6530 6512 
3 6530 6532 6512 
3 6509 6517 6524 
3 6517 6534 6524 
3 6534 6535 6524 
3 6535 6536 6528 
3 6526 6524 6535 
3 6528 6526 6535 
3 6536 6537 6538 
3 6536 2670 6528 
3 2670 6536 2660 
3 6536 6538 2660 
3 6538 2675 2660 
3 6538 2676 2675 
3 6529 2372 4218 
3 6529 6531 2371 
3 6530 6531 6533 
3 6529 6539 6531 
3 6529 4218 6539 
3 6533 6531 6541 
3 6531 6539 6541 
3 6506 6512 6532 
3 6541 6532 6533 
3 6540 6541 6539 
3 6539 6542 6540 
3 6514 6506 6532 
3 6532 6543 6514 
3 6532 6541 6543 
3 6540 6542 6544 
3 6545 6516 6514 
3 6514 6546 6545 
3 6514 6534 6546 
3 6517 6516 6545 
3 6545 6546 6517 
3 6546 6534 6517 
3 6534 6547 6535 
3 6547 6548 6535 
3 6548 6537 6535 
3 6548 6549 6537 
3 6536 6535 6537 
3 6538 6537 6549 
3 2676 6538 6549 
3 4219 6539 4218 
3 6542 6539 4219 
3 6541 6550 6543 
3 6541 6551 6550 
3 6541 6540 6551 
3 4219 4220 6542 
3 6543 6550 6552 
3 6540 6544 6551 
3 6534 6543 6552 
3 6514 6543 6534 
3 6552 6550 6534 
3 6550 6547 6534 
3 6550 6551 6547 
3 6551 6544 6547 
3 6544 6553 6547 
3 4220 4221 6542 
3 6547 6553 6548 
3 6553 6544 6548 
3 6544 6542 6548 
3 6548 6542 6549 
3 4221 4222 6549 
3 6542 4221 6549 
3 6549 4222 4223 
3 2676 6549 4223 
3 6554 5803 5795 
3 5795 5802 6554 
3 5802 4486 4487 
3 5803 6554 6555 
3 6555 6554 6556 
3 4487 4506 5802 
3 6556 6554 6557 
3 5802 6557 6554 
3 5802 4506 6558 
3 6559 6557 5802 
3 5802 6558 6559 
3 6557 6559 6560 
3 6560 6559 6558 
3 6560 6558 6561 
3 6561 6558 4510 
3 4510 6558 4506 
3 4506 4509 4510 
3 4892 5803 6555 
3 4893 6557 6560 
3 6560 6561 6562 
3 4510 6562 6561 
3 4891 5808 5803 
3 4891 5803 4892 
3 6556 4892 6555 
3 4892 6556 4893 
3 6556 6557 4893 
3 4893 6560 6562 
3 4893 6562 1204 
3 1587 6563 1590 
3 6563 1587 3120 
3 3120 6564 6563 
3 6564 1590 6563 
3 1604 1590 6564 
3 1596 6565 1608 
3 6565 6566 1608 
3 1608 6566 1609 
3 1604 6567 1605 
3 1604 6564 6567 
3 6568 1606 1605 
3 6568 1596 1606 
3 1609 6566 6211 
3 3120 6569 6564 
3 6569 6567 6564 
3 1605 6567 6569 
3 1596 6568 1605 
3 1605 6570 1596 
3 1596 6570 6565 
3 6565 6572 6566 
3 6572 6211 6566 
3 6572 6215 6211 
3 3129 6571 3120 
3 6570 1605 6569 
3 6572 6565 6570 
3 6573 6215 6572 
3 3129 6574 6571 
3 6574 3120 6571 
3 6574 6569 3120 
3 6574 6570 6569 
3 6575 6576 6572 
3 6576 6573 6572 
3 6215 6573 6576 
3 1358 1359 3129 
3 1359 6574 3129 
3 1359 1360 6574 
3 1360 6570 6574 
3 1360 1361 6570 
3 1361 6572 6570 
3 1361 6575 6572 
3 1361 1363 6575 
3 1363 6576 6575 
3 6576 1363 1332 
3 6576 1332 6215 
3 2857 710 2858 
3 710 711 2858 
3 2858 6578 2864 
3 6577 2864 6578 
3 2858 711 712 
3 6578 6580 6577 
3 2858 712 6578 
3 6578 712 6580 
3 712 713 6580 
3 6580 714 6579 
3 714 6580 713 
3 6579 714 2425 
3 2425 714 709 
3 2854 2858 2864 
3 2864 6580 2863 
3 2861 2863 2865 
3 6577 6580 2864 
3 2442 2865 2435 
3 2863 6580 2865 
3 2865 6580 6579 
3 2865 6579 2435 
3 2435 6579 2425 
3 1612 1610 6581 
3 6581 4288 1612 
3 1612 4288 1263 
3 5855 2492 5860 
3 5860 2492 6582 
3 2492 2505 2517 
3 2492 2517 6582 
3 5867 5860 6583 
3 6583 5860 6584 
3 5860 6582 6584 
3 5867 6583 6585 
3 6582 2517 6587 
3 6585 6583 6588 
3 6589 6588 6584 
3 6584 6588 6583 
3 6590 6585 6588 
3 6592 2095 6591 
3 2095 6586 6591 
3 3102 2095 6592 
3 6582 6593 6584 
3 6589 6590 6588 
3 6592 6591 6594 
3 3103 3102 6592 
3 6582 6587 6593 
3 6589 6584 6595 
3 6584 6593 6595 
3 6589 6595 6596 
3 6589 6596 6590 
3 6591 6590 6596 
3 6594 6591 6597 
3 6597 6598 6594 
3 6598 6592 6594 
3 3103 6592 6598 
3 6595 6593 6604 
3 6593 6599 6604 
3 6600 6591 6596 
3 6597 6591 6600 
3 6598 6597 6601 
3 6598 6601 6602 
3 6602 3107 6598 
3 3107 3103 6598 
3 6593 6587 2517 
3 6604 6599 6603 
3 6603 6599 6593 
3 6596 6595 6605 
3 6604 6605 6595 
3 6596 6605 6600 
3 6606 6597 6600 
3 6601 6597 6606 
3 6602 6601 6606 
3 3107 6602 6606 
3 2517 6603 6593 
3 6605 6603 6607 
3 6605 6604 6603 
3 6605 6607 6600 
3 3110 3107 6606 
3 2517 2524 6603 
3 6603 6608 6607 
3 6600 3110 6606 
3 6609 6608 6603 
3 6607 6608 6609 
3 6600 6607 6611 
3 6607 6610 6611 
3 2524 2525 2527 
3 2524 2527 6612 
3 6612 6603 2524 
3 6603 6612 6613 
3 6603 6613 6609 
3 6610 6607 6609 
3 6610 3110 6611 
3 3110 6600 6611 
3 6614 6610 6609 
3 6610 6614 3110 
3 6614 6615 3110 
3 6615 3123 3110 
3 6612 2527 1399 
3 6613 6612 1399 
3 1400 6609 6613 
3 3264 2527 2528 
3 3264 1399 2527 
3 1399 1400 6613 
3 1400 6614 6609 
3 1400 1401 6614 
3 1401 6615 6614 
3 6615 1401 1402 
3 1402 3123 6615 
3 608 5999 612 
3 613 6616 6617 
3 612 6616 613 
3 6617 6618 613 
3 6618 614 613 
3 6618 615 614 
3 615 6619 616 
3 6621 616 6620 
3 612 6622 6616 
3 6616 6622 6617 
3 6618 6617 6622 
3 6624 6625 6623 
3 6627 6618 6622 
3 615 6618 6627 
3 6628 6625 6624 
3 6625 6628 6626 
3 6625 6626 6627 
3 6627 6626 6629 
3 6629 615 6627 
3 6626 6630 6631 
3 6626 6631 6629 
3 6619 615 6629 
3 6630 6632 6631 
3 6631 6632 6629 
3 616 6619 6629 
3 6630 3576 6632 
3 6629 6632 6620 
3 6629 6620 616 
3 3576 6633 6632 
3 5999 6004 612 
3 6634 6636 6635 
3 6635 6636 6004 
3 6004 6637 612 
3 6004 6636 6638 
3 6004 6638 6637 
3 6637 6638 6639 
3 6622 612 6639 
3 6639 612 6637 
3 6636 6640 6638 
3 6639 6638 6641 
3 6638 6640 6623 
3 6638 6623 6641 
3 6622 6639 6642 
3 6640 6643 6644 
3 6640 6644 6623 
3 6641 6623 6642 
3 6644 6643 6623 
3 6623 6645 6642 
3 6642 6645 6622 
3 6624 6623 6646 
3 6646 6623 6643 
3 6625 6645 6623 
3 6643 3579 6646 
3 6625 6627 6645 
3 6645 6627 6622 
3 3579 3576 6646 
3 6624 6646 6628 
3 6646 6647 6628 
3 6628 6647 6626 
3 3576 6630 6646 
3 6646 6630 6647 
3 6630 6626 6647 
3 6011 6648 6012 
3 6012 6648 6634 
3 6012 6634 6635 
3 6012 6009 6010 
3 6012 6635 6009 
3 6635 6004 6009 
3 6648 6011 6634 
3 6011 6649 6636 
3 6636 6634 6011 
3 6649 3582 6636 
3 6636 3582 6640 
3 6642 6639 6641 
3 6640 3582 6643 
3 3583 3584 3582 
3 3582 3584 6643 
3 3579 6643 3584 
3 6011 3594 6649 
3 6649 3594 3582 
3 374 375 6650 
3 375 6651 6650 
3 5509 374 6650 
3 6655 6651 376 
3 6652 6655 378 
3 378 6655 376 
3 6653 6652 378 
3 739 6653 373 
3 378 373 6653 
3 6654 6650 6651 
3 742 6656 6653 
3 6653 6656 6652 
3 6656 6655 6652 
3 739 742 6653 
3 6654 5522 6650 
3 6655 6654 6651 
3 6656 742 746 
3 6658 6657 6655 
3 6655 6657 6654 
3 6662 6656 746 
3 6657 5522 6654 
3 6657 6658 6663 
3 6662 6659 6656 
3 6655 6656 6659 
3 6655 6659 6660 
3 6658 6655 6660 
3 6662 746 752 
3 343 341 6661 
3 341 5522 6661 
3 5522 6657 6661 
3 6662 6658 6660 
3 6660 6659 6662 
3 6663 343 6657 
3 6657 343 6661 
3 6664 6658 6662 
3 6663 6658 6664 
3 6664 6662 758 
3 6662 752 758 
3 6665 343 6663 
3 6663 6666 6665 
3 6663 6664 6666 
3 6669 6665 6666 
3 6669 6666 6667 
3 6667 6664 6668 
3 6667 6666 6664 
3 6664 758 6668 
3 6669 352 6665 
3 758 778 6668 
3 6668 778 6667 
3 352 6670 358 
3 352 6669 6670 
3 6669 6671 6670 
3 6669 6667 6671 
3 778 6671 6667 
3 6670 5361 358 
3 5362 5361 6671 
3 5361 6670 6671 
3 787 5362 778 
3 778 5362 6671 
3 1873 1468 1872 
3 6672 1873 1870 
3 1882 6672 1870 
3 6674 6672 1882 
3 1882 1881 6674 
3 1468 1873 1470 
3 1881 1892 6673 
3 6674 1881 6673 
3 1873 1477 1470 
3 6675 1477 1873 
3 1873 6672 6675 
3 6674 6675 6672 
3 6676 6673 1892 
3 2667 6676 1892 
3 6675 6677 1477 
3 6675 6674 6678 
3 6676 6679 6673 
3 6680 6678 6674 
3 6674 6673 6681 
3 6680 6674 6681 
3 6681 6673 6679 
3 6676 2667 6679 
3 2667 5875 6679 
3 2667 5874 5875 
3 6682 6675 6678 
3 6680 6682 6678 
3 6677 6675 6682 
3 6684 6680 6681 
3 6684 6681 6679 
3 1489 1477 6677 
3 5879 6679 5875 
3 6684 6683 6680 
3 5879 6684 6679 
3 6685 6677 6686 
3 6685 1489 6677 
3 6682 6687 6677 
3 6683 6682 6680 
3 6684 5879 2236 
3 1489 6685 2232 
3 1140 1489 2232 
3 6685 6686 2232 
3 6677 2232 6686 
3 2234 2232 6677 
3 6687 2234 6677 
3 6682 2234 6687 
3 2237 6682 6683 
3 2235 2237 6683 
3 6684 2235 6683 
3 6684 2233 2235 
3 2236 2233 6684 
3 2234 6682 2237 
3 6693 6690 6688 
3 6688 6690 6689 
3 6690 6691 6689 
3 6693 6694 6690 
3 6691 6690 6694 
3 6694 6695 6691 
3 6692 6696 6693 
3 6694 6697 6695 
3 6694 6698 6697 
3 6698 6695 6697 
3 6699 6693 6696 
3 6693 6699 6700 
3 6694 6693 6700 
3 6701 6694 6700 
3 6705 6694 6701 
3 6705 6698 6694 
3 6705 6702 6698 
3 6703 6698 6702 
3 6695 6698 6703 
3 6873 6704 6696 
3 6704 6699 6696 
3 6699 6704 6700 
3 6704 6701 6700 
3 6706 6702 6705 
3 6706 6703 6702 
3 6701 6704 6707 
3 6701 6707 6708 
3 6705 6701 6708 
3 6706 6705 6708 
3 6710 7457 6708 
3 7457 6706 6708 
3 6708 6707 6709 
3 6708 6709 6710 
3 6709 6711 6710 
3 6712 4278 4274 
3 4280 4278 6712 
3 4280 6712 4279 
3 6713 6176 5945 
3 6716 6713 6715 
3 6176 6713 6716 
3 6716 6177 6176 
3 6715 6717 6716 
3 6716 6717 6718 
3 6716 6718 6177 
3 6719 6717 6715 
3 6718 6717 6719 
3 6720 6715 6714 
3 6718 6181 6177 
3 6715 6721 6722 
3 6715 6722 6719 
3 6718 6719 6181 
3 6181 6719 6182 
3 6719 6722 6723 
3 6719 6723 6724 
3 6182 6719 6724 
3 6725 6726 6722 
3 6723 6722 6727 
3 6723 6727 6724 
3 6726 6728 6722 
3 6722 6728 6727 
3 6726 6730 6728 
3 6730 6731 6728 
3 6727 6732 6729 
3 6728 6731 6733 
3 6728 6733 6727 
3 6732 6727 6733 
3 6733 6734 6732 
3 6731 6735 6733 
3 6747 6736 6731 
3 6731 6737 6735 
3 6731 6736 6737 
3 6735 6737 6739 
3 6735 6739 6738 
3 6736 6740 6737 
3 6737 6740 6739 
3 6739 6741 6738 
3 6715 6720 6742 
3 6742 6743 6715 
3 6715 6743 6721 
3 6721 6743 6722 
3 6743 6725 6722 
3 6724 6744 6184 
3 6182 6724 6184 
3 6743 6757 6745 
3 6744 6724 6727 
3 6744 6727 6746 
3 6743 6745 6725 
3 6725 6745 6726 
3 6727 6729 6746 
3 6730 6726 6745 
3 6747 6748 6745 
3 6745 6731 6730 
3 6729 6732 6746 
3 6745 6748 6731 
3 6749 6734 6750 
3 6749 6732 6734 
3 6731 6748 6747 
3 6735 6751 6733 
3 6750 6734 6751 
3 6751 6734 6733 
3 6735 6738 6751 
3 6738 6752 6751 
3 6742 6753 6754 
3 6753 6756 6754 
3 6754 6756 6742 
3 6756 6757 6743 
3 6742 6756 6743 
3 6184 6744 6758 
3 6753 6941 6756 
3 6758 6744 6746 
3 6941 6747 6756 
3 6756 6747 6757 
3 6757 6747 6745 
3 6758 6746 6759 
3 6759 6746 6732 
3 6749 6760 6759 
3 6759 6732 6749 
3 6750 6760 6749 
3 6761 6750 6751 
3 6752 6762 6751 
3 6751 6762 6761 
3 6762 6752 6763 
3 6763 6752 6738 
3 6184 6187 6185 
3 6759 6760 6764 
3 6758 6759 6764 
3 6750 6761 6760 
3 6760 6761 6765 
3 6762 6766 6765 
3 6761 6762 6765 
3 6766 6762 6763 
3 6187 6184 6188 
3 6184 6758 6767 
3 6767 6758 6768 
3 6768 6758 6769 
3 6770 6769 6764 
3 6769 6758 6764 
3 6770 6764 6760 
3 6772 6771 6765 
3 6771 6760 6765 
3 6773 6772 6766 
3 6772 6765 6766 
3 6184 6767 6188 
3 6188 6767 6774 
3 6767 6775 6774 
3 6768 6776 6775 
3 6768 6775 6767 
3 6776 6768 6769 
3 6769 6770 6777 
3 6776 6769 6777 
3 6770 6760 6777 
3 6777 6760 6771 
3 6771 6772 6778 
3 6779 6778 6772 
3 6779 6772 6773 
3 6779 6773 6780 
3 6774 6775 6190 
3 6774 6190 6188 
3 6775 6781 6190 
3 6775 6776 6781 
3 6776 6777 6781 
3 6771 6782 6777 
3 6777 6782 6781 
3 6771 6783 6782 
3 6778 6783 6771 
3 6778 6779 6783 
3 6780 6784 6779 
3 6779 6784 6783 
3 6781 6782 6786 
3 6781 6786 6190 
3 6782 6783 6786 
3 6783 6787 6786 
3 6783 6785 6787 
3 6193 6190 6199 
3 6199 6190 334 
3 6190 6786 334 
3 6787 6788 6786 
3 6786 6788 334 
3 6787 337 334 
3 6787 334 6788 
3 6787 338 337 
3 6789 6790 4277 
3 4277 6790 4274 
3 4279 6791 4273 
3 6791 5932 4273 
3 6790 6789 6793 
3 6793 6789 6792 
3 6794 5934 5932 
3 6791 6794 5932 
3 6712 4274 6790 
3 6712 6795 4279 
3 6795 6794 4279 
3 4279 6794 6791 
3 6796 5939 6794 
3 6794 5939 5934 
3 6790 6795 6712 
3 6794 6795 6796 
3 6797 6793 6792 
3 6797 6798 6793 
3 6796 5941 5939 
3 6798 6790 6793 
3 6798 6799 6790 
3 6790 6799 6795 
3 6799 6796 6795 
3 6800 6801 6792 
3 6792 6801 6797 
3 6797 6801 6798 
3 6802 6798 6801 
3 6798 6802 6799 
3 6802 6715 6799 
3 6799 6715 6796 
3 6715 6713 6796 
3 6796 5945 5941 
3 6713 5945 6796 
3 6803 6801 6800 
3 6714 6715 6802 
3 6802 6801 6804 
3 6804 6720 6802 
3 6720 6714 6802 
3 7401 6803 6800 
3 6805 6801 6803 
3 6806 6804 6801 
3 6806 6720 6804 
3 6803 7401 6807 
3 6805 6803 6807 
3 6805 6806 6801 
3 6805 6753 6806 
3 6742 6806 6753 
3 6720 6806 6742 
3 6805 6807 6753 
3 6809 6808 6810 
3 6810 6808 6811 
3 6809 6810 6812 
3 6810 6813 6812 
3 6810 6814 6813 
3 6810 6815 6814 
3 6814 6816 6813 
3 6814 6815 6816 
3 6817 6812 6813 
3 6813 6816 6817 
3 6808 6819 6818 
3 6818 6820 6808 
3 6821 6819 6808 
3 6821 6808 6809 
3 6811 6808 6820 
3 6820 6822 6811 
3 6809 6823 6821 
3 6824 6811 6822 
3 6810 6811 6824 
3 6812 6823 6809 
3 6825 6823 6812 
3 6826 6810 6824 
3 6815 6810 6826 
3 6824 6837 6826 
3 6825 6817 6827 
3 6812 6817 6825 
3 6815 6826 6816 
3 6828 6817 6816 
3 6816 6829 6828 
3 6826 6829 6816 
3 6818 6830 6831 
3 6819 6821 6830 
3 6818 6819 6830 
3 6831 6820 6818 
3 6832 6820 6831 
3 6820 6832 6833 
3 6833 6822 6820 
3 6822 6833 6835 
3 6834 6821 6823 
3 6824 6822 6835 
3 6835 6693 6824 
3 6834 6823 6836 
3 6824 6693 6837 
3 6836 6823 6838 
3 6838 6823 6825 
3 6693 6688 6837 
3 6837 6839 6826 
3 6837 6688 6839 
3 6827 6840 6825 
3 6826 6839 6829 
3 6689 6839 6688 
3 6842 6841 6830 
3 6830 6841 6831 
3 6841 6843 6831 
3 6844 6842 6830 
3 6845 6844 6830 
3 6821 6845 6830 
3 6832 6831 6843 
3 6845 6821 6834 
3 6833 6832 6843 
3 6843 6846 6833 
3 6833 6846 6835 
3 6846 6693 6835 
3 6838 6825 6840 
3 6847 6848 6841 
3 6849 6847 6842 
3 6847 6841 6842 
3 6841 6848 6843 
3 6849 6842 6844 
3 6844 6845 6849 
3 6843 6848 6846 
3 6846 6848 6692 
3 6693 6846 6692 
3 6847 6851 6850 
3 6847 6852 6851 
3 6849 6853 6852 
3 6847 6849 6852 
3 6853 6849 6854 
3 6854 6849 6834 
3 6834 6849 6845 
3 6692 6848 6696 
3 6834 6836 6856 
3 6856 6836 6838 
3 6850 6851 6857 
3 6847 6850 6857 
3 6857 6851 6852 
3 6858 6847 6857 
3 6848 6847 6858 
3 6848 6858 6859 
3 6854 6860 6853 
3 6854 6834 6860 
3 6856 6855 6834 
3 6856 6838 6840 
3 6862 6857 6861 
3 6863 6857 6852 
3 6861 6857 6863 
3 6862 6858 6857 
3 6862 6864 6858 
3 6858 6864 6859 
3 6865 6853 6860 
3 6864 6848 6859 
3 6860 6834 6866 
3 6864 6696 6848 
3 6866 6834 6855 
3 6856 6867 6855 
3 6856 6840 6868 
3 6869 6862 6861 
3 6863 6852 6870 
3 6870 6861 6863 
3 6869 6861 6870 
3 6869 6871 6862 
3 6871 6864 6862 
3 6852 6853 6872 
3 6870 6852 6872 
3 6864 6871 6873 
3 6872 6853 6874 
3 6874 6853 6865 
3 6866 6874 6865 
3 6860 6866 6865 
3 6873 6696 6864 
3 6866 6855 6867 
3 6869 6870 6875 
3 6871 6869 6875 
3 6870 6872 6876 
3 6875 6870 6876 
3 6874 6877 6872 
3 6876 6872 6877 
3 6874 6866 6879 
3 6873 6871 6880 
3 6704 6873 6880 
3 6881 6866 6867 
3 6868 6867 6856 
3 6868 6882 6867 
3 6876 6871 6875 
3 6877 6874 6876 
3 6876 6878 6871 
3 6878 6883 6871 
3 6871 6883 6880 
3 6874 6879 6884 
3 6884 6879 6866 
3 6880 6885 6704 
3 6885 6707 6704 
3 6884 6866 6881 
3 6709 6707 6885 
3 6886 6867 6882 
3 6887 6878 6876 
3 6887 6876 6888 
3 6888 6876 6874 
3 6883 6878 6889 
3 6874 6884 6888 
3 6880 6883 6889 
3 6880 6889 6890 
3 6885 6880 6890 
3 6881 6891 6884 
3 6892 6885 6890 
3 6867 6891 6881 
3 6891 6867 6886 
3 6709 6885 6892 
3 6893 6886 6882 
3 6893 6894 6886 
3 6894 6711 6892 
3 6711 6709 6892 
3 6887 6888 6895 
3 6878 6887 6889 
3 6889 6887 6895 
3 6896 6889 6895 
3 6889 6896 6897 
3 6888 6884 6898 
3 6897 6896 6895 
3 6889 6897 6890 
3 6884 6899 6898 
3 6897 6900 6890 
3 6891 6899 6884 
3 6891 6901 6899 
3 6900 6902 6890 
3 6890 6902 6892 
3 6886 6901 6891 
3 6901 6886 6902 
3 6902 6886 6894 
3 6902 6894 6892 
3 6888 6898 6895 
3 6895 6898 6903 
3 6895 6903 6897 
3 6898 6899 6903 
3 6897 6903 6900 
3 6899 6901 6903 
3 6902 6900 6901 
3 6901 6900 6903 
3 6907 6904 6906 
3 6908 6907 6906 
3 6909 6907 6908 
3 6915 4275 4281 
3 6904 6911 5032 
3 5032 6911 6912 
3 6904 6912 6911 
3 6907 6912 6904 
3 6913 6907 6909 
3 6910 6914 6909 
3 5034 5032 6916 
3 6916 5032 6912 
3 6916 6912 6907 
3 5036 5034 6916 
3 5036 6916 6919 
3 6919 6916 6920 
3 6916 6907 6913 
3 6913 6909 6921 
3 6921 6909 6914 
3 6921 6914 6910 
3 6921 6910 6922 
3 6915 6922 6910 
3 6922 6915 6917 
3 6923 6922 6917 
3 6915 6923 6917 
3 6918 6923 6915 
3 5037 5036 6919 
3 5037 6919 6920 
3 6920 6916 6924 
3 6924 6916 6913 
3 6924 6913 6921 
3 6924 6921 6925 
3 6925 6921 6922 
3 5041 5037 6920 
3 6922 6926 6925 
3 6922 6928 6926 
3 6923 6928 6922 
3 6923 6927 6930 
3 6923 6930 6928 
3 6924 6925 6929 
3 6929 6925 6926 
3 6926 6928 6930 
3 6926 6930 6929 
3 6920 6931 5041 
3 6932 6931 6920 
3 6932 6920 6924 
3 6933 6932 6924 
3 6933 6924 6929 
3 6929 6747 6933 
3 6929 6934 6747 
3 6934 6929 6930 
3 6934 6930 6747 
3 6747 6930 6935 
3 6930 6736 6935 
3 6935 6736 6747 
3 6931 6936 5041 
3 6936 5046 5041 
3 6936 6931 6938 
3 6938 6931 6932 
3 6938 6932 6933 
3 6933 6747 6938 
3 5048 5049 6938 
3 5049 5046 6936 
3 5049 6936 6938 
3 6937 6939 6940 
3 6939 6938 6940 
3 6940 6938 6941 
3 6941 6938 6747 
3 6755 6941 6753 
3 6937 6940 6753 
3 6753 6940 6755 
3 6755 6940 6941 
3 6918 6915 6942 
3 6927 6923 6918 
3 6927 6918 6942 
3 6927 6943 6930 
3 5218 6944 4276 
3 5222 5216 5221 
3 5221 5216 6945 
3 6945 5216 4517 
3 6915 4281 6944 
3 5218 5220 6947 
3 6947 5220 6948 
3 5221 6949 5220 
3 5221 6945 6949 
3 6950 6945 4517 
3 6942 6915 6944 
3 6942 6944 6951 
3 6944 5218 6951 
3 6951 5218 6946 
3 6946 5218 6952 
3 6947 6952 5218 
3 6952 6947 6948 
3 6953 6948 5220 
3 6953 5220 6949 
3 6949 6954 6953 
3 6954 6949 6945 
3 6954 6945 6950 
3 6954 6950 4523 
3 4523 6950 4517 
3 6927 6942 6951 
3 6951 6955 6927 
3 6951 6946 6955 
3 6955 6946 6952 
3 6956 6953 6957 
3 6953 6954 6957 
3 6957 6954 6958 
3 6958 6954 6959 
3 6959 6954 4523 
3 6955 6952 6960 
3 6952 6948 6961 
3 6953 6961 6948 
3 6961 6953 6962 
3 6953 6956 6962 
3 6962 6956 6963 
3 6963 6956 6957 
3 6963 6957 6958 
3 6958 6959 6963 
3 6959 4529 6964 
3 6959 4523 4529 
3 6927 6955 6965 
3 6927 6965 6943 
3 6965 6955 6960 
3 6966 6960 6952 
3 6966 6952 6961 
3 6961 6967 6966 
3 6967 6961 6968 
3 6968 6961 6962 
3 6968 6962 6963 
3 4535 6964 4529 
3 6964 4535 6959 
3 6930 6943 6969 
3 6965 6970 6943 
3 6970 6965 6960 
3 6970 6960 6966 
3 6971 6966 6967 
3 6971 6967 6968 
3 6971 6968 6972 
3 6972 6968 6963 
3 6963 6973 6972 
3 6973 6963 6959 
3 6739 6740 6741 
3 6738 6741 6974 
3 6736 6930 6969 
3 6736 6969 6740 
3 6740 6969 6741 
3 6943 6970 6969 
3 6969 6970 6741 
3 6741 6970 6975 
3 6975 6970 6976 
3 6976 6970 6966 
3 6977 6966 6971 
3 6977 6971 6978 
3 6978 6971 6979 
3 6979 6971 6972 
3 6979 6972 6980 
3 6981 6980 6972 
3 6972 6973 6981 
3 6981 6973 6982 
3 6982 6973 6959 
3 6982 6959 6983 
3 6983 6959 4535 
3 6974 6984 6738 
3 6974 6985 6984 
3 6985 6974 6741 
3 6985 6741 6975 
3 6985 6975 6994 
3 6994 6975 6976 
3 6994 6976 6966 
3 6966 6986 6994 
3 6986 6966 6987 
3 6987 6966 6977 
3 6987 6978 6988 
3 6987 6977 6978 
3 6988 6979 6989 
3 6978 6979 6988 
3 6989 6980 6990 
3 6979 6980 6989 
3 6990 6980 6981 
3 6990 6981 6991 
3 6991 6981 6982 
3 6982 6983 6991 
3 6763 6738 6992 
3 6992 6738 6984 
3 6985 6993 6984 
3 6984 6993 6992 
3 6993 6985 6994 
3 6994 6986 6995 
3 6986 6987 6995 
3 6989 6996 6995 
3 6995 6988 6989 
3 6988 6995 6987 
3 6989 6997 6996 
3 6989 6990 6997 
3 6990 6991 6997 
3 6999 6998 6997 
3 6997 6983 6999 
3 6991 6983 6997 
3 6983 4535 6999 
3 6763 6992 6766 
3 6993 7000 6766 
3 6992 6993 6766 
3 7000 6993 6994 
3 6995 7001 6994 
3 7001 6995 6996 
3 6996 6997 6998 
3 7002 6999 7003 
3 6998 6999 7002 
3 7003 6999 4549 
3 6999 4535 4549 
3 6766 7004 6773 
3 7004 6766 7000 
3 6994 7005 7004 
3 7000 6994 7004 
3 7005 6994 7006 
3 7007 6994 7001 
3 7007 7001 7008 
3 7008 7001 6996 
3 7008 6996 7009 
3 7009 6996 6998 
3 4555 7002 7003 
3 4549 4555 7003 
3 6780 6773 7004 
3 6780 7004 7010 
3 7010 7004 7005 
3 7005 7006 7010 
3 7006 6994 7007 
3 7007 7008 7011 
3 7011 7008 7009 
3 7011 7009 6998 
3 7011 6998 7012 
3 7012 6998 7002 
3 6784 6780 6785 
3 6783 6784 6785 
3 7010 7013 6780 
3 6780 7013 6785 
3 7010 7014 7013 
3 7006 7014 7010 
3 7006 7007 7014 
3 7014 7007 7015 
3 7011 7015 7007 
3 7015 7011 7016 
3 7002 7011 7012 
3 7016 7011 7017 
3 4555 7011 7002 
3 7011 4555 7017 
3 7013 7014 6785 
3 7019 6785 7014 
3 7018 6785 618 
3 6785 7019 618 
3 7014 7015 7019 
3 7015 7016 7019 
3 7019 7016 7020 
3 7016 7017 7020 
3 7020 7017 4566 
3 7017 4555 4566 
3 6787 6785 7021 
3 338 7021 337 
3 6787 7021 338 
3 6785 7018 7021 
3 7021 7018 617 
3 7021 617 337 
3 7018 618 617 
3 7022 618 7019 
3 7022 619 618 
3 7022 7019 619 
3 7020 7023 7019 
3 7019 7023 619 
3 4566 7023 7020 
3 7023 4568 619 
3 4568 7023 4566 
3 2681 2676 4223 
3 2677 2681 7024 
3 7024 2683 2677 
3 2682 2685 4659 
3 2681 4223 4226 
3 4226 7025 2681 
3 2681 7025 7024 
3 7026 7024 7025 
3 7024 7026 2683 
3 2683 7026 7027 
3 7028 2684 7027 
3 4659 2685 2684 
3 4230 7025 4226 
3 7029 7026 7025 
3 7031 7027 7026 
3 7027 7031 7028 
3 7028 4659 2684 
3 7025 4230 7030 
3 7029 7025 7030 
3 4659 7028 7032 
3 7030 4230 1677 
3 1677 4238 7030 
3 4238 7029 7030 
3 7033 7026 7029 
3 7031 7026 7033 
3 4659 7032 4679 
3 7034 7031 7033 
3 7035 7028 7031 
3 7032 7036 4679 
3 7028 7036 7032 
3 4238 7037 7029 
3 7037 7033 7029 
3 7037 7034 7033 
3 7036 7028 7038 
3 7038 4679 7036 
3 5767 7038 7028 
3 5863 5868 7039 
3 5863 7039 5864 
3 5864 7039 5869 
3 5869 7039 7040 
3 5870 5869 7040 
3 5870 7041 2089 
3 7041 2095 2089 
3 5868 5867 6585 
3 6585 6590 5868 
3 7039 5868 6591 
3 6591 5868 6590 
3 7039 6591 7040 
3 6591 6586 7040 
3 6586 5870 7040 
3 7041 5870 6586 
3 2095 7041 6586 
3 7042 865 2951 
3 2951 2960 7043 
3 7042 2951 7043 
3 2954 7043 2960 
3 944 947 2961 
3 2961 947 2953 
3 2954 2953 7043 
3 2953 947 7043 
3 7043 865 7042 
3 7043 7045 7044 
3 948 7043 947 
3 7043 948 7045 
3 7045 948 7044 
3 865 7043 899 
3 7044 899 7043 
3 7044 948 7046 
3 899 7044 7047 
3 899 7047 924 
3 7044 7046 7047 
3 7047 7046 924 
3 7046 948 935 
3 924 7046 935 
3 3806 4106 4643 
3 4110 4643 4106 
3 7048 4111 4113 
3 4111 7048 4112 
3 7048 7049 4112 
3 7050 7048 4114 
3 7048 4113 4114 
3 4112 7049 7051 
3 4110 4112 7051 
3 7051 4643 4110 
3 7052 4643 7051 
3 4643 7052 4650 
3 4651 4650 7052 
3 4970 7053 7055 
3 7054 7055 7053 
3 7056 7057 7058 
3 7056 7058 7055 
3 7057 4993 7058 
3 7058 4971 7055 
3 4971 7058 4983 
3 7058 4993 4983 
3 7059 7060 7053 
3 7053 7060 7054 
3 7060 7061 7054 
3 7060 7062 7061 
3 7060 7063 7062 
3 7062 7063 7061 
3 7055 7054 7061 
3 7061 7063 7055 
3 7063 7056 7055 
3 7063 7064 7056 
3 7064 7065 7056 
3 7056 7065 7057 
3 7057 7065 4993 
3 7065 7066 4993 
3 4993 7066 5002 
3 7068 7059 7067 
3 7068 7060 7059 
3 7068 7069 7060 
3 7060 7069 7077 
3 7077 7078 7060 
3 7078 7063 7060 
3 7063 7078 7079 
3 7064 7063 7079 
3 7079 7065 7064 
3 7079 7070 7065 
3 7065 7070 7066 
3 7070 7071 7066 
3 7071 7072 7066 
3 7066 7073 5002 
3 7073 7074 5003 
3 5002 7073 5003 
3 7075 7076 7067 
3 7076 7068 7067 
3 7069 7068 7076 
3 7069 7076 7077 
3 7070 7079 7081 
3 7081 7080 7071 
3 7071 7070 7081 
3 7071 7080 7072 
3 7080 7082 7072 
3 7072 7082 7083 
3 7083 7082 7084 
3 7066 7072 7083 
3 7083 7084 7066 
3 7084 7073 7066 
3 7084 7085 7073 
3 7085 7074 7073 
3 7085 7086 7074 
3 7086 7087 7074 
3 7076 7075 7090 
3 7077 7076 7090 
3 7090 7078 7077 
3 7080 7089 7092 
3 7079 7091 7093 
3 7091 7080 7093 
3 7093 7081 7079 
3 7093 7080 7081 
3 7089 7094 7092 
3 7080 7092 7095 
3 7092 7094 7095 
3 7080 7095 7082 
3 7095 7084 7082 
3 7095 7094 7084 
3 7094 7086 7084 
3 7086 7085 7084 
3 7088 7089 7098 
3 7090 7096 7099 
3 7100 7097 7091 
3 7097 7088 7091 
3 7088 7080 7091 
3 7088 7098 7080 
3 7080 7098 7089 
3 7099 7078 7090 
3 7099 7101 7078 
3 7099 7100 7101 
3 7101 7100 7079 
3 7079 7100 7091 
3 7079 7078 7101 
3 7088 7102 373 
3 7111 7103 7106 
3 7105 7108 7104 
3 7102 7088 7105 
3 7111 7096 7090 
3 7111 7106 7096 
3 7106 7107 7096 
3 7108 7097 7104 
3 7108 7105 7097 
3 7105 7088 7097 
3 7107 7109 7096 
3 7107 7104 7109 
3 7104 7100 7109 
3 7100 7104 7097 
3 7096 7109 7099 
3 7099 7109 7100 
3 7111 7110 7103 
3 7103 7110 7104 
3 7104 7110 7105 
3 7110 7102 7105 
3 7104 7112 7103 
3 7106 7103 7112 
3 7112 7107 7106 
3 7104 7107 7112 
3 744 745 7111 
3 745 741 7111 
3 741 740 7111 
3 7111 740 7110 
3 2389 1538 7113 
3 7113 2377 2389 
3 7113 2390 2377 
3 2378 7114 2382 
3 2382 7114 7115 
3 7115 7116 2382 
3 7116 4227 4218 
3 1538 1536 7117 
3 2390 7113 7118 
3 7118 7114 2390 
3 1549 7117 1536 
3 7117 7113 1538 
3 7118 7113 7117 
3 7114 7118 7115 
3 7115 7118 7119 
3 7116 7115 7119 
3 7119 7124 7116 
3 7116 7124 4227 
3 7124 7120 4227 
3 1553 7117 1549 
3 7118 7117 7121 
3 7121 7122 7118 
3 7119 7118 7122 
3 7123 7124 7119 
3 7121 7117 7125 
3 7122 7126 7119 
3 7126 7123 7119 
3 7126 7124 7123 
3 7124 4232 7120 
3 1553 1566 7117 
3 7125 7117 1566 
3 7121 7125 7127 
3 7122 7121 7127 
3 7122 7127 7126 
3 7129 7124 7126 
3 4232 7124 7129 
3 7125 1566 7130 
3 7127 7125 7130 
3 7130 7131 7127 
3 7127 7131 7126 
3 7131 7128 7126 
3 7131 7132 7128 
3 7128 7132 7126 
3 6200 4232 7129 
3 1566 1578 7133 
3 7130 1566 7133 
3 7130 7133 7134 
3 7134 7131 7130 
3 7134 7135 7131 
3 7131 7135 7132 
3 7126 7132 7135 
3 7135 6201 7126 
3 7126 6201 7129 
3 7129 6201 6200 
3 7133 1578 1583 
3 6201 7134 7136 
3 7135 7134 6201 
3 7134 1583 1600 
3 7133 1583 7134 
3 1600 6203 7134 
3 6203 6204 7134 
3 6205 7134 6204 
3 7136 7134 6205 
3 6201 7136 6205 
3 6203 1600 1609 
3 1974 7138 1983 
3 1983 7138 7139 
3 7139 7138 7141 
3 7142 7141 7775 
3 7142 7139 7141 
3 7144 7142 7775 
3 7142 7144 7145 
3 7146 2007 7139 
3 7139 2007 1983 
3 7146 7139 7147 
3 7139 7142 7147 
3 7142 7143 7147 
3 7143 7142 7145 
3 7148 7140 7137 
3 2606 7148 7137 
3 7148 7143 7140 
3 7149 2025 2007 
3 2007 7146 7149 
3 7146 7147 7150 
3 7149 7146 7150 
3 7147 7143 7150 
3 7150 7143 7148 
3 7148 2606 7151 
3 7149 7150 7152 
3 7150 7148 7152 
3 2036 2025 7153 
3 2025 7149 7153 
3 7149 7154 7153 
3 7149 7152 7154 
3 7155 7148 7151 
3 7152 7155 7156 
3 7155 7152 7148 
3 2046 2036 7153 
3 7153 7154 7157 
3 7152 7156 7154 
3 7154 7156 7157 
3 2614 7151 2606 
3 2046 7153 7158 
3 7159 7158 7157 
3 7158 7153 7157 
3 7156 7159 7157 
3 7160 7159 7156 
3 7161 7151 2614 
3 7162 7155 7151 
3 7162 7151 7161 
3 7156 7155 7162 
3 7156 7163 7160 
3 7156 7162 7163 
3 7158 7164 2046 
3 7159 7165 7158 
3 7165 7164 7158 
3 7165 7159 7166 
3 7159 7160 7166 
3 7163 7166 7160 
3 2059 2046 7164 
3 7164 7165 7166 
3 2059 7164 2062 
3 7166 7163 7162 
3 7166 7167 7164 
3 7168 7167 7166 
3 7169 2062 7164 
3 7164 7167 7169 
3 7169 2069 2062 
3 7161 2614 7170 
3 7161 7170 7171 
3 7171 7162 7161 
3 7172 7166 7162 
3 7172 7162 7171 
3 7166 7172 7168 
3 7167 7168 7169 
3 7169 7168 7172 
3 7169 2078 2069 
3 7172 7173 7169 
3 7174 7173 7172 
3 7172 7175 7174 
3 7169 7173 2078 
3 7174 7176 7173 
3 7173 7176 2078 
3 7174 7177 7176 
3 7176 7177 2078 
3 7174 2084 7177 
3 7177 2084 2078 
3 7178 7170 2629 
3 7171 7170 7178 
3 7175 7172 7179 
3 7179 7172 7171 
3 7174 7175 7179 
3 2084 7180 2082 
3 7174 7180 2084 
3 7181 7171 7178 
3 7174 7179 7183 
3 7180 7174 7183 
3 2628 7178 2629 
3 7182 7181 7178 
3 2087 2082 7180 
3 2637 6115 2628 
3 6115 7178 2628 
3 7184 7182 7178 
3 7181 7182 7185 
3 7181 7185 7171 
3 7171 7186 7179 
3 7179 7186 7183 
3 7180 7183 7187 
3 7180 7187 2087 
3 6115 7184 7178 
3 6116 7171 7185 
3 6116 7186 7171 
3 7186 6116 6117 
3 7186 6117 7183 
3 7183 6117 7187 
3 6115 7182 7184 
3 6115 6120 7182 
3 6120 7185 7182 
3 7185 6120 6116 
3 7187 6117 2088 
3 2020 2500 2493 
3 2020 2031 2500 
3 7189 2500 2031 
3 2031 2041 7188 
3 2041 7190 7188 
3 7191 7188 7190 
3 7189 2031 7192 
3 7188 7192 2031 
3 7188 7193 7192 
3 7191 7193 7188 
3 7189 2508 2500 
3 2508 2507 2500 
3 7189 7192 2508 
3 2053 7194 2041 
3 2041 7194 7190 
3 2053 2054 7194 
3 7194 2054 7195 
3 2055 7196 7195 
3 2055 7195 2054 
3 7196 7194 7195 
3 7190 7197 7191 
3 7190 7194 7197 
3 7198 7197 7194 
3 7194 7196 7198 
3 7193 7191 7199 
3 7191 7197 7199 
3 7192 7193 7199 
3 7192 7200 2508 
3 2054 2053 2068 
3 7196 2055 2067 
3 7198 7196 7201 
3 7197 7202 7199 
3 7197 7198 7202 
3 7192 7199 7200 
3 2508 7200 2512 
3 7200 7203 2512 
3 7196 2067 7204 
3 7204 2067 2077 
3 7196 7204 7201 
3 7201 7206 7205 
3 7205 7202 7198 
3 7205 7207 7202 
3 7205 7198 7201 
3 7208 7199 7202 
3 7208 7202 7209 
3 7207 7209 7202 
3 7199 7210 7200 
3 7199 7208 7211 
3 7210 7199 7211 
3 7208 7209 7211 
3 2512 7203 7217 
3 7204 2077 7212 
3 2077 2083 7212 
3 7201 7204 7214 
3 7213 7205 7206 
3 7213 7206 7201 
3 7215 7209 7207 
3 7210 7211 7216 
3 7216 7211 7209 
3 7215 7216 7209 
3 7217 7203 7200 
3 7204 7212 7218 
3 7212 2083 7218 
3 7214 7213 7201 
3 7214 7219 7213 
3 7214 7220 7219 
3 7204 7218 7220 
3 7204 7220 7214 
3 7205 7213 7221 
3 7221 7215 7207 
3 7221 7207 7205 
3 7221 7216 7215 
3 7216 7221 7210 
3 7222 7218 2086 
3 7218 2083 2086 
3 7223 7213 7222 
3 7213 7219 7222 
3 7220 7222 7219 
3 7222 7220 7218 
3 7213 7224 7221 
3 7223 7224 7213 
3 7224 7225 7221 
3 7229 7221 7225 
3 7221 7229 7210 
3 7226 7217 7200 
3 2519 7217 7226 
3 2522 2519 7226 
3 7222 2086 7227 
3 7223 7222 7227 
3 7225 7224 7228 
3 7229 7200 7210 
3 7226 7200 7229 
3 7230 2522 7226 
3 7227 7231 7223 
3 7224 7223 7231 
3 7225 7232 7229 
3 7225 7233 7232 
3 7225 7228 7233 
3 7234 7226 7229 
3 7234 7230 7226 
3 2522 7230 2526 
3 7227 7235 7231 
3 7231 7235 7224 
3 7224 7235 7228 
3 7233 7228 7236 
3 7236 7228 7235 
3 7232 7237 7229 
3 7233 7237 7232 
3 7233 7238 7237 
3 7233 7236 7238 
3 7229 7240 7239 
3 7229 7237 7240 
3 7240 7237 7238 
3 7234 7229 7239 
3 7230 7234 7241 
3 7242 7230 7241 
3 7230 7242 2526 
3 7227 7243 7235 
3 7227 2086 7243 
3 2087 7243 2086 
3 7245 7244 7235 
3 7235 7243 7245 
3 7235 7244 7246 
3 7235 7246 7236 
3 7246 7247 7236 
3 7247 7238 7236 
3 7240 7247 7248 
3 7240 7238 7247 
3 7239 7248 7234 
3 7240 7248 7239 
3 7241 7234 7248 
3 7242 7241 7249 
3 7249 2526 7242 
3 2087 3203 7250 
3 3203 2087 7187 
3 2088 3203 7187 
3 7250 7243 2087 
3 7250 7251 7243 
3 7244 7252 7246 
3 7244 7253 7252 
3 7244 7245 7253 
3 3211 7252 7253 
3 7243 7253 7245 
3 7254 7247 7246 
3 7246 7252 3211 
3 7254 7246 3211 
3 7247 3205 7248 
3 7254 3205 7247 
3 7249 7241 3209 
3 7241 7248 3209 
3 2526 7249 7255 
3 7249 3209 7255 
3 7255 2529 2526 
3 7250 3203 3211 
3 7250 3211 7251 
3 3211 7243 7251 
3 3211 7253 7243 
3 3204 7254 3211 
3 3204 3205 7254 
3 3206 7248 3205 
3 3206 3207 7248 
3 3209 7248 3207 
3 7255 3209 2529 
3 4114 7256 7050 
3 7257 7256 5172 
3 5172 7256 4114 
3 5171 5172 4114 
3 5172 5173 7257 
3 5173 7258 7257 
3 2839 7259 5175 
3 5173 5175 7260 
3 5175 7259 7260 
3 5183 1933 5184 
3 5184 1933 5453 
3 5184 5453 5185 
3 5185 5453 5454 
3 5185 5454 5181 
3 5181 5454 5186 
3 5186 5454 3322 
3 7261 7050 7256 
3 7261 7048 7050 
3 7256 7262 7261 
3 7262 7256 7263 
3 7263 7256 7257 
3 7258 7263 7257 
3 7264 5173 7260 
3 7258 5173 7264 
3 2839 6045 7259 
3 7265 7264 7260 
3 7266 7265 7260 
3 7259 7266 7260 
3 7259 6045 7266 
3 7267 7265 7266 
3 7268 7048 7261 
3 7049 7048 7268 
3 7268 7051 7049 
3 7262 7268 7261 
3 7268 7263 7269 
3 7268 7262 7263 
3 7270 7269 7263 
3 7263 7258 7270 
3 7271 7258 7264 
3 7269 7258 7271 
3 7269 7270 7258 
3 7264 7265 7271 
3 7272 7271 7265 
3 7273 7267 7266 
3 6045 7273 7266 
3 6048 7273 6045 
3 7265 7267 7274 
3 7274 7267 7273 
3 7276 7051 7275 
3 7276 7052 7051 
3 4651 7052 7276 
3 7268 7277 7051 
3 7268 7269 7277 
3 7269 7278 7277 
3 7269 7271 7278 
3 7279 7278 7271 
3 7279 7271 7280 
3 7280 7271 7281 
3 7281 7271 7272 
3 7282 7281 7272 
3 7265 7282 7272 
3 7283 7273 6048 
3 7282 7265 7284 
3 7274 7284 7265 
3 7273 7285 7274 
3 7285 7273 7283 
3 7275 4651 7276 
3 7277 7278 7286 
3 7277 7286 7051 
3 7278 7279 7286 
3 7286 7279 7280 
3 7286 7280 7287 
3 7281 7288 7280 
3 7280 7288 7287 
3 7289 7288 7281 
3 7281 7282 7289 
3 7289 7282 7290 
3 7284 7290 7282 
3 6061 7285 7283 
3 6048 6061 7283 
3 7290 7284 7291 
3 7291 7274 7296 
3 7291 7284 7274 
3 7292 7296 7274 
3 7274 7285 7292 
3 7285 6061 7292 
3 4651 7275 6067 
3 7051 7293 7275 
3 7275 7293 6067 
3 7051 7286 7293 
3 7286 7287 7293 
3 7287 7288 7289 
3 7289 7294 7287 
3 7290 7294 7289 
3 7294 7290 7291 
3 7294 7291 7295 
3 7295 7291 7296 
3 6061 6071 7292 
3 7297 7296 7292 
3 7298 7297 7292 
3 7292 6071 7298 
3 7305 6067 7293 
3 6067 7305 6078 
3 7287 7294 7300 
3 7287 7300 7293 
3 7293 7300 7299 
3 7299 7300 7294 
3 7299 7294 7301 
3 7294 7295 7301 
3 7295 7296 7302 
3 7296 7297 7302 
3 7302 7297 7303 
3 7298 7303 7297 
3 7303 7298 7304 
3 7298 6071 7304 
3 7304 6071 6083 
3 7299 7301 7293 
3 7293 7301 7306 
3 7293 7306 7305 
3 7301 7295 7306 
3 7295 7307 7306 
3 7295 7302 7307 
3 7308 7303 7309 
3 7308 7302 7303 
3 7304 7309 7303 
3 7309 7304 7310 
3 7310 7304 6096 
3 7304 6083 6096 
3 7306 7311 7305 
3 7305 7311 6101 
3 7306 7307 7311 
3 7311 7307 6101 
3 7307 7302 7312 
3 7308 7312 7302 
3 7308 7307 7312 
3 7308 7309 7307 
3 7309 7313 7307 
3 7314 7313 7310 
3 7313 7309 7310 
3 6096 7314 7310 
3 7314 6096 6107 
3 6101 7307 6108 
3 6108 7307 7315 
3 7307 7313 7315 
3 7315 7313 7316 
3 7315 7316 6108 
3 6108 7316 6112 
3 7313 7314 7316 
3 7316 7314 6112 
3 6107 6112 7314 
3 5799 5792 4486 
3 5792 4487 4486 
3 5792 7317 4487 
3 7317 4488 4487 
3 5792 7318 7317 
3 7317 7318 4488 
3 5056 5718 5792 
3 5792 5718 7318 
3 7318 5718 5719 
3 4488 7318 1196 
3 5056 5792 5810 
3 5719 1196 7318 
3 6840 6817 7319 
3 6840 6827 6817 
3 6828 7319 6817 
3 7320 7319 6828 
3 6829 7320 6828 
3 6829 6839 7320 
3 6839 6689 7320 
3 6840 7319 7321 
3 7319 7320 7321 
3 7321 7320 7322 
3 7320 6689 7322 
3 7323 7322 6689 
3 7321 7324 6840 
3 7325 7324 7321 
3 7325 7321 7326 
3 7326 7321 7322 
3 7327 7323 6689 
3 7327 7322 7323 
3 7326 7322 7328 
3 7328 7322 7327 
3 7329 7327 6689 
3 7330 7329 6689 
3 7331 7324 7325 
3 7326 7331 7325 
3 7331 7326 7328 
3 7327 7331 7328 
3 7331 7327 7329 
3 6868 6840 7324 
3 6868 7324 7331 
3 7332 7331 7329 
3 7332 7329 7453 
3 6868 7333 6882 
3 7333 6868 7331 
3 7333 7331 7334 
3 7335 7334 7331 
3 7335 7331 7332 
3 7335 7332 7453 
3 6882 7333 6893 
3 6893 7334 7336 
3 7333 7334 6893 
3 7336 7334 6711 
3 6711 7334 7335 
3 6711 6894 7336 
3 7336 6894 6893 
3 7551 484 7337 
3 483 484 7551 
3 7338 483 7551 
3 484 7339 7337 
3 7340 7339 514 
3 7340 514 522 
3 1267 1269 7337 
3 1269 1265 7337 
3 7337 1265 7551 
3 1272 1267 7339 
3 7339 1267 7337 
3 1274 1272 7339 
3 1274 7339 7341 
3 1274 7341 1276 
3 7341 1278 1276 
3 7340 522 1278 
3 1278 7339 7340 
3 7341 7339 1278 
3 1278 522 533 
3 7345 7346 7344 
3 7347 7348 369 
3 369 7348 7342 
3 7348 7349 7342 
3 7348 7350 7349 
3 7347 7350 7348 
3 7351 7342 7349 
3 7343 7342 7351 
3 7349 7350 7351 
3 7350 7352 7351 
3 7353 7343 7351 
3 7351 7352 7353 
3 7344 7353 7345 
3 7353 7352 7345 
3 7345 7354 7346 
3 7346 7354 7355 
3 369 532 7347 
3 532 7356 7347 
3 7356 7357 7347 
3 7356 7358 7357 
3 7347 7358 7350 
3 7347 7357 7358 
3 7350 7358 7352 
3 7345 7352 7359 
3 7345 7359 7360 
3 7345 7360 7354 
3 7360 7361 7354 
3 7354 7361 7355 
3 7361 7362 7355 
3 7355 2492 5855 
3 7355 7362 2492 
3 7356 532 553 
3 7356 553 7358 
3 553 2480 7358 
3 2480 2484 7358 
3 7358 2485 7363 
3 2484 2485 7358 
3 7358 7363 7352 
3 7363 2485 7352 
3 7352 2485 2487 
3 7359 7352 2487 
3 7359 2487 7364 
3 7360 7359 7364 
3 2491 7360 7364 
3 7361 7360 2491 
3 7361 2491 7362 
3 7362 2491 2492 
3 7365 351 356 
3 7366 356 357 
3 7365 356 7366 
3 5361 352 358 
3 351 7368 354 
3 351 7365 7368 
3 352 7367 357 
3 7367 7366 357 
3 4045 354 7368 
3 7369 7365 7366 
3 7367 7369 7366 
3 352 5361 7369 
3 7369 7367 352 
3 4049 4045 7368 
3 4049 7368 7370 
3 7369 7368 7365 
3 4061 4049 7370 
3 7371 7370 7368 
3 7368 7369 7371 
3 7369 5361 5364 
3 4061 7370 7371 
3 7371 4062 4061 
3 7371 7369 7372 
3 7371 7372 4062 
3 7372 7369 5364 
3 7373 4062 7372 
3 7372 5364 5369 
3 7373 7372 5369 
3 4073 7373 5369 
3 4073 4062 7373 
3 7378 7374 7375 
3 7374 7376 7375 
3 7378 7375 6904 
3 7375 7377 6905 
3 7377 7375 7376 
3 7375 6905 6904 
3 7381 7374 7378 
3 7374 7379 7376 
3 7376 7379 6792 
3 7376 6792 6789 
3 5032 7380 7378 
3 6904 5032 7378 
3 7374 7381 7382 
3 7382 7383 7374 
3 7379 7374 7383 
3 6792 7379 7383 
3 7381 7384 7385 
3 7385 7382 7381 
3 7385 7389 7382 
3 7389 7383 7382 
3 7388 7384 7387 
3 7388 7385 7384 
3 7383 7389 7390 
3 7383 7390 7391 
3 6792 7383 7391 
3 7386 6792 7391 
3 7391 6800 7386 
3 6800 6792 7386 
3 7385 7392 7389 
3 7392 7390 7389 
3 7394 7387 7440 
3 7395 7388 7387 
3 7395 7385 7388 
3 7396 7391 7390 
3 7393 6800 7391 
3 7397 7398 7440 
3 7440 7398 7394 
3 7387 7394 7398 
3 7398 7395 7387 
3 7398 7399 7395 
3 7395 7399 7385 
3 7399 7392 7385 
3 7400 7390 7392 
3 7401 6800 7393 
3 7402 7399 7398 
3 7402 7400 7392 
3 7402 7392 7399 
3 7402 7403 7400 
3 7400 7403 7390 
3 7403 7396 7390 
3 7396 7404 7393 
3 7396 7393 7391 
3 7401 7393 7404 
3 6807 7401 7404 
3 7406 7398 7405 
3 7402 7398 7406 
3 7403 7402 7406 
3 7403 7406 7407 
3 7396 7403 7407 
3 7408 7396 7407 
3 7404 7396 7409 
3 7409 7396 7408 
3 7404 7409 6807 
3 6807 7409 6753 
3 6753 7409 6937 
3 7409 6939 6937 
3 7406 7405 7410 
3 7411 7406 7410 
3 7407 7406 7411 
3 7407 7411 7412 
3 7410 7413 7411 
3 7411 7413 6938 
3 7411 6938 7412 
3 7410 6938 7413 
3 7408 7407 7412 
3 7412 6938 7414 
3 7412 7414 6939 
3 7412 6939 7408 
3 7408 6939 7409 
3 7414 6938 6939 
3 7415 7381 7378 
3 7415 7378 7416 
3 7378 7380 7416 
3 5032 7416 7380 
3 7417 7418 7419 
3 7418 7420 7419 
3 7420 7418 7381 
3 7420 7381 7415 
3 7419 7421 7430 
3 7419 7420 7421 
3 7420 7415 7421 
3 7416 7421 7415 
3 7421 7416 7422 
3 7422 7416 5033 
3 7416 5032 5033 
3 6691 7426 7423 
3 6689 6691 7424 
3 6691 7425 7424 
3 6691 7423 7425 
3 7423 7417 7425 
3 7423 7426 7417 
3 7426 7418 7417 
3 6689 7424 7427 
3 7417 7419 7425 
3 7381 7426 7384 
3 7428 7427 7424 
3 7424 7425 7428 
3 7425 7419 7428 
3 7381 7418 7426 
3 7428 7419 7429 
3 7419 7430 7429 
3 7421 7431 7430 
3 7430 7431 7432 
3 7422 7431 7421 
3 7431 7422 7432 
3 7432 7422 5035 
3 7422 5033 5035 
3 6691 6695 7426 
3 6689 7427 7433 
3 7434 7387 7426 
3 7384 7426 7387 
3 7428 7433 7427 
3 7428 7429 7435 
3 7436 7429 7437 
3 7436 7435 7429 
3 7429 7430 7437 
3 7437 7430 7438 
3 7430 7432 7438 
3 7438 7432 5035 
3 6695 7439 7426 
3 7439 7434 7426 
3 7439 7440 7434 
3 7434 7440 7387 
3 7433 7330 6689 
3 7433 7441 7330 
3 7433 7428 7441 
3 7441 7428 7435 
3 7435 7436 7441 
3 7437 7442 7436 
3 7437 7438 7442 
3 5038 7438 5035 
3 7443 7440 7439 
3 7444 7329 7330 
3 7444 7330 7441 
3 7441 7445 7444 
3 7441 7436 7446 
3 7446 7436 7447 
3 7447 7436 7442 
3 7442 7448 7447 
3 7438 7448 7442 
3 7448 7438 5042 
3 7438 5038 5042 
3 7439 6695 6703 
3 6703 7443 7439 
3 7449 7440 7443 
3 7449 7397 7440 
3 7445 7450 7444 
3 7441 7450 7445 
3 7441 7446 7450 
3 7451 7447 7448 
3 7451 7448 5042 
3 7443 6703 7452 
3 7452 7449 7443 
3 7398 7397 7449 
3 7453 7329 7444 
3 7450 7454 7444 
3 7446 7454 7450 
3 7447 7454 7446 
3 7454 7447 7455 
3 7455 7447 7451 
3 7456 7455 7451 
3 7456 7451 5042 
3 7456 5042 5043 
3 7457 6703 6706 
3 7457 7452 6703 
3 7458 7335 7459 
3 7449 7452 7460 
3 7398 7449 7460 
3 7453 7461 7335 
3 7335 7461 7459 
3 7459 7461 7463 
3 7398 7460 7405 
3 7463 7461 7462 
3 7444 7461 7453 
3 7461 7444 7462 
3 7444 7464 7462 
3 7462 7464 7463 
3 7463 7464 7465 
3 7464 7466 7465 
3 7454 7464 7444 
3 7464 7454 7466 
3 7466 7467 7465 
3 7454 7467 7466 
3 7465 7467 7470 
3 7467 7454 7468 
3 7467 7469 7470 
3 7454 7455 7468 
3 7468 7455 7467 
3 7467 7455 7469 
3 7456 7469 7455 
3 7456 7472 7469 
3 7469 7472 7470 
3 7470 7472 7471 
3 7470 5048 6938 
3 7456 5043 7472 
3 7472 5043 7471 
3 7471 5043 7470 
3 7470 5043 5047 
3 7470 5047 5048 
3 6711 7473 6710 
3 6710 7473 7474 
3 6710 7475 7457 
3 6711 7335 7458 
3 6711 7458 7473 
3 7473 7458 7474 
3 7474 7458 6710 
3 7475 6710 7476 
3 7475 7476 7457 
3 7457 7476 7477 
3 7452 7457 7477 
3 7452 7477 7478 
3 7458 7459 6710 
3 6710 7459 7463 
3 6710 7463 7476 
3 7476 7463 7477 
3 7460 7452 7478 
3 7478 7479 7460 
3 7460 7479 7405 
3 7477 7463 7478 
3 7405 7479 7410 
3 7478 7463 7480 
3 7479 7478 7481 
3 7479 7481 7410 
3 7463 7465 7480 
3 7480 7465 7478 
3 7478 7465 7482 
3 7478 7482 7481 
3 7481 7482 7470 
3 7465 7470 7482 
3 7481 7470 7410 
3 7410 7470 6938 
3 5714 5241 5242 
3 5247 5243 7483 
3 5243 5244 7483 
3 7483 5244 5246 
3 5242 7484 5714 
3 7484 5242 7485 
3 5242 5247 7485 
3 7483 5246 7486 
3 7486 5246 2142 
3 7487 7485 5247 
3 7487 5247 7483 
3 7483 7486 7487 
3 7489 5714 7484 
3 7489 7484 7485 
3 7489 7485 7490 
3 7485 7487 7490 
3 7490 7487 7491 
3 7487 7492 7491 
3 7492 7487 7486 
3 7488 5714 7489 
3 7489 7490 7493 
3 7490 7491 7494 
3 7494 7491 7495 
3 7491 7492 7495 
3 7495 7492 7496 
3 7496 7492 4468 
3 7486 4468 7492 
3 7488 7489 7498 
3 7489 7493 7498 
3 7499 7498 7493 
3 7499 7493 7490 
3 7499 7490 7494 
3 7496 7500 7495 
3 7496 4468 7500 
3 7488 7502 7497 
3 7498 7502 7488 
3 7502 7498 7503 
3 7498 7499 7503 
3 7504 7503 7499 
3 7499 7494 7504 
3 7504 7494 7505 
3 7494 7495 7505 
3 7495 7500 7505 
3 4479 7505 7500 
3 4468 4479 7500 
3 5549 1260 7506 
3 5548 7507 5544 
3 5544 7507 4480 
3 5544 4480 4315 
3 7508 7507 5548 
3 7506 1260 7509 
3 7508 7506 7511 
3 7508 7511 7507 
3 7501 7497 7510 
3 7501 7510 1260 
3 1260 7510 7502 
3 1260 7502 7509 
3 7509 7502 7506 
3 7506 7502 7511 
3 7511 7512 7507 
3 7502 7510 7497 
3 7502 7503 7511 
3 7511 7504 7512 
3 7512 7504 7513 
3 7504 7511 7503 
3 7513 7504 7505 
3 7513 7505 7512 
3 7512 7505 7507 
3 7507 7505 4480 
3 4480 7505 4479 
3 4478 4480 4479 
3 5549 7506 7508 
3 5548 5549 7508 
3 7514 1207 5713 
3 7515 1212 1207 
3 7515 1207 7514 
3 7516 7515 7514 
3 7514 5714 7516 
3 5713 5714 7514 
3 7517 1212 7515 
3 7517 7515 7516 
3 7516 5714 7488 
3 1212 7517 1251 
3 1251 7517 7518 
3 7518 7517 7519 
3 7519 7517 7516 
3 7497 7516 7488 
3 1258 1251 7518 
3 7518 7519 1258 
3 7501 7519 7516 
3 7501 7516 7497 
3 1258 1260 1259 
3 7519 1260 1258 
3 7519 7501 1260 
3 7520 5390 5393 
3 5390 7520 5394 
3 5393 7521 7520 
3 7522 5392 5395 
3 5392 7522 7523 
3 5393 5392 7523 
3 7521 7524 7520 
3 7520 7524 5394 
3 5394 7524 5396 
3 5395 3060 1930 
3 5395 1930 1940 
3 1940 7522 5395 
3 7522 5393 7523 
3 7524 1931 5396 
3 1933 5183 5396 
3 3058 1930 3060 
3 1931 1932 5396 
3 5396 1932 1933 
3 7525 5393 7522 
3 5393 7525 1942 
3 5393 1942 7521 
3 7521 1942 7524 
3 1940 1941 7522 
3 7522 1941 7525 
3 7525 1941 1942 
3 7524 1942 1931 
3 7102 739 373 
3 740 7102 7110 
3 739 7102 740 
3 7376 7743 7377 
3 7376 6789 7743 
3 5403 5407 7526 
3 5407 7527 7526 
3 7526 7527 7528 
3 7526 7528 7529 
3 7526 2114 2110 
3 7526 2115 2114 
3 7526 7529 2115 
3 7526 2110 5226 
3 7529 2117 2115 
3 5407 7530 7527 
3 7527 7530 7531 
3 7528 7531 7532 
3 7528 7527 7531 
3 7528 7532 7533 
3 7532 7534 7533 
3 7529 7528 7533 
3 7533 2117 7529 
3 7533 7534 2117 
3 7534 7535 2117 
3 7534 2121 7535 
3 2117 7535 2116 
3 7535 2121 2116 
3 2121 7534 7536 
3 7536 6581 2121 
3 6581 1610 2121 
3 5407 5414 7530 
3 5414 7537 7530 
3 7530 7537 7531 
3 7532 7531 4285 
3 4285 7538 7532 
3 7534 7532 7538 
3 7538 4288 7534 
3 4288 7536 7534 
3 7536 4288 6581 
3 5414 4282 7537 
3 4282 4284 7537 
3 7537 4284 7531 
3 7531 4284 4285 
3 7538 4285 4286 
3 4286 4288 7538 
3 7542 7539 6454 
3 7539 7540 6454 
3 7540 6445 6454 
3 7540 7541 6445 
3 7541 6455 6447 
3 483 7542 6454 
3 6447 6445 7541 
3 7543 7540 7539 
3 7543 7541 7540 
3 7543 717 7541 
3 717 6455 7541 
3 7539 7542 7543 
3 7542 7551 7543 
3 7551 7542 7338 
3 7542 483 7338 
3 7547 7544 7543 
3 7544 7545 7543 
3 7545 717 7543 
3 7545 721 717 
3 7551 7546 7543 
3 7543 7546 7547 
3 7548 7549 7547 
3 7549 7552 7547 
3 7544 7547 7552 
3 7552 7550 7544 
3 7544 7550 7545 
3 7550 729 7545 
3 7545 729 721 
3 7546 7551 7548 
3 7547 7546 7548 
3 5576 5574 5577 
3 5575 5577 7552 
3 5577 5574 7552 
3 7552 5574 735 
3 7548 5579 5580 
3 5580 5578 7548 
3 5575 7549 5578 
3 7549 7548 5578 
3 7552 7549 5575 
3 735 7550 7552 
3 729 7550 735 
3 7551 1265 5579 
3 7548 7551 5579 
3 5820 5829 7553 
3 5001 5820 5286 
3 5820 7554 5286 
3 5820 7553 7554 
3 7553 5829 7554 
3 5829 7555 7554 
3 7554 7555 7556 
3 7555 5829 5839 
3 7555 5839 7557 
3 7554 5307 5286 
3 7556 5307 7554 
3 7557 7556 7555 
3 7557 7558 7556 
3 7556 7558 5307 
3 7557 5307 7558 
3 5290 5307 7559 
3 5295 5290 7559 
3 5307 7561 7559 
3 5307 7560 7561 
3 7562 5295 7559 
3 7559 7561 7562 
3 7561 7560 7562 
3 5295 7562 5299 
3 7562 5308 5299 
3 7562 7560 5308 
3 7560 7563 5308 
3 7557 5839 7564 
3 7557 7565 5307 
3 7557 7564 7565 
3 7560 5307 7565 
3 7566 7567 7565 
3 7563 7560 7565 
3 7565 7567 7563 
3 7567 7568 7563 
3 7568 7569 7563 
3 7563 7569 5308 
3 5308 7570 5095 
3 5308 7569 7570 
3 5308 5095 5094 
3 7570 5096 5095 
3 7569 5096 7570 
3 5839 5852 7564 
3 5852 7571 7564 
3 7564 7571 7572 
3 7571 7574 7572 
3 7565 7564 7572 
3 7572 7574 7573 
3 7574 7575 7573 
3 7576 7565 7572 
3 7566 7565 7576 
3 7572 7573 7576 
3 7573 7577 7576 
3 7573 7575 7577 
3 7576 7567 7566 
3 7567 7576 7568 
3 7576 7577 7568 
3 7577 7575 7568 
3 7575 7578 7568 
3 7578 7569 7568 
3 7579 7569 7578 
3 5096 7569 5100 
3 5100 7569 7579 
3 7571 5852 7580 
3 5852 5859 7580 
3 5859 7581 7580 
3 7574 7571 7580 
3 7581 7582 7580 
3 7580 7582 7574 
3 7574 7582 7583 
3 7574 7583 7575 
3 7575 7583 7578 
3 7583 7584 7578 
3 7583 7585 7584 
3 7578 7584 7586 
3 7584 7585 7586 
3 7578 7586 7579 
3 7586 5100 7579 
3 7581 5859 5866 
3 7581 7587 7582 
3 7582 7587 7583 
3 7583 7587 7588 
3 7588 7590 7583 
3 7583 7590 7585 
3 7591 7586 7590 
3 7590 7586 7585 
3 7586 7591 2094 
3 7586 5119 5100 
3 7586 2094 5119 
3 7581 5866 2089 
3 2089 2090 7581 
3 2091 7587 7581 
3 7581 2090 2091 
3 7588 7587 2091 
3 7589 2091 2092 
3 7589 7588 2091 
3 7589 2093 7588 
3 7589 2092 2093 
3 7588 2093 7590 
3 7591 2093 2094 
3 7591 7590 2093 
3 2094 1529 5119 
3 7031 7593 7035 
3 4238 7592 7037 
3 7035 7593 7594 
3 1682 7595 1677 
3 7596 4238 1677 
3 7595 7596 1677 
3 7592 4238 7596 
3 7596 7037 7592 
3 7596 7598 7037 
3 7598 7034 7037 
3 7598 7593 7034 
3 7593 7031 7034 
3 7593 7603 7594 
3 7594 7603 7035 
3 7599 7035 7603 
3 7028 7035 7599 
3 7028 7599 5767 
3 1689 7595 1682 
3 7595 7600 7596 
3 7600 7595 1689 
3 7597 7596 7600 
3 7600 7601 7597 
3 7597 7602 7598 
3 7597 7598 7596 
3 7604 7599 7603 
3 7599 7604 5767 
3 1692 7605 1689 
3 7605 7606 1689 
3 7607 7600 7606 
3 7600 1689 7606 
3 7601 7600 7607 
3 7597 7601 7602 
3 7593 7598 7602 
3 7601 7603 7593 
3 7602 7601 7593 
3 7604 7603 7608 
3 7604 5768 5767 
3 5767 5768 4708 
3 1692 7609 7605 
3 7609 7606 7605 
3 7606 7609 7610 
3 7607 7606 7610 
3 7601 7607 7610 
3 7611 7603 7601 
3 7608 7603 7611 
3 7612 7604 7608 
3 5768 7604 7612 
3 1695 7613 1692 
3 7613 7609 1692 
3 7610 7614 7601 
3 7614 7615 7601 
3 7615 7611 7601 
3 7615 7612 7611 
3 7612 7608 7611 
3 7612 7616 5768 
3 7616 5771 5768 
3 7613 7610 7609 
3 7615 7614 7617 
3 7612 7615 7617 
3 7616 5804 5771 
3 1698 7613 1695 
3 1698 7610 7613 
3 7610 7618 7614 
3 7618 3843 7614 
3 3843 7617 7614 
3 3843 7612 7617 
3 7612 7619 7616 
3 7619 5804 7616 
3 1702 3841 1698 
3 3841 7610 1698 
3 3841 3842 7610 
3 3842 7618 7610 
3 3842 3843 7618 
3 3843 3844 7612 
3 3844 7619 7612 
3 3844 5804 7619 
3 332 6194 7620 
3 332 7620 7621 
3 333 332 7621 
3 333 4744 331 
3 7622 6194 5982 
3 7622 7620 6194 
3 6195 6198 7623 
3 6196 6195 7623 
3 6197 6199 7624 
3 7624 6199 334 
3 6198 6197 7624 
3 7624 334 335 
3 7625 7620 7622 
3 7621 7620 7625 
3 7621 7625 333 
3 333 7625 7626 
3 4744 333 7626 
3 7627 7625 7622 
3 7626 4747 4744 
3 5982 6196 7622 
3 7622 6196 7628 
3 6196 7623 7629 
3 7629 7628 6196 
3 7630 7623 6198 
3 7624 7630 6198 
3 335 7631 7624 
3 335 7632 7631 
3 335 339 7632 
3 7632 339 71 
3 7627 7633 7625 
3 7625 7633 7626 
3 7633 7634 7626 
3 7634 4747 7626 
3 7627 7622 7633 
3 7635 7622 7628 
3 7630 7629 7623 
3 7624 7631 7630 
3 7632 7637 7631 
3 7631 7637 7630 
3 7630 7637 7636 
3 71 7637 7632 
3 7637 71 72 
3 7638 7633 7622 
3 7635 7639 7622 
3 7639 7638 7622 
3 7639 7635 7628 
3 7639 7628 7640 
3 7640 7628 7629 
3 7641 7629 7630 
3 7636 7641 7630 
3 7637 72 7636 
3 7633 7642 7634 
3 7634 7642 4747 
3 7643 7638 7639 
3 7638 7643 7633 
3 7644 7639 7640 
3 7640 7629 7641 
3 72 74 7636 
3 7636 74 7641 
3 7639 7645 7643 
3 7639 7644 7645 
3 7646 7641 78 
3 78 7641 74 
3 7633 7647 7642 
3 7647 4751 7642 
3 7642 4751 4747 
3 7633 7643 7648 
3 7649 7643 7645 
3 7650 7645 7644 
3 7650 7649 7645 
3 7651 7640 7652 
3 7652 7640 7641 
3 7652 7641 7646 
3 7652 7646 7653 
3 7653 7646 78 
3 7647 7633 7648 
3 7649 7648 7643 
3 7644 7649 7650 
3 7640 7654 7649 
3 7640 7649 7644 
3 7654 7640 7651 
3 7651 7652 7654 
3 78 82 7653 
3 82 7652 7653 
3 7655 7648 7649 
3 7655 7656 7648 
3 7648 7656 7647 
3 7647 7656 4751 
3 7655 7649 7657 
3 7649 7658 7657 
3 7649 7654 7658 
3 7652 7659 7654 
3 4756 4751 7656 
3 7655 7660 7656 
3 7655 7657 7660 
3 7658 7654 7657 
3 7661 7654 7659 
3 82 7659 7652 
3 4756 7656 7660 
3 7662 7657 7654 
3 7657 7662 7660 
3 7661 7663 7654 
3 7662 7654 7663 
3 7663 7661 7664 
3 7659 7664 7661 
3 7660 4760 4756 
3 7660 7662 4760 
3 7662 7665 4760 
3 7662 7663 7665 
3 7664 4763 7663 
3 7665 7663 4763 
3 7659 95 7664 
3 4760 7665 4763 
3 7664 95 4763 
3 95 7666 4763 
3 95 102 7666 
3 4763 7666 3985 
3 3985 7666 102 
3 4273 5932 4256 
3 3576 3944 7667 
3 616 6621 3097 
3 3576 7667 7668 
3 7669 6621 6620 
3 6621 7669 3097 
3 7667 3944 7670 
3 7668 7669 6620 
3 7668 7671 7669 
3 3097 7669 3098 
3 3098 7669 3095 
3 7672 7667 7670 
3 7667 7672 7668 
3 7668 7672 7671 
3 7673 7669 7671 
3 3095 7669 3099 
3 3099 7669 7673 
3 7671 7674 7673 
3 7673 7674 3099 
3 3099 7674 7675 
3 3099 7675 3096 
3 3100 3099 3096 
3 3096 7675 3101 
3 7675 7676 3101 
3 7676 1428 3101 
3 3576 7668 6633 
3 6633 7668 6632 
3 6632 7668 6620 
3 7672 7670 3952 
3 7672 3952 3954 
3 7677 7672 3954 
3 7672 7677 7671 
3 7677 3954 7671 
3 7679 7678 7671 
3 7674 7671 7678 
3 7674 7678 7679 
3 7671 3954 7681 
3 7681 3954 7680 
3 7671 7681 7679 
3 3954 3955 7680 
3 7679 7681 7674 
3 3955 7682 7680 
3 7674 7681 7675 
3 7680 7682 7681 
3 7681 1442 7675 
3 7681 7682 1440 
3 7681 1440 1441 
3 7681 1441 1442 
3 7675 1442 1428 
3 7676 7675 1428 
3 3955 3981 7682 
3 7682 3981 1440 
3 2424 7683 651 
3 651 7683 655 
3 655 7685 671 
3 7684 7685 655 
3 684 671 7685 
3 655 7686 7684 
3 691 684 7685 
3 7685 7688 691 
3 7684 7688 7685 
3 691 7688 693 
3 7684 7689 7688 
3 7686 7689 7684 
3 7686 7687 7689 
3 7687 7690 7689 
3 7691 696 693 
3 693 7688 7692 
3 7692 7688 7689 
3 693 7692 7691 
3 7689 7693 7692 
3 7693 7689 7694 
3 7694 7689 7690 
3 7694 7690 7695 
3 7692 7696 7691 
3 7692 7693 7697 
3 7693 7694 7698 
3 7694 7695 7698 
3 709 705 7691 
3 7691 705 696 
3 709 7691 7699 
3 7691 7696 7699 
3 7696 7692 7697 
3 7693 7698 7700 
3 7693 7700 7697 
3 7700 7698 7701 
3 7698 7695 7701 
3 7695 7702 7701 
3 7703 709 7699 
3 7699 7704 7703 
3 7696 7704 7699 
3 7696 7697 7704 
3 7697 7700 7704 
3 7701 7702 7705 
3 7705 7706 7701 
3 709 7703 2426 
3 2426 7703 2427 
3 7703 2428 2427 
3 7704 2428 7703 
3 2428 7704 2429 
3 2429 7704 7707 
3 2429 7707 2430 
3 7707 7704 2430 
3 7704 7700 2430 
3 2430 7700 2431 
3 7701 2431 7700 
3 2431 7701 7706 
3 2431 7706 2432 
3 7706 2433 2432 
3 2433 7706 2434 
3 284 286 4390 
3 7708 295 285 
3 7708 285 284 
3 284 4390 7708 
3 7708 4389 4403 
3 4390 4389 7708 
3 302 300 301 
3 295 7708 302 
3 7708 7710 7709 
3 7710 7708 4403 
3 4418 7710 4403 
3 300 7711 308 
3 7711 302 7712 
3 7711 300 302 
3 302 7708 7712 
3 7712 7709 7710 
3 7708 7709 7712 
3 7714 7710 4418 
3 308 7713 312 
3 7713 308 7711 
3 7711 7712 7713 
3 7714 7712 7710 
3 4426 7714 4418 
3 315 312 7718 
3 312 7713 7718 
3 7712 7715 7718 
3 7713 7712 7718 
3 7716 7715 7712 
3 7716 7712 7714 
3 4431 7714 4422 
3 7714 4426 4422 
3 315 7717 318 
3 7717 315 7718 
3 7718 7715 7716 
3 7718 7716 7719 
3 7719 7716 7714 
3 4431 7719 7714 
3 318 7717 7720 
3 7720 7717 7718 
3 7718 7721 7720 
3 7719 7722 7721 
3 7721 7718 7719 
3 7719 7723 7722 
3 7719 7724 7723 
3 7719 4431 7724 
3 7724 4431 4436 
3 318 7720 327 
3 327 7720 7725 
3 7720 7721 7725 
3 7725 7721 7722 
3 7723 7724 7722 
3 7725 952 327 
3 7722 3508 7725 
3 7724 3506 3508 
3 7724 3508 7722 
3 7724 3507 3506 
3 7724 4436 2288 
3 2288 3507 7724 
3 7726 4959 4960 
3 7726 4960 4956 
3 7727 4959 7728 
3 4959 7726 7728 
3 7726 4961 7729 
3 4956 4961 7726 
3 7726 7729 7730 
3 4961 4964 7729 
3 4964 7730 7729 
3 7727 4967 4959 
3 7731 4967 7727 
3 7728 7731 7727 
3 7728 7726 7732 
3 7730 4028 7726 
3 4028 7732 7726 
3 7730 4964 4028 
3 7733 4967 7740 
3 4966 4967 7733 
3 7741 7740 7731 
3 4967 7731 7740 
3 7731 7728 7734 
3 7735 7734 7737 
3 7737 7734 7736 
3 7734 4030 7736 
3 7737 7736 4029 
3 7736 4030 4029 
3 7734 7728 4030 
3 7728 7732 4030 
3 7732 4028 4030 
3 4968 7733 7740 
3 4966 7733 4968 
3 7738 7741 7731 
3 7734 7738 7731 
3 7735 7738 7734 
3 7739 7738 7735 
3 7737 7739 7735 
3 4033 7739 7737 
3 7737 4029 4033 
3 1709 7741 7738 
3 1709 7738 7739 
3 7742 7739 1711 
3 4033 4039 1711 
3 7739 4033 1711 
3 5654 4968 7740 
3 7741 1706 1705 
3 7740 7741 1705 
3 7741 1707 1706 
3 1707 7741 1708 
3 1708 7741 1709 
3 1709 7739 7742 
3 1709 7742 1711 
3 6789 4274 7744 
3 7743 7744 7745 
3 4274 4258 7744 
3 7745 7744 7746 
3 7744 4258 7747 
3 4258 4259 7747 
3 7744 7747 7746 
3 7747 4259 7746 
3 4259 4263 7746 
3 7746 4263 7748 
3 7746 7748 7749 
3 4263 7749 7748 
3 4275 7746 7749 
3 7749 4263 4275 
3 7744 7743 6789 
3 4274 6789 4277 
3 6904 6905 7377 
3 6906 6904 7377 
3 7745 7377 7743 
3 7745 6906 7377 
3 6908 6906 7745 
3 7745 7750 6908 
3 7745 7746 7750 
3 6908 7750 6909 
3 6909 7750 6910 
3 7750 7746 6910 
3 7746 7751 6910 
3 7746 4275 7751 
3 6915 6910 7751 
3 7751 4275 6915 
3 6426 7752 6438 
3 6437 7753 6425 
3 6425 7753 6426 
3 7753 7754 6426 
3 7754 7755 6426 
3 7756 7752 6426 
3 7757 6438 7752 
3 7752 7756 7757 
3 6453 6439 6438 
3 7757 6453 6438 
3 716 7758 6455 
3 6455 7758 7753 
3 7753 7758 7759 
3 7754 7753 7759 
3 7755 7754 7759 
3 7756 6426 7755 
3 7757 7760 6459 
3 7757 7756 7760 
3 6459 6453 7757 
3 7755 7759 7761 
3 7761 7762 7755 
3 6467 7760 7763 
3 6467 6459 7760 
3 7763 7765 7764 
3 7760 7765 7763 
3 7756 7764 7765 
3 7756 7755 7764 
3 7755 7762 7764 
3 7756 7765 7760 
3 7758 716 715 
3 715 720 7758 
3 720 7766 7759 
3 7758 720 7759 
3 7766 7767 7759 
3 7767 7761 7759 
3 7768 7761 7767 
3 6467 7764 7769 
3 6467 7763 7764 
3 7764 7762 7769 
3 7768 7762 7761 
3 7768 7769 7762 
3 726 7770 720 
3 720 7770 7766 
3 7766 7771 7767 
3 6467 7769 7772 
3 7768 7772 7769 
3 7768 7773 7772 
3 7773 7768 7767 
3 7771 7773 7767 
3 725 733 726 
3 7774 7766 7770 
3 6478 6467 7775 
3 6467 7776 7775 
3 7774 7771 7766 
3 7776 6467 7772 
3 7773 7776 7772 
3 7776 7773 7771 
3 7137 726 733 
3 1974 6479 7138 
3 7770 726 7137 
3 6477 6478 6479 
3 6479 6478 7138 
3 7770 7137 7140 
3 7775 7138 6478 
3 7138 7775 7141 
3 7140 7143 7770 
3 7143 7774 7770 
3 7774 7143 7145 
3 7144 7775 7776 
3 7144 7776 7145 
3 7776 7771 7145 
3 7145 7771 7774 
3 1617 4904 1618 
3 4904 7777 1618 
3 4904 7778 7777 
3 4904 4908 7778 
3 4908 4906 7778 
3 4906 7779 7778 
3 4906 659 7779 
3 659 662 7779 
3 1618 7777 1623 
3 7777 7778 7780 
3 7778 7779 7780 
3 7777 7780 1623 
3 662 668 7779 
3 7779 668 7781 
3 7781 7780 7779 
3 7781 668 7782 
3 7780 7783 1623 
3 7780 7781 7783 
3 1623 7783 1633 
3 7783 7784 1633 
3 7783 7781 7784 
3 7781 7782 7784 
3 7782 680 7784 
3 7784 7785 1633 
3 7785 7784 7786 
3 1633 7787 1641 
3 7785 7786 7788 
3 7788 7786 7790 
3 7786 7784 7790 
3 680 690 7784 
3 7784 690 7790 
3 1633 7785 7787 
3 7787 7785 7789 
3 1641 7787 1645 
3 7787 7789 1645 
3 7789 7785 1645 
3 1645 7785 7791 
3 7788 7791 7785 
3 1652 1645 7792 
3 7792 1645 7791 
3 7788 7790 7791 
3 1652 7792 1658 
3 7790 695 7793 
3 7790 690 695 
3 7793 7792 7791 
3 7790 7793 7791 
3 1658 7792 7794 
3 1673 1658 1672 
3 1672 1658 7795 
3 7795 7794 7796 
3 7795 1658 7794 
3 7792 7796 7794 
3 7796 7792 7798 
3 7792 7793 7798 
3 4926 1672 4928 
3 4928 1672 7797 
3 1672 7795 7797 
3 7795 7796 7797 
3 7797 7796 7798 
3 695 702 7793 
3 702 7798 7793 
3 4928 7797 4930 
3 4930 7797 7799 
3 4930 7799 7800 
3 7799 7797 7798 
3 7799 7798 7800 
3 7800 7798 7801 
3 7801 7798 706 
3 706 7798 702 
3 7800 7801 4930 
3 4930 7801 4931 
3 7801 710 4931 
3 710 7801 711 
3 7801 706 711 
3 3572 3571 3556 
3 3570 3573 7802 
3 3570 7802 3571 
3 7804 3556 3571 
3 7804 3571 7803 
3 3573 3571 7802 
3 3574 7804 7805 
3 3574 4856 3566 
3 3573 4642 7806 
3 3571 3573 7806 
3 7803 3571 7806 
3 4642 7807 7806 
3 7807 7803 7806 
3 7804 7803 7807 
3 7804 7807 7805 
3 7805 4865 3574 
3 3574 4865 4856 
3 7807 4642 4647 
3 4647 4649 7807 
3 7807 4870 7805 
3 7805 4870 4865 
3 4870 4649 7808 
3 4649 4870 7807 
3 4878 7808 4649 
3 4870 7808 4878 
3 7809 7810 3633 
3 7810 3622 3633 
3 7810 7809 3622 
3 7809 4970 3622 
3 7812 7814 7809 
3 7814 7811 7809 
3 7811 7053 7809 
3 7812 7809 3660 
3 7809 7053 4970 
3 7809 3633 3660 
3 7815 7814 7053 
3 7813 7814 7812 
3 7814 7815 7811 
3 7815 7053 7811 
3 7812 3660 3671 
3 7818 7059 7053 
3 7816 7813 7819 
3 7816 7814 7813 
3 7816 7817 7814 
3 7817 7818 7814 
3 7818 7053 7814 
3 7812 7819 7813 
3 7819 3671 7820 
3 3671 7819 7812 
3 7820 3671 3679 
3 7821 7822 7824 
3 7824 7822 7818 
3 7822 7823 7818 
3 7823 7067 7818 
3 7824 7817 7816 
3 7818 7817 7824 
3 7059 7818 7067 
3 7816 7819 7825 
3 4239 7825 4240 
3 4240 7825 7819 
3 7820 4240 7819 
3 7820 3679 4240 
3 7828 7826 7824 
3 7827 7821 7824 
3 7827 7824 7826 
3 7828 7824 7829 
3 7842 7822 7821 
3 7067 7823 7075 
3 7075 7823 7822 
3 7830 7829 7816 
3 7829 7824 7816 
3 7831 7830 7832 
3 7832 7830 7833 
3 7816 7833 7830 
3 4241 7831 7825 
3 7831 7832 7825 
3 7816 7825 7833 
3 7825 7832 7833 
3 4239 4241 7825 
3 7826 7834 7839 
3 7826 7839 7827 
3 7839 7835 7827 
3 7835 7841 7827 
3 7826 7828 7834 
3 7821 7827 7841 
3 7842 7821 7841 
3 7836 7834 4247 
3 7834 7830 4247 
3 7834 7828 7830 
3 7828 7829 7830 
3 7090 7822 7842 
3 7075 7822 7090 
3 7831 4241 4247 
3 7830 7831 4247 
3 7837 7834 4251 
3 7837 7838 7834 
3 4251 7834 7836 
3 7839 7834 7838 
3 7835 7839 7840 
3 7840 7841 7835 
3 4251 7836 4253 
3 4247 4253 7836 
3 4251 4256 7837 
3 4256 7843 7837 
3 7838 7837 7843 
3 7839 7838 7844 
3 7840 7839 7844 
3 7842 7841 7840 
3 7842 7840 7111 
3 7842 7111 7090 
3 5932 5931 4256 
3 7843 4256 5931 
3 7845 7838 7843 
3 7838 7846 7840 
3 7844 7838 7840 
3 7846 7847 7840 
3 7840 7847 7111 
3 5933 7843 5931 
3 7845 7843 5933 
3 6174 7845 5933 
3 7845 6174 7838 
3 5937 7838 6174 
3 7846 7838 5937 
3 5937 6175 7846 
3 7846 6175 7847 
3 6175 744 7111 
3 7847 6175 7111 
3 7848 7849 431 
3 7848 7851 7850 
3 3925 7848 7850 
3 7849 7848 3925 
3 431 7849 3925 
3 3925 7850 7855 
3 7852 7853 7851 
3 7855 7850 7854 
3 7855 7856 3925 
3 3933 3925 7856 
3 7852 7857 7853 
3 7851 7853 7858 
3 7850 7851 7858 
3 7858 7854 7850 
3 7856 7859 3933 
3 3933 7859 3938 
3 7853 7857 7860 
3 7853 7860 7858 
3 7855 7854 4842 
3 7856 7855 7859 
3 7859 7855 4845 
3 3938 7859 4845 
3 4839 7860 1746 
3 4839 4840 7860 
3 4840 7858 7860 
3 4840 4841 7858 
3 4841 7854 7858 
3 4841 4842 7854 
3 4843 4844 4842 
3 4844 7855 4842 
3 4844 4845 7855 
3 3132 3938 4845 
3 7861 396 7862 
3 398 7863 7865 
3 7865 7864 398 
3 396 7861 397 
3 7861 7863 397 
3 7863 398 397 
3 7861 7867 7866 
3 7866 7868 7861 
3 7868 7870 7869 
3 7868 7848 7870 
3 7871 7867 7862 
3 7867 7861 7862 
3 7861 7868 7863 
3 7868 7869 7864 
3 7868 7865 7863 
3 7868 7864 7865 
3 7871 7862 396 
3 7864 7869 425 
3 7870 431 7869 
3 7870 7848 431 
3 396 424 7871 
3 398 7864 425 
3 7869 431 425 
3 7872 7873 7868 
3 7868 7873 7874 
3 7872 7868 7875 
3 7868 7866 7875 
3 7874 7851 7868 
3 7851 7848 7868 
3 7876 7866 7867 
3 7867 7871 7876 
3 7871 424 7876 
3 7878 7877 7873 
3 7877 7879 7874 
3 7877 7874 7873 
3 7874 7879 7851 
3 7880 7881 7875 
3 7878 7872 7875 
3 7878 7875 7881 
3 7873 7872 7878 
3 7866 7876 7880 
3 7875 7866 7880 
3 7876 424 7882 
3 7877 7883 7879 
3 7883 7884 7879 
3 7884 7851 7879 
3 7878 7881 7886 
3 7885 7878 7886 
3 7877 7878 7885 
3 7880 7887 7886 
3 7881 7880 7886 
3 7880 7876 7887 
3 440 7882 424 
3 7889 7888 7883 
3 7883 7888 7884 
3 7888 7852 7884 
3 7877 7889 7883 
3 7884 7852 7851 
3 7885 7886 7890 
3 7877 7885 7889 
3 7887 7876 7891 
3 7891 7876 7892 
3 7892 7876 7882 
3 7888 7889 7893 
3 7857 7852 7888 
3 7890 7894 7885 
3 7893 7889 7885 
3 7893 7885 7894 
3 7886 7895 7890 
3 7896 7895 7887 
3 7887 7895 7886 
3 7891 7897 7896 
3 7896 7887 7891 
3 7897 7891 7892 
3 7888 7893 7898 
3 7898 7860 7888 
3 7860 7857 7888 
3 7893 7894 7899 
3 7890 1748 7899 
3 7894 7890 7899 
3 7890 7895 1748 
3 7896 1751 7900 
3 7895 7896 7900 
3 7897 1752 7896 
3 1752 7897 7892 
3 7892 7882 1752 
3 1752 7882 440 
3 7893 1744 7898 
3 7898 1744 1745 
3 7898 1745 7860 
3 1745 1746 7860 
3 7893 7899 1744 
3 7899 1747 1744 
3 1747 7899 1748 
3 1750 1748 7895 
3 1751 7895 7900 
3 1750 7895 1751 
3 7896 1752 1751 
3 1753 1752 440 
3 3948 2956 845 
3 7905 2593 2423 
3 2591 7901 2423 
3 2589 7902 2588 
3 2585 7902 2589 
3 2590 7903 2585 
3 2590 7904 7903 
3 2590 2594 7904 
3 7683 2424 2593 
3 7906 2591 2588 
3 7903 7902 2585 
3 655 7683 2593 
3 7907 2423 7901 
3 2591 7906 7901 
3 7908 7906 2588 
3 2588 7902 7908 
3 7902 7909 7908 
3 7902 7910 7909 
3 7910 7902 7903 
3 7911 7904 2594 
3 655 2593 7905 
3 7905 2423 7907 
3 7907 7912 7905 
3 7912 7907 7901 
3 7908 7901 7906 
3 7913 7908 7909 
3 7910 7903 7914 
3 7903 7904 7914 
3 7904 7911 7914 
3 7911 2905 7914 
3 2905 7911 2594 
3 655 7905 7915 
3 7912 7915 7905 
3 7919 7915 7912 
3 7908 7912 7901 
3 7908 7916 7912 
3 7917 7909 7910 
3 7910 7914 7917 
3 7918 7914 2905 
3 655 7919 7686 
3 7915 7919 655 
3 7916 7919 7912 
3 7908 7919 7916 
3 7919 7908 7913 
3 7909 7920 7913 
3 7920 7909 7917 
3 7918 7917 7914 
3 7919 7687 7686 
3 7921 7919 7913 
3 7920 7921 7913 
3 7922 7920 7917 
3 7918 7923 7917 
3 2914 7918 2905 
3 7919 7690 7687 
3 7690 7919 7921 
3 7921 7920 7924 
3 7924 7920 7922 
3 7917 7924 7922 
3 7924 7917 7923 
3 2914 7923 7918 
3 7690 7926 7925 
3 7926 7690 7927 
3 7927 7690 7921 
3 7927 7921 7928 
3 7928 7921 7929 
3 7929 7921 7924 
3 7929 7924 7930 
3 7930 7924 7931 
3 7932 7924 7923 
3 7932 7923 2914 
3 7695 7690 7925 
3 7926 7695 7925 
3 7695 7927 7928 
3 7926 7927 7695 
3 7930 7933 7929 
3 7931 7933 7930 
3 7924 7933 7931 
3 7933 7924 7934 
3 7924 7932 7934 
3 7932 2914 7934 
3 7934 2914 2928 
3 7936 7695 7928 
3 7929 7936 7928 
3 2928 7935 7934 
3 7936 7929 7937 
3 7938 7937 7929 
3 7933 7938 7929 
3 7934 7938 7933 
3 7938 7934 7939 
3 7934 7935 7939 
3 7695 7705 7702 
3 7695 7936 7705 
3 7705 7936 7940 
3 7936 7937 7941 
3 7941 7942 7936 
3 7941 7937 7943 
3 7942 7941 7943 
3 7937 7944 7943 
3 7943 7944 7945 
3 7944 7937 7938 
3 7946 7944 7938 
3 7939 7946 7938 
3 7944 7946 7945 
3 7945 7946 7947 
3 7948 7946 7939 
3 7947 7946 7948 
3 7935 7948 7939 
3 2928 7949 7935 
3 7949 2928 2937 
3 7705 7940 7706 
3 7706 7940 7950 
3 7940 7936 7951 
3 7940 7951 7950 
3 7951 7936 7942 
3 7942 7943 7945 
3 7947 7952 7945 
3 7947 7948 7952 
3 7952 7948 7953 
3 7948 7935 7953 
3 7935 7949 7953 
3 7949 2937 2947 
3 7706 7950 2434 
3 2434 7950 2441 
3 2441 7951 5715 
3 7950 7951 2441 
3 7942 5715 7951 
3 7942 3945 5715 
3 7954 3945 7942 
3 3945 7954 3946 
3 7945 7954 7942 
3 7945 7952 7954 
3 7954 7952 7955 
3 7954 7955 3946 
3 3946 7955 3948 
3 7955 7952 3948 
3 7953 7956 7952 
3 7952 7956 3948 
3 7953 7949 7956 
3 7956 7949 7957 
3 7956 7957 3948 
3 7957 7949 2956 
3 3948 7957 2956 
3 7949 2947 2956 
3 6400 6397 7958 
3 6397 6401 7958 
3 6408 6400 6409 
3 7958 6409 6400 
3 6401 6420 7958 
3 7958 6420 6409 
3 6401 6410 6406 
3 6420 6401 6406 
3 7074 7087 5003 
3 7087 5830 5003 
3 5831 7959 5832 
3 7959 5833 5832 
3 7088 7960 7089 
3 7960 7962 7089 
3 7960 7961 7962 
3 7961 7963 7962 
3 7961 7964 7963 
3 7963 7968 7962 
3 7963 7965 7968 
3 7963 7964 7965 
3 7089 7962 7967 
3 7962 7968 7967 
3 7964 7966 7965 
3 7089 7967 7094 
3 7965 7966 7970 
3 7094 7967 7973 
3 7967 7968 7973 
3 7968 7972 7973 
3 7972 7974 7973 
3 7972 7968 7974 
3 7968 7965 7974 
3 7965 7975 7969 
3 7965 7970 7975 
3 7970 7966 7976 
3 7966 7971 7976 
3 7094 7973 7086 
3 7973 7977 7086 
3 7973 7978 7977 
3 7973 7974 7978 
3 7965 7979 7974 
3 7965 7969 7979 
3 7969 7975 7979 
3 7086 7977 7980 
3 7977 7978 7980 
3 7087 7086 7980 
3 7978 7983 7980 
3 7980 7983 7087 
3 7087 7983 7981 
3 7983 7982 7981 
3 7983 7959 7982 
3 7984 7959 7983 
3 7981 5830 7087 
3 7982 5830 7981 
3 5831 5830 7982 
3 7982 7959 5831 
3 5833 7959 7984 
3 7984 5840 5833 
3 373 368 7960 
3 368 360 7960 
3 360 7961 7960 
3 360 361 7961 
3 361 369 7961 
3 361 365 369 
3 365 367 369 
3 373 7960 7088 
3 7961 369 7964 
3 369 7987 7964 
3 7987 7988 7964 
3 7987 7989 7988 
3 7989 7342 7343 
3 7964 7988 7966 
3 7989 7343 7988 
3 7343 7353 7988 
3 7971 7966 7988 
3 7988 7353 7971 
3 7353 7344 7971 
3 7971 7344 7976 
3 7976 7344 7990 
3 7344 7346 7990 
3 7991 7978 7974 
3 7976 7975 7970 
3 7992 7975 7976 
3 7976 7990 7992 
3 7978 7991 7983 
3 7991 7974 7983 
3 7979 7993 7974 
3 7993 7983 7974 
3 7979 7975 7994 
3 7975 7992 7994 
3 7984 7983 7995 
3 7983 7993 7995 
3 7985 7995 7979 
3 7995 7993 7979 
3 7979 7994 7985 
3 7994 5848 7985 
3 7994 7992 5848 
3 7995 5840 7984 
3 7985 5846 7995 
3 5840 7995 5846 
3 7986 5846 7985 
3 5847 5846 7986 
3 7985 5847 7986 
3 7985 5848 5847 
3 7987 369 7996 
3 369 7342 7996 
3 7989 7987 7996 
3 7989 7996 7342 
3 7355 7990 7346 
3 7992 7997 5848 
3 7998 7997 7992 
3 7990 7998 7992 
3 7999 7998 7990 
3 7990 7355 7999 
3 5854 5848 7997 
3 5855 5854 7998 
3 7998 5854 7997 
3 7998 7999 5855 
3 7999 7355 5855 
